0.5 0.5 0.5 0.5 0.5 0.5 0.5 0.5 0.5 0.5 0.5 0.5 0.5 0.5 0.5 0.5 0.5 0.5 0.5 0.5 0.5 0.5 0.5 0.5 0.5 0.5 0.5 0.5 0.5 0.5 0.5 0.5 0.5 0.5 0.5 0.5 0.5 0.5 0.5 0.5 0.5 0.5 0.5 0.5 0.5 0.5 0.5 0.5 0.5 0.5 0.5 0.5 0.5 0.5 0.5 0.5 0.5 0.5 0.5 0.5 0.5 0.5 0.5 0.5 0.5 0.5 0.5 0.5 0.5 0.5 0.5 0.5 0.5 0.5 0.5 0.5 0.5 0.5 0.5 0.5 0.5 0.5 0.5 0.5 0.5 0.5 0.5 0.5 0.5 0.5 0.5 0.5 0.5 0.5 0.5 0.5 0.5 0.5 0.5 0.5 0.5 0.5 0.5 0.5 0.5 0.5 0.5 0.5 0.5 0.5 0.5 0.5 0.5 0.5 0.5 0.5 0.5 0.5 0.5 0.5 0.5 0.5 0.5 0.5 0.5 0.5 0.5 0.5 0.5 0.5 0.5 0.5 0.5 0.5 0.5 0.5 0.5 0.5 0.5 0.5 0.5 0.5 0.5 0.5 0.5 0.5 0.5 0.5 0.5 0.5 0.5 0.5 0.5 0.5 0.5 0.5 0.5 0.5 0.5 0.5 0.5 0.5 0.5 0.5 0.5 0.5 0.5 0.5 0.5 0.5 0.5 0.5 0.5 0.5 0.5 0.5 0.5 0.5 0.5 0.5 0.5 0.5 0.5 0.5 0.5 0.5 0.5 0.5 0.5 0.5 0.5 0.5 0.5 0.5 0.5 0.5 0.5 0.5 0.5 0.5 0.5 0.5 0.5 0.5 0.5 0.5 0.5 0.5 0.5 0.5 0.5 0.5 0.5 0.5 0.5 0.5 0.5 0.5 0.5 0.5 0.5 0.5 0.5 0.5 0.5 0.5 0.5 0.5 0.5 0.5 0.5 0.5 0.5 0.5 0.5 0.5 0.5 0.5 0.5 0.5 0.5 0.5 0.5 0.5 0.5 0.5 0.5 0.5 0.5 0.5 0.5 0.5 0.5 0.5 0.5 0.5 0.5 0.5 0.5 0.5 0.5 0.5 0.5 0.5 0.5 0.5 0.5 0.5 0.5 0.5 0.5 0.5 0.5 0.5 0.5 0.5 0.5 0.5 0.5 0.5 0.5 0.5 0.5 0.5 0.5 0.5 0.5 0.5 0.5 0.5 0.5 0.5 0.5 0.5 0.5 0.5 0.5 0.5 0.5 0.5 
0.5 0.5 0.5 0.5 0.5 0.5 0.5 0.5 0.5 0.5 0.5 0.5 0.5 0.5 0.5 0.5 0.5 0.5 0.5 0.5 0.5 0.5 0.5 0.5 0.5 0.5 0.5 0.5 0.5 0.5 0.5 0.5 0.5 0.5 0.5 0.5 0.5 0.5 0.5 0.5 0.5 0.5 0.5 0.5 0.5 0.5 0.5 0.5 0.5 0.5 0.5 0.5 0.5 0.5 0.5 0.5 0.5 0.5 0.5 0.5 0.5 0.5 0.5 0.5 0.5 0.5 0.5 0.5 0.5 0.5 0.5 0.5 0.5 0.5 0.5 0.5 0.5 0.5 0.5 0.5 0.5 0.5 0.5 0.5 0.5 0.5 0.5 0.5 0.5 0.5 0.5 0.5 0.5 0.5 0.5 0.5 0.5 0.5 0.5 0.5 0.5 0.5 0.5 0.5 0.5 0.5 0.5 0.5 0.5 0.5 0.5 0.5 0.5 0.5 0.5 0.5 0.5 0.5 0.5 0.5 0.5 0.5 0.5 0.5 0.5 0.5 0.5 0.5 0.5 0.5 0.5 0.5 0.5 0.5 0.5 0.5 0.5 0.5 0.5 0.5 0.5 0.5 0.5 0.5 0.5 0.5 0.5 0.5 0.5 0.5 0.5 0.5 0.5 0.5 0.5 0.5 0.5 0.5 0.5 0.5 0.5 0.5 0.5 0.5 0.5 0.5 0.5 0.5 0.5 0.5 0.5 0.5 0.5 0.5 0.5 0.5 0.5 0.5 0.5 0.5 0.5 0.5 0.5 0.5 0.5 0.5 0.5 0.5 0.5 0.5 0.5 0.5 0.5 0.5 0.5 0.5 0.5 0.5 0.5 0.5 0.5 0.5 0.5 0.5 0.5 0.5 0.5 0.5 0.5 0.5 0.5 0.5 0.5 0.5 0.5 0.5 0.5 0.5 0.5 0.5 0.5 0.5 0.5 0.5 0.5 0.5 0.5 0.5 0.5 0.5 0.5 0.5 0.5 0.5 0.5 0.5 0.5 0.5 0.5 0.5 0.5 0.5 0.5 0.5 0.5 0.5 0.5 0.5 0.5 0.5 0.5 0.5 0.5 0.5 0.5 0.5 0.5 0.5 0.5 0.5 0.5 0.5 0.5 0.5 0.5 0.5 0.5 0.5 0.5 0.5 0.5 0.5 0.5 0.5 0.5 0.5 0.5 0.5 0.5 0.5 0.5 0.5 0.5 0.5 0.5 0.5 0.5 0.5 0.5 0.5 0.5 0.5 0.5 0.5 0.5 0.5 0.5 0.5 0.5 0.5 
0.5 0.5 0.5 0.5 0.5 0.5 0.5 0.5 0.5 0.5 0.5 0.5 0.5 0.5 0.5 0.5 0.5 0.5 0.5 0.5 0.5 0.5 0.5 0.5 0.5 0.5 0.5 0.5 0.5 0.5 0.5 0.5 0.5 0.5 0.5 0.5 0.5 0.5 0.5 0.5 0.5 0.5 0.5 0.5 0.5 0.5 0.5 0.5 0.5 0.5 0.5 0.5 0.5 0.5 0.5 0.5 0.5 0.5 0.5 0.5 0.5 0.5 0.5 0.5 0.5 0.5 0.5 0.5 0.5 0.5 0.5 0.5 0.5 0.5 0.5 0.5 0.5 0.5 0.5 0.5 0.5 0.5 0.5 0.5 0.5 0.5 0.5 0.5 0.5 0.5 0.5 0.5 0.5 0.5 0.5 0.5 0.5 0.5 0.5 0.5 0.5 0.5 0.5 0.5 0.5 0.5 0.5 0.5 0.5 0.5 0.5 0.5 0.5 0.5 0.5 0.5 0.5 0.5 0.5 0.5 0.5 0.5 0.5 0.5 0.5 0.5 0.5 0.5 0.5 0.5 0.5 0.5 0.5 0.5 0.5 0.5 0.5 0.5 0.5 0.5 0.5 0.5 0.5 0.5 0.5 0.5 0.5 0.5 0.5 0.5 0.5 0.5 0.5 0.5 0.5 0.5 0.5 0.5 0.5 0.5 0.5 0.5 0.5 0.5 0.5 0.5 0.5 0.5 0.5 0.5 0.5 0.5 0.5 0.5 0.5 0.5 0.5 0.5 0.5 0.5 0.5 0.5 0.5 0.5 0.5 0.5 0.5 0.5 0.5 0.5 0.5 0.5 0.5 0.5 0.5 0.5 0.5 0.5 0.5 0.5 0.5 0.5 0.5 0.5 0.5 0.5 0.5 0.5 0.5 0.5 0.5 0.5 0.5 0.5 0.5 0.5 0.5 0.5 0.5 0.5 0.5 0.5 0.5 0.5 0.5 0.5 0.5 0.5 0.5 0.5 0.5 0.5 0.5 0.5 0.5 0.5 0.5 0.5 0.5 0.5 0.5 0.5 0.5 0.5 0.5 0.5 0.5 0.5 0.5 0.5 0.5 0.5 0.5 0.5 0.5 0.5 0.5 0.5 0.5 0.5 0.5 0.5 0.5 0.5 0.5 0.5 0.5 0.5 0.5 0.5 0.5 0.5 0.5 0.5 0.5 0.5 0.5 0.5 0.5 0.5 0.5 0.5 0.5 0.5 0.5 0.5 0.5 0.5 0.5 0.5 0.5 0.5 0.5 0.5 0.5 0.5 0.5 0.5 0.5 0.5 
0.5 0.5 0.5 0.5 0.5 0.5 0.5 0.5 0.5 0.5 0.5 0.5 0.5 0.5 0.5 0.5 0.5 0.5 0.5 0.5 0.5 0.5 0.5 0.5 0.5 0.5 0.5 0.5 0.5 0.5 0.5 0.5 0.5 0.5 0.5 0.5 0.5 0.5 0.5 0.5 0.5 0.5 0.5 0.5 0.5 0.5 0.5 0.5 0.5 0.5 0.5 0.5 0.5 0.5 0.5 0.5 0.5 0.5 0.5 0.5 0.5 0.5 0.5 0.5 0.5 0.5 0.5 0.5 0.5 0.5 0.5 0.5 0.5 0.5 0.5 0.5 0.5 0.5 0.5 0.5 0.5 0.5 0.5 0.5 0.5 0.5 0.5 0.5 0.5 0.5 0.5 0.5 0.5 0.5 0.5 0.5 0.5 0.5 0.5 0.5 0.5 0.5 0.5 0.5 0.5 0.5 0.5 0.5 0.5 0.5 0.5 0.5 0.5 0.5 0.5 0.5 0.5 0.5 0.5 0.5 0.5 0.5 0.5 0.5 0.5 0.5 0.5 0.5 0.5 0.5 0.5 0.5 0.5 0.5 0.5 0.5 0.5 0.5 0.5 0.5 0.5 0.5 0.5 0.5 0.5 0.5 0.5 0.5 0.5 0.5 0.5 0.5 0.5 0.5 0.5 0.5 0.5 0.5 0.5 0.5 0.5 0.5 0.5 0.5 0.5 0.5 0.5 0.5 0.5 0.5 0.5 0.5 0.5 0.5 0.5 0.5 0.5 0.5 0.5 0.5 0.5 0.5 0.5 0.5 0.5 0.5 0.5 0.5 0.5 0.5 0.5 0.5 0.5 0.5 0.5 0.5 0.5 0.5 0.5 0.5 0.5 0.5 0.5 0.5 0.5 0.5 0.5 0.5 0.5 0.5 0.5 0.5 0.5 0.5 0.5 0.5 0.5 0.5 0.5 0.5 0.5 0.5 0.5 0.5 0.5 0.5 0.5 0.5 0.5 0.5 0.5 0.5 0.5 0.5 0.5 0.5 0.5 0.5 0.5 0.5 0.5 0.5 0.5 0.5 0.5 0.5 0.5 0.5 0.5 0.5 0.5 0.5 0.5 0.5 0.5 0.5 0.5 0.5 0.5 0.5 0.5 0.5 0.5 0.5 0.5 0.5 0.5 0.5 0.5 0.5 0.5 0.5 0.5 0.5 0.5 0.5 0.5 0.5 0.5 0.5 0.5 0.5 0.5 0.5 0.5 0.5 0.5 0.5 0.5 0.5 0.5 0.5 0.5 0.5 0.5 0.5 0.5 0.5 0.5 0.5 
0.5 0.5 0.5 0.5 0.5 0.5 0.5 0.5 0.5 0.5 0.5 0.5 0.5 0.5 0.5 0.5 0.5 0.5 0.5 0.5 0.5 0.5 0.5 0.5 0.5 0.5 0.5 0.5 0.5 0.5 0.5 0.5 0.5 0.5 0.5 0.5 0.5 0.5 0.5 0.5 0.5 0.5 0.5 0.5 0.5 0.5 0.5 0.5 0.5 0.5 0.5 0.5 0.5 0.5 0.5 0.5 0.5 0.5 0.5 0.5 0.5 0.5 0.5 0.5 0.5 0.5 0.5 0.5 0.5 0.5 0.5 0.5 0.5 0.5 0.5 0.5 0.5 0.5 0.5 0.5 0.5 0.5 0.5 0.5 0.5 0.5 0.5 0.5 0.5 0.5 0.5 0.5 0.5 0.5 0.5 0.5 0.5 0.5 0.5 0.5 0.5 0.5 0.5 0.5 0.5 0.5 0.5 0.5 0.5 0.5 0.5 0.5 0.5 0.5 0.5 0.5 0.5 0.5 0.5 0.5 0.5 0.5 0.5 0.5 0.5 0.5 0.5 0.5 0.5 0.5 0.5 0.5 0.5 0.5 0.5 0.5 0.5 0.5 0.5 0.5 0.5 0.5 0.5 0.5 0.5 0.5 0.5 0.5 0.5 0.5 0.5 0.5 0.5 0.5 0.5 0.5 0.5 0.5 0.5 0.5 0.5 0.5 0.5 0.5 0.5 0.5 0.5 0.5 0.5 0.5 0.5 0.5 0.5 0.5 0.5 0.5 0.5 0.5 0.5 0.5 0.5 0.5 0.5 0.5 0.5 0.5 0.5 0.5 0.5 0.5 0.5 0.5 0.5 0.5 0.5 0.5 0.5 0.5 0.5 0.5 0.5 0.5 0.5 0.5 0.5 0.5 0.5 0.5 0.5 0.5 0.5 0.5 0.5 0.5 0.5 0.5 0.5 0.5 0.5 0.5 0.5 0.5 0.5 0.5 0.5 0.5 0.5 0.5 0.5 0.5 0.5 0.5 0.5 0.5 0.5 0.5 0.5 0.5 0.5 0.5 0.5 0.5 0.5 0.5 0.5 0.5 0.5 0.5 0.5 0.5 0.5 0.5 0.5 0.5 0.5 0.5 0.5 0.5 0.5 0.5 0.5 0.5 0.5 0.5 0.5 0.5 0.5 0.5 0.5 0.5 0.5 0.5 0.5 0.5 0.5 0.5 0.5 0.5 0.5 0.5 0.5 0.5 0.5 0.5 0.5 0.5 0.5 0.5 0.5 0.5 0.5 0.5 0.5 0.5 0.5 0.5 0.5 0.5 0.5 0.5 
0.5 0.5 0.5 0.5 0.5 0.5 0.5 0.5 0.5 0.5 0.5 0.5 0.5 0.5 0.5 0.5 0.5 0.5 0.5 0.5 0.5 0.5 0.5 0.5 0.5 0.5 0.5 0.5 0.5 0.5 0.5 0.5 0.5 0.5 0.5 0.5 0.5 0.5 0.5 0.5 0.5 0.5 0.5 0.5 0.5 0.5 0.5 0.5 0.5 0.5 0.5 0.5 0.5 0.5 0.5 0.5 0.5 0.5 0.5 0.5 0.5 0.5 0.5 0.5 0.5 0.5 0.5 0.5 0.5 0.5 0.5 0.5 0.5 0.5 0.5 0.5 0.5 0.5 0.5 0.5 0.5 0.5 0.5 0.5 0.5 0.5 0.5 0.5 0.5 0.5 0.5 0.5 0.5 0.5 0.5 0.5 0.5 0.5 0.5 0.5 0.5 0.5 0.5 0.5 0.5 0.5 0.5 0.5 0.5 0.5 0.5 0.5 0.5 0.5 0.5 0.5 0.5 0.5 0.5 0.5 0.5 0.5 0.5 0.5 0.5 0.5 0.5 0.5 0.5 0.5 0.5 0.5 0.5 0.5 0.5 0.5 0.5 0.5 0.5 0.5 0.5 0.5 0.5 0.5 0.5 0.5 0.5 0.5 0.5 0.5 0.5 0.5 0.5 0.5 0.5 0.5 0.5 0.5 0.5 0.5 0.5 0.5 0.5 0.5 0.5 0.5 0.5 0.5 0.5 0.5 0.5 0.5 0.5 0.5 0.5 0.5 0.5 0.5 0.5 0.5 0.5 0.5 0.5 0.5 0.5 0.5 0.5 0.5 0.5 0.5 0.5 0.5 0.5 0.5 0.5 0.5 0.5 0.5 0.5 0.5 0.5 0.5 0.5 0.5 0.5 0.5 0.5 0.5 0.5 0.5 0.5 0.5 0.5 0.5 0.5 0.5 0.5 0.5 0.5 0.5 0.5 0.5 0.5 0.5 0.5 0.5 0.5 0.5 0.5 0.5 0.5 0.5 0.5 0.5 0.5 0.5 0.5 0.5 0.5 0.5 0.5 0.5 0.5 0.5 0.5 0.5 0.5 0.5 0.5 0.5 0.5 0.5 0.5 0.5 0.5 0.5 0.5 0.5 0.5 0.5 0.5 0.5 0.5 0.5 0.5 0.5 0.5 0.5 0.5 0.5 0.5 0.5 0.5 0.5 0.5 0.5 0.5 0.5 0.5 0.5 0.5 0.5 0.5 0.5 0.5 0.5 0.5 0.5 0.5 0.5 0.5 0.5 0.5 0.5 0.5 0.5 0.5 0.5 0.5 0.5 
0.5 0.5 0.5 0.5 0.5 0.5 0.5 0.5 0.5 0.5 0.5 0.5 0.5 0.5 0.5 0.5 0.5 0.5 0.5 0.5 0.5 0.5 0.5 0.5 0.5 0.5 0.5 0.5 0.5 0.5 0.5 0.5 0.5 0.5 0.5 0.5 0.5 0.5 0.5 0.5 0.5 0.5 0.5 0.5 0.5 0.5 0.5 0.5 0.5 0.5 0.5 0.5 0.5 0.5 0.5 0.5 0.5 0.5 0.5 0.5 0.5 0.5 0.5 0.5 0.5 0.5 0.5 0.5 0.5 0.5 0.5 0.5 0.5 0.5 0.5 0.5 0.5 0.5 0.5 0.5 0.5 0.5 0.5 0.5 0.5 0.5 0.5 0.5 0.5 0.5 0.5 0.5 0.5 0.5 0.5 0.5 0.5 0.5 0.5 0.5 0.5 0.5 0.5 0.5 0.5 0.5 0.5 0.5 0.5 0.5 0.5 0.5 0.5 0.5 0.5 0.5 0.5 0.5 0.5 0.5 0.5 0.5 0.5 0.5 0.5 0.5 0.5 0.5 0.5 0.5 0.5 0.5 0.5 0.5 0.5 0.5 0.5 0.5 0.5 0.5 0.5 0.5 0.5 0.5 0.5 0.5 0.5 0.5 0.5 0.5 0.5 0.5 0.5 0.5 0.5 0.5 0.5 0.5 0.5 0.5 0.5 0.5 0.5 0.5 0.5 0.5 0.5 0.5 0.5 0.5 0.5 0.5 0.5 0.5 0.5 0.5 0.5 0.5 0.5 0.5 0.5 0.5 0.5 0.5 0.5 0.5 0.5 0.5 0.5 0.5 0.5 0.5 0.5 0.5 0.5 0.5 0.5 0.5 0.5 0.5 0.5 0.5 0.5 0.5 0.5 0.5 0.5 0.5 0.5 0.5 0.5 0.5 0.5 0.5 0.5 0.5 0.5 0.5 0.5 0.5 0.5 0.5 0.5 0.5 0.5 0.5 0.5 0.5 0.5 0.5 0.5 0.5 0.5 0.5 0.5 0.5 0.5 0.5 0.5 0.5 0.5 0.5 0.5 0.5 0.5 0.5 0.5 0.5 0.5 0.5 0.5 0.5 0.5 0.5 0.5 0.5 0.5 0.5 0.5 0.5 0.5 0.5 0.5 0.5 0.5 0.5 0.5 0.5 0.5 0.5 0.5 0.5 0.5 0.5 0.5 0.5 0.5 0.5 0.5 0.5 0.5 0.5 0.5 0.5 0.5 0.5 0.5 0.5 0.5 0.5 0.5 0.5 0.5 0.5 0.5 0.5 0.5 0.5 0.5 0.5 
0.5 0.5 0.5 0.5 0.5 0.5 0.5 0.5 0.5 0.5 0.5 0.5 0.5 0.5 0.5 0.5 0.5 0.5 0.5 0.5 0.5 0.5 0.5 0.5 0.5 0.5 0.5 0.5 0.5 0.5 0.5 0.5 0.5 0.5 0.5 0.5 0.5 0.5 0.5 0.5 0.5 0.5 0.5 0.5 0.5 0.5 0.5 0.5 0.5 0.5 0.5 0.5 0.5 0.5 0.5 0.5 0.5 0.5 0.5 0.5 0.5 0.5 0.5 0.5 0.5 0.5 0.5 0.5 0.5 0.5 0.5 0.5 0.5 0.5 0.5 0.5 0.5 0.5 0.5 0.5 0.5 0.5 0.5 0.5 0.5 0.5 0.5 0.5 0.5 0.5 0.5 0.5 0.5 0.5 0.5 0.5 0.5 0.5 0.5 0.5 0.5 0.5 0.5 0.5 0.5 0.5 0.5 0.5 0.5 0.5 0.5 0.5 0.5 0.5 0.5 0.5 0.5 0.5 0.5 0.5 0.5 0.5 0.5 0.5 0.5 0.5 0.5 0.5 0.5 0.5 0.5 0.5 0.5 0.5 0.5 0.5 0.5 0.5 0.5 0.5 0.5 0.5 0.5 0.5 0.5 0.5 0.5 0.5 0.5 0.5 0.5 0.5 0.5 0.5 0.5 0.5 0.5 0.5 0.5 0.5 0.5 0.5 0.5 0.5 0.5 0.5 0.5 0.5 0.5 0.5 0.5 0.5 0.5 0.5 0.5 0.5 0.5 0.5 0.5 0.5 0.5 0.5 0.5 0.5 0.5 0.5 0.5 0.5 0.5 0.5 0.5 0.5 0.5 0.5 0.5 0.5 0.5 0.5 0.5 0.5 0.5 0.5 0.5 0.5 0.5 0.5 0.5 0.5 0.5 0.5 0.5 0.5 0.5 0.5 0.5 0.5 0.5 0.5 0.5 0.5 0.5 0.5 0.5 0.5 0.5 0.5 0.5 0.5 0.5 0.5 0.5 0.5 0.5 0.5 0.5 0.768525 0.916827 0.916827 0.916827 0.916827 0.991837 0.993307 0.916827 0.973403 0.768525 0.5 0.5 0.5 0.5 0.5 0.5 0.5 0.5 0.5 0.5 0.5 0.5 0.5 0.5 0.5 0.5 0.5 0.5 0.5 0.5 0.5 0.5 0.5 0.5 0.5 0.5 0.5 0.5 0.5 0.5 0.5 0.5 0.5 0.5 0.5 0.5 0.5 0.5 0.5 0.5 0.5 0.5 0.5 0.5 0.5 0.5 0.5 0.5 0.5 0.5 0.5 0.5 0.5 0.5 0.5 
0.5 0.5 0.5 0.5 0.5 0.5 0.5 0.5 0.5 0.5 0.5 0.5 0.5 0.5 0.5 0.5 0.5 0.5 0.5 0.5 0.5 0.5 0.5 0.5 0.5 0.5 0.5 0.5 0.5 0.5 0.5 0.5 0.5 0.5 0.5 0.5 0.5 0.5 0.5 0.5 0.5 0.5 0.5 0.5 0.5 0.5 0.5 0.5 0.5 0.5 0.5 0.5 0.5 0.5 0.5 0.5 0.5 0.5 0.5 0.5 0.5 0.5 0.5 0.5 0.5 0.5 0.5 0.5 0.5 0.5 0.5 0.5 0.5 0.5 0.5 0.5 0.5 0.5 0.5 0.5 0.5 0.5 0.5 0.5 0.5 0.5 0.5 0.5 0.5 0.5 0.5 0.5 0.5 0.5 0.5 0.5 0.5 0.5 0.5 0.5 0.5 0.5 0.5 0.5 0.5 0.5 0.5 0.5 0.5 0.5 0.5 0.5 0.5 0.5 0.5 0.5 0.5 0.5 0.5 0.5 0.5 0.5 0.5 0.5 0.5 0.5 0.5 0.5 0.5 0.5 0.5 0.5 0.5 0.5 0.5 0.5 0.5 0.5 0.5 0.5 0.5 0.5 0.5 0.5 0.5 0.5 0.5 0.5 0.5 0.5 0.5 0.5 0.5 0.5 0.5 0.5 0.5 0.5 0.5 0.5 0.5 0.5 0.5 0.5 0.5 0.5 0.5 0.5 0.5 0.5 0.5 0.5 0.5 0.5 0.5 0.5 0.5 0.5 0.5 0.5 0.5 0.5 0.5 0.5 0.5 0.5 0.5 0.5 0.5 0.5 0.5 0.5 0.5 0.5 0.5 0.5 0.5 0.5 0.5 0.5 0.5 0.5 0.5 0.5 0.5 0.5 0.5 0.5 0.5 0.5 0.5 0.5 0.5 0.5 0.5 0.5 0.5 0.5 0.5 0.5 0.5 0.5 0.5 0.5 0.5 0.5 0.5 0.5 0.5 0.5 0.916827 0.5 0.5 0.5 0.768525 0.993307 0.993307 0.993307 0.993307 0.993307 0.993307 0.993307 0.993307 0.993307 0.993307 0.973403 0.5 0.5 0.5 0.5 0.5 0.5 0.5 0.5 0.5 0.5 0.5 0.5 0.5 0.5 0.5 0.5 0.5 0.5 0.5 0.5 0.5 0.5 0.5 0.5 0.5 0.5 0.5 0.5 0.5 0.5 0.5 0.5 0.5 0.5 0.5 0.5 0.5 0.5 0.5 0.5 0.5 0.5 0.5 0.5 0.5 0.5 0.5 0.5 0.5 0.5 0.5 0.5 0.5 0.5 
0.5 0.5 0.5 0.5 0.5 0.5 0.5 0.5 0.5 0.5 0.5 0.5 0.5 0.5 0.5 0.5 0.5 0.5 0.5 0.5 0.5 0.5 0.5 0.5 0.5 0.5 0.5 0.5 0.5 0.5 0.5 0.5 0.5 0.5 0.5 0.5 0.5 0.5 0.5 0.5 0.5 0.5 0.5 0.5 0.5 0.5 0.5 0.5 0.5 0.5 0.5 0.5 0.5 0.5 0.5 0.5 0.5 0.5 0.5 0.5 0.5 0.5 0.5 0.5 0.5 0.5 0.5 0.5 0.5 0.5 0.5 0.5 0.5 0.5 0.5 0.5 0.5 0.5 0.5 0.5 0.5 0.5 0.5 0.5 0.5 0.5 0.5 0.5 0.5 0.5 0.5 0.5 0.5 0.5 0.5 0.5 0.5 0.5 0.5 0.5 0.5 0.5 0.5 0.5 0.5 0.5 0.5 0.5 0.5 0.5 0.5 0.5 0.5 0.5 0.5 0.5 0.5 0.5 0.5 0.5 0.5 0.5 0.5 0.5 0.5 0.5 0.5 0.5 0.5 0.5 0.5 0.5 0.5 0.5 0.5 0.5 0.5 0.5 0.5 0.5 0.5 0.5 0.5 0.5 0.5 0.5 0.5 0.5 0.5 0.5 0.5 0.5 0.5 0.5 0.5 0.5 0.5 0.5 0.5 0.5 0.5 0.5 0.5 0.5 0.5 0.5 0.5 0.5 0.5 0.5 0.5 0.5 0.5 0.5 0.5 0.5 0.5 0.5 0.5 0.5 0.5 0.5 0.5 0.5 0.5 0.5 0.5 0.5 0.5 0.5 0.5 0.5 0.5 0.5 0.5 0.5 0.5 0.5 0.5 0.5 0.5 0.5 0.5 0.5 0.5 0.5 0.5 0.5 0.5 0.5 0.5 0.5 0.5 0.5 0.5 0.5 0.5 0.5 0.5 0.5 0.5 0.5 0.5 0.5 0.5 0.5 0.5 0.5 0.5 0.991837 0.993307 0.993307 0.993307 0.993307 0.993307 0.985226 0.987872 0.00669285 0.00669285 0.00669285 0.00669285 0.00669285 0.026597 0.167982 0.167982 0.645656 0.5 0.5 0.5 0.5 0.5 0.5 0.5 0.5 0.5 0.5 0.5 0.5 0.5 0.5 0.5 0.5 0.5 0.5 0.5 0.5 0.5 0.5 0.5 0.5 0.5 0.5 0.5 0.5 0.5 0.5 0.5 0.5 0.5 0.5 0.5 0.5 0.5 0.5 0.5 0.5 0.5 0.5 0.5 0.5 0.5 0.5 0.5 0.5 0.5 0.5 0.5 0.5 0.5 0.5 
0.5 0.5 0.5 0.5 0.5 0.5 0.5 0.5 0.5 0.5 0.5 0.5 0.5 0.5 0.5 0.5 0.5 0.5 0.5 0.5 0.5 0.5 0.5 0.5 0.5 0.5 0.5 0.5 0.5 0.5 0.5 0.5 0.5 0.5 0.5 0.5 0.5 0.5 0.5 0.5 0.5 0.5 0.5 0.5 0.5 0.5 0.5 0.5 0.5 0.5 0.5 0.5 0.5 0.5 0.5 0.5 0.5 0.5 0.5 0.5 0.5 0.5 0.5 0.5 0.5 0.5 0.5 0.5 0.5 0.5 0.5 0.5 0.5 0.5 0.5 0.5 0.5 0.5 0.5 0.5 0.5 0.5 0.5 0.5 0.5 0.5 0.5 0.5 0.5 0.5 0.5 0.5 0.5 0.5 0.5 0.5 0.5 0.5 0.5 0.5 0.5 0.5 0.5 0.5 0.5 0.5 0.5 0.5 0.5 0.5 0.5 0.5 0.5 0.5 0.5 0.5 0.5 0.5 0.5 0.5 0.5 0.5 0.5 0.5 0.5 0.5 0.5 0.5 0.5 0.5 0.5 0.5 0.5 0.5 0.5 0.5 0.5 0.5 0.5 0.5 0.5 0.5 0.5 0.5 0.5 0.5 0.5 0.5 0.5 0.5 0.5 0.5 0.5 0.5 0.5 0.5 0.5 0.5 0.5 0.5 0.5 0.5 0.5 0.5 0.5 0.5 0.5 0.5 0.5 0.5 0.5 0.5 0.5 0.5 0.5 0.5 0.5 0.5 0.5 0.5 0.5 0.5 0.5 0.5 0.5 0.5 0.5 0.5 0.5 0.5 0.5 0.5 0.5 0.5 0.5 0.5 0.5 0.5 0.5 0.5 0.5 0.5 0.5 0.5 0.5 0.5 0.5 0.5 0.5 0.5 0.5 0.5 0.5 0.5 0.5 0.5 0.5 0.5 0.5 0.5 0.5 0.5 0.5 0.5 0.5 0.5 0.5 0.993307 0.993307 0.993307 0.993307 0.0218813 0.0121284 0.00669285 0.0099518 0.00669285 0.00669285 0.00669285 0.00669285 0.00669285 0.00669285 0.00669285 0.0179862 0.450166 0.268941 0.450166 0.5 0.5 0.5 0.5 0.5 0.5 0.5 0.5 0.5 0.5 0.5 0.5 0.5 0.5 0.5 0.5 0.5 0.5 0.5 0.5 0.5 0.5 0.5 0.5 0.5 0.5 0.5 0.5 0.5 0.5 0.5 0.5 0.5 0.5 0.5 0.5 0.5 0.5 0.5 0.5 0.5 0.5 0.5 0.5 0.5 0.5 0.5 0.5 0.5 0.5 0.5 0.5 0.5 0.5 
0.5 0.5 0.5 0.5 0.5 0.5 0.5 0.5 0.5 0.5 0.5 0.5 0.5 0.5 0.5 0.5 0.5 0.5 0.5 0.5 0.5 0.5 0.5 0.5 0.5 0.5 0.5 0.5 0.5 0.5 0.5 0.5 0.5 0.5 0.5 0.5 0.5 0.5 0.5 0.5 0.5 0.5 0.5 0.5 0.5 0.5 0.5 0.5 0.5 0.5 0.5 0.5 0.5 0.5 0.5 0.5 0.5 0.5 0.5 0.5 0.5 0.5 0.5 0.5 0.5 0.5 0.5 0.5 0.5 0.5 0.5 0.5 0.5 0.5 0.5 0.5 0.5 0.5 0.5 0.5 0.5 0.5 0.5 0.5 0.5 0.5 0.5 0.5 0.5 0.5 0.5 0.5 0.5 0.5 0.5 0.5 0.5 0.5 0.5 0.5 0.5 0.5 0.5 0.5 0.5 0.5 0.5 0.5 0.5 0.5 0.5 0.5 0.5 0.5 0.5 0.5 0.5 0.5 0.5 0.5 0.5 0.5 0.5 0.5 0.5 0.5 0.5 0.5 0.5 0.5 0.5 0.5 0.5 0.5 0.5 0.5 0.5 0.5 0.5 0.5 0.5 0.5 0.5 0.5 0.5 0.5 0.5 0.5 0.5 0.5 0.5 0.5 0.5 0.5 0.5 0.5 0.5 0.5 0.5 0.5 0.5 0.5 0.5 0.5 0.5 0.5 0.5 0.5 0.5 0.5 0.5 0.5 0.5 0.5 0.5 0.5 0.5 0.5 0.5 0.5 0.5 0.5 0.5 0.5 0.5 0.5 0.5 0.5 0.5 0.5 0.5 0.5 0.5 0.5 0.5 0.5 0.5 0.5 0.5 0.5 0.5 0.5 0.5 0.5 0.5 0.5 0.5 0.5 0.5 0.5 0.5 0.5 0.5 0.5 0.5 0.5 0.5 0.5 0.5 0.5 0.5 0.768525 0.993307 0.993307 0.993307 0.993307 0.993307 0.993307 0.0179862 0.00669285 0.0179862 0.00669285 0.0121284 0.00669285 0.00669285 0.00669285 0.00669285 0.00669285 0.00669285 0.00669285 0.00669285 0.026597 0.167982 0.354344 0.598688 0.5 0.5 0.5 0.5 0.5 0.5 0.5 0.5 0.5 0.5 0.5 0.5 0.5 0.5 0.5 0.5 0.5 0.5 0.5 0.5 0.5 0.5 0.5 0.5 0.5 0.5 0.5 0.5 0.5 0.5 0.5 0.5 0.5 0.5 0.5 0.5 0.5 0.5 0.5 0.5 0.5 0.5 0.5 0.5 0.5 0.5 0.5 0.5 0.5 0.5 0.5 0.5 0.5 0.5 0.5 
0.5 0.5 0.5 0.5 0.5 0.5 0.5 0.5 0.5 0.5 0.5 0.5 0.5 0.5 0.5 0.5 0.5 0.5 0.5 0.5 0.5 0.5 0.5 0.5 0.5 0.5 0.5 0.5 0.5 0.5 0.5 0.5 0.5 0.5 0.5 0.5 0.5 0.5 0.5 0.5 0.5 0.5 0.5 0.5 0.5 0.5 0.5 0.5 0.5 0.5 0.5 0.5 0.5 0.5 0.5 0.5 0.5 0.5 0.5 0.5 0.5 0.5 0.5 0.5 0.5 0.5 0.5 0.5 0.5 0.5 0.5 0.5 0.5 0.5 0.5 0.5 0.5 0.5 0.5 0.5 0.5 0.5 0.5 0.5 0.5 0.5 0.5 0.5 0.5 0.5 0.5 0.5 0.5 0.5 0.5 0.5 0.5 0.5 0.5 0.5 0.5 0.5 0.5 0.5 0.5 0.5 0.5 0.5 0.5 0.5 0.5 0.5 0.5 0.5 0.5 0.5 0.5 0.5 0.5 0.5 0.5 0.5 0.5 0.5 0.5 0.5 0.5 0.5 0.5 0.5 0.5 0.5 0.5 0.5 0.5 0.5 0.5 0.5 0.5 0.5 0.5 0.5 0.5 0.5 0.5 0.5 0.5 0.5 0.5 0.5 0.5 0.5 0.5 0.5 0.5 0.5 0.5 0.5 0.5 0.5 0.5 0.5 0.5 0.5 0.5 0.5 0.5 0.5 0.5 0.5 0.5 0.5 0.5 0.5 0.5 0.5 0.5 0.5 0.5 0.5 0.5 0.5 0.5 0.5 0.5 0.5 0.5 0.5 0.5 0.5 0.5 0.5 0.5 0.5 0.5 0.5 0.5 0.5 0.5 0.5 0.5 0.5 0.5 0.5 0.5 0.5 0.5 0.5 0.5 0.5 0.5 0.5 0.5 0.5 0.5 0.5 0.5 0.5 0.5 0.5 0.993307 0.993307 0.990048 0.026597 0.973403 0.00669285 0.00816257 0.0218813 0.167982 0.00669285 0.0179862 0.00669285 0.0121284 0.00669285 0.00669285 0.00669285 0.00669285 0.00669285 0.00669285 0.00669285 0.00669285 0.0391657 0.119203 0.167982 0.549834 0.5 0.5 0.5 0.5 0.5 0.5 0.5 0.5 0.5 0.5 0.5 0.5 0.5 0.5 0.5 0.5 0.5 0.5 0.5 0.5 0.5 0.5 0.5 0.5 0.5 0.5 0.5 0.5 0.5 0.5 0.5 0.5 0.5 0.5 0.5 0.5 0.5 0.5 0.5 0.5 0.5 0.5 0.5 0.5 0.5 0.5 0.5 0.5 0.5 0.5 0.5 0.5 0.5 0.5 0.5 
0.5 0.5 0.5 0.5 0.5 0.5 0.5 0.5 0.5 0.5 0.5 0.5 0.5 0.5 0.5 0.5 0.5 0.5 0.5 0.5 0.5 0.5 0.5 0.5 0.5 0.5 0.5 0.5 0.5 0.5 0.5 0.5 0.5 0.5 0.5 0.5 0.5 0.5 0.5 0.5 0.5 0.5 0.5 0.5 0.5 0.5 0.5 0.5 0.5 0.5 0.5 0.5 0.5 0.5 0.5 0.5 0.5 0.5 0.5 0.5 0.5 0.5 0.5 0.5 0.5 0.5 0.5 0.5 0.5 0.5 0.5 0.5 0.5 0.5 0.5 0.5 0.5 0.5 0.5 0.5 0.5 0.5 0.5 0.5 0.5 0.5 0.5 0.5 0.5 0.5 0.5 0.5 0.5 0.5 0.5 0.5 0.5 0.5 0.5 0.5 0.5 0.5 0.5 0.5 0.5 0.5 0.5 0.5 0.5 0.5 0.5 0.5 0.5 0.5 0.5 0.5 0.5 0.5 0.5 0.5 0.5 0.5 0.5 0.5 0.5 0.5 0.5 0.5 0.5 0.5 0.5 0.5 0.5 0.5 0.5 0.5 0.5 0.5 0.5 0.5 0.5 0.5 0.5 0.5 0.5 0.5 0.5 0.5 0.5 0.5 0.5 0.5 0.5 0.5 0.5 0.5 0.5 0.5 0.5 0.5 0.5 0.5 0.5 0.5 0.5 0.5 0.5 0.5 0.5 0.5 0.5 0.5 0.5 0.5 0.5 0.5 0.5 0.5 0.5 0.5 0.5 0.5 0.5 0.5 0.5 0.5 0.5 0.5 0.5 0.5 0.5 0.5 0.5 0.5 0.5 0.5 0.5 0.5 0.5 0.5 0.5 0.5 0.5 0.5 0.5 0.5 0.5 0.5 0.5 0.5 0.5 0.5 0.5 0.5 0.5 0.5 0.5 0.5 0.5 0.5 0.0997505 0.0218813 0.0179862 0.026597 0.00816257 0.00669285 0.00816257 0.00669285 0.0121284 0.00669285 0.0179862 0.00669285 0.0121284 0.00669285 0.00669285 0.00669285 0.00669285 0.00669285 0.00669285 0.00669285 0.00669285 0.0474259 0.119203 0.167982 0.354344 0.5 0.5 0.5 0.5 0.5 0.5 0.5 0.5 0.5 0.5 0.5 0.5 0.5 0.5 0.5 0.5 0.5 0.5 0.5 0.5 0.5 0.5 0.5 0.5 0.5 0.5 0.5 0.5 0.5 0.5 0.5 0.5 0.5 0.5 0.5 0.5 0.5 0.5 0.5 0.5 0.5 0.5 0.5 0.5 0.5 0.5 0.5 0.5 0.5 0.5 0.5 0.5 0.5 0.5 0.5 
0.5 0.5 0.5 0.5 0.5 0.5 0.5 0.5 0.5 0.5 0.5 0.5 0.5 0.5 0.5 0.5 0.5 0.5 0.5 0.5 0.5 0.5 0.5 0.5 0.5 0.5 0.5 0.5 0.5 0.5 0.5 0.5 0.5 0.5 0.5 0.5 0.5 0.5 0.5 0.5 0.5 0.5 0.5 0.5 0.5 0.5 0.5 0.5 0.5 0.5 0.5 0.5 0.5 0.5 0.5 0.5 0.5 0.5 0.5 0.5 0.5 0.5 0.5 0.5 0.5 0.5 0.5 0.5 0.5 0.5 0.5 0.5 0.5 0.5 0.5 0.5 0.5 0.5 0.5 0.5 0.5 0.5 0.5 0.5 0.5 0.5 0.5 0.5 0.5 0.5 0.5 0.5 0.5 0.5 0.5 0.5 0.5 0.5 0.5 0.5 0.5 0.5 0.5 0.5 0.5 0.5 0.5 0.5 0.5 0.5 0.5 0.5 0.5 0.5 0.5 0.5 0.5 0.5 0.5 0.5 0.5 0.5 0.5 0.5 0.5 0.5 0.5 0.5 0.5 0.5 0.5 0.5 0.5 0.5 0.5 0.5 0.5 0.5 0.5 0.5 0.5 0.5 0.5 0.5 0.5 0.5 0.5 0.5 0.5 0.5 0.5 0.5 0.5 0.5 0.5 0.5 0.5 0.5 0.5 0.5 0.5 0.5 0.5 0.5 0.5 0.5 0.5 0.5 0.5 0.5 0.5 0.5 0.5 0.5 0.5 0.5 0.5 0.5 0.5 0.5 0.5 0.5 0.5 0.5 0.5 0.5 0.5 0.5 0.5 0.5 0.5 0.5 0.5 0.5 0.5 0.5 0.5 0.5 0.5 0.5 0.5 0.5 0.5 0.5 0.5 0.5 0.5 0.5 0.5 0.5 0.5 0.5 0.5 0.5 0.5 0.5 0.5 0.5 0.5 0.5 0.0997505 0.0691384 0.167982 0.026597 0.00816257 0.00669285 0.00816257 0.00669285 0.0121284 0.00669285 0.0179862 0.00669285 0.0099518 0.00669285 0.00669285 0.00669285 0.00669285 0.00669285 0.00669285 0.00669285 0.00669285 0.0179862 0.197816 0.967705 0.993307 0.993307 0.991837 0.973403 0.768525 0.5 0.5 0.5 0.5 0.5 0.5 0.5 0.5 0.5 0.5 0.5 0.5 0.5 0.5 0.5 0.5 0.5 0.5 0.5 0.5 0.5 0.5 0.5 0.5 0.5 0.5 0.5 0.5 0.5 0.5 0.5 0.5 0.5 0.5 0.5 0.5 0.5 0.5 0.5 0.5 0.5 0.5 0.5 0.5 0.5 0.5 0.5 0.5 0.5 0.5 0.5 
0.5 0.5 0.5 0.5 0.5 0.5 0.5 0.5 0.5 0.5 0.5 0.5 0.5 0.5 0.5 0.5 0.5 0.5 0.5 0.5 0.5 0.5 0.5 0.5 0.5 0.5 0.5 0.5 0.5 0.5 0.5 0.5 0.5 0.5 0.5 0.5 0.5 0.5 0.5 0.5 0.5 0.5 0.5 0.5 0.5 0.5 0.5 0.5 0.5 0.5 0.5 0.5 0.5 0.5 0.5 0.5 0.5 0.5 0.5 0.5 0.5 0.5 0.5 0.5 0.5 0.5 0.5 0.5 0.5 0.5 0.5 0.5 0.5 0.5 0.5 0.5 0.5 0.5 0.5 0.5 0.5 0.5 0.5 0.5 0.5 0.5 0.5 0.5 0.5 0.5 0.5 0.5 0.5 0.5 0.5 0.5 0.5 0.5 0.5 0.5 0.5 0.5 0.5 0.5 0.5 0.5 0.5 0.5 0.5 0.5 0.5 0.5 0.5 0.5 0.5 0.5 0.5 0.5 0.5 0.5 0.5 0.5 0.5 0.5 0.5 0.5 0.5 0.5 0.5 0.5 0.5 0.5 0.5 0.5 0.5 0.5 0.5 0.5 0.5 0.5 0.5 0.5 0.5 0.5 0.5 0.5 0.5 0.5 0.5 0.5 0.5 0.5 0.5 0.5 0.5 0.5 0.5 0.5 0.5 0.5 0.5 0.5 0.5 0.5 0.5 0.5 0.5 0.5 0.5 0.5 0.5 0.5 0.5 0.5 0.5 0.5 0.5 0.5 0.5 0.5 0.5 0.5 0.5 0.5 0.5 0.5 0.5 0.5 0.5 0.5 0.5 0.5 0.5 0.5 0.5 0.5 0.5 0.5 0.5 0.5 0.5 0.5 0.5 0.5 0.5 0.5 0.5 0.5 0.5 0.5 0.5 0.5 0.5 0.5 0.5 0.5 0.5 0.5 0.5 0.5 0.0997505 0.0218813 0.0099518 0.026597 0.00816257 0.00669285 0.00816257 0.00669285 0.00816257 0.00669285 0.0099518 0.00669285 0.0099518 0.00669285 0.00669285 0.00669285 0.00669285 0.00669285 0.00669285 0.00669285 0.00669285 0.0218813 0.167982 0.0691384 0.0997505 0.967705 0.985226 0.987872 0.990048 0.973403 0.916827 0.5 0.5 0.5 0.5 0.5 0.5 0.5 0.5 0.5 0.5 0.5 0.5 0.5 0.5 0.5 0.5 0.5 0.5 0.5 0.5 0.5 0.5 0.5 0.5 0.5 0.5 0.5 0.5 0.5 0.5 0.5 0.5 0.5 0.5 0.5 0.5 0.5 0.5 0.5 0.5 0.5 0.5 0.5 0.5 0.5 0.5 0.5 0.5 0.5 
0.5 0.5 0.5 0.5 0.5 0.5 0.5 0.5 0.5 0.5 0.5 0.5 0.5 0.5 0.5 0.5 0.5 0.5 0.5 0.5 0.5 0.5 0.5 0.5 0.5 0.5 0.5 0.5 0.5 0.5 0.5 0.5 0.5 0.5 0.5 0.5 0.5 0.5 0.5 0.5 0.5 0.5 0.5 0.5 0.5 0.5 0.5 0.5 0.5 0.5 0.5 0.5 0.5 0.5 0.5 0.5 0.5 0.5 0.5 0.5 0.5 0.5 0.5 0.5 0.5 0.5 0.5 0.5 0.5 0.5 0.5 0.5 0.5 0.5 0.5 0.5 0.5 0.5 0.5 0.5 0.5 0.5 0.5 0.5 0.5 0.5 0.5 0.5 0.5 0.5 0.5 0.5 0.5 0.5 0.5 0.5 0.5 0.5 0.5 0.5 0.5 0.5 0.5 0.5 0.5 0.5 0.5 0.5 0.5 0.5 0.5 0.5 0.5 0.5 0.5 0.5 0.5 0.5 0.5 0.5 0.5 0.5 0.5 0.5 0.5 0.5 0.5 0.5 0.5 0.5 0.5 0.5 0.5 0.5 0.5 0.5 0.5 0.5 0.5 0.5 0.5 0.5 0.5 0.5 0.5 0.5 0.5 0.5 0.5 0.5 0.5 0.5 0.5 0.5 0.5 0.5 0.5 0.5 0.5 0.5 0.5 0.5 0.5 0.5 0.5 0.5 0.5 0.5 0.5 0.5 0.5 0.5 0.5 0.5 0.5 0.5 0.5 0.5 0.5 0.5 0.5 0.5 0.5 0.5 0.5 0.5 0.5 0.5 0.5 0.5 0.5 0.5 0.5 0.5 0.5 0.5 0.5 0.5 0.5 0.5 0.5 0.5 0.5 0.5 0.5 0.5 0.5 0.5 0.5 0.5 0.5 0.5 0.5 0.5 0.5 0.5 0.5 0.5 0.5 0.5 0.5 0.00669285 0.0121284 0.014774 0.00816257 0.00669285 0.00816257 0.00669285 0.00816257 0.00669285 0.0099518 0.00669285 0.00669285 0.00669285 0.00669285 0.00669285 0.00669285 0.00669285 0.00669285 0.00669285 0.0218813 0.141851 0.0322954 0.0691384 0.197816 0.167982 0.119203 0.354344 0.985226 0.987872 0.993307 0.993307 0.993307 0.993307 0.993307 0.991837 0.768525 0.5 0.5 0.5 0.5 0.5 0.5 0.5 0.5 0.5 0.5 0.5 0.5 0.5 0.5 0.5 0.5 0.5 0.5 0.5 0.5 0.5 0.5 0.5 0.5 0.5 0.5 0.5 0.5 0.5 0.5 0.5 0.5 0.5 0.5 0.5 0.5 0.5 0.5 0.5 0.5 0.5 0.5 0.5 
0.5 0.5 0.5 0.5 0.5 0.5 0.5 0.5 0.5 0.5 0.5 0.5 0.5 0.5 0.5 0.5 0.5 0.5 0.5 0.5 0.5 0.5 0.5 0.5 0.5 0.5 0.5 0.5 0.5 0.5 0.5 0.5 0.5 0.5 0.5 0.5 0.5 0.5 0.5 0.5 0.5 0.5 0.5 0.5 0.5 0.5 0.5 0.5 0.5 0.5 0.5 0.5 0.5 0.5 0.5 0.5 0.5 0.5 0.5 0.5 0.5 0.5 0.5 0.5 0.5 0.5 0.5 0.5 0.5 0.5 0.5 0.5 0.5 0.5 0.5 0.5 0.5 0.5 0.5 0.5 0.5 0.5 0.5 0.5 0.5 0.5 0.5 0.5 0.5 0.5 0.5 0.5 0.5 0.5 0.5 0.5 0.5 0.5 0.5 0.5 0.5 0.5 0.5 0.5 0.5 0.5 0.5 0.5 0.5 0.5 0.5 0.5 0.5 0.5 0.5 0.5 0.5 0.5 0.5 0.5 0.5 0.5 0.5 0.5 0.5 0.5 0.5 0.5 0.5 0.5 0.5 0.5 0.5 0.5 0.5 0.5 0.5 0.5 0.5 0.5 0.5 0.5 0.5 0.5 0.5 0.5 0.5 0.5 0.5 0.5 0.5 0.5 0.5 0.5 0.5 0.5 0.5 0.5 0.5 0.5 0.5 0.5 0.5 0.5 0.5 0.5 0.5 0.5 0.5 0.5 0.5 0.5 0.5 0.5 0.5 0.5 0.5 0.5 0.5 0.5 0.5 0.5 0.5 0.5 0.5 0.5 0.5 0.5 0.5 0.5 0.5 0.5 0.5 0.5 0.5 0.5 0.5 0.5 0.5 0.5 0.5 0.5 0.5 0.5 0.5 0.5 0.5 0.5 0.5 0.5 0.5 0.5 0.5 0.5 0.5 0.5 0.5 0.5 0.5 0.5 0.5 0.0831727 0.00669285 0.00669285 0.00669285 0.00669285 0.00816257 0.00669285 0.00816257 0.00669285 0.0179862 0.00669285 0.00669285 0.00669285 0.00669285 0.00669285 0.00669285 0.00669285 0.00669285 0.00669285 0.0322954 0.167982 0.026597 0.0997505 0.0997505 0.0997505 0.0997505 0.231475 0.141851 0.119203 0.119203 0.141851 0.141851 0.0322954 0.982014 0.991837 0.993307 0.991837 0.991837 0.5 0.5 0.5 0.5 0.5 0.5 0.5 0.5 0.5 0.5 0.5 0.5 0.5 0.5 0.5 0.5 0.5 0.5 0.5 0.5 0.5 0.5 0.5 0.5 0.5 0.5 0.5 0.5 0.5 0.5 0.5 0.5 0.5 0.5 0.5 0.5 0.5 0.5 0.5 0.5 0.5 
0.5 0.5 0.5 0.5 0.5 0.5 0.5 0.5 0.5 0.5 0.5 0.5 0.5 0.5 0.5 0.5 0.5 0.5 0.5 0.5 0.5 0.5 0.5 0.5 0.5 0.5 0.5 0.5 0.5 0.5 0.5 0.5 0.5 0.5 0.5 0.5 0.5 0.5 0.5 0.5 0.5 0.5 0.5 0.5 0.5 0.5 0.5 0.5 0.5 0.5 0.5 0.5 0.5 0.5 0.5 0.5 0.5 0.5 0.5 0.5 0.5 0.5 0.5 0.5 0.5 0.5 0.5 0.5 0.5 0.5 0.5 0.5 0.5 0.5 0.5 0.5 0.5 0.5 0.5 0.5 0.5 0.5 0.5 0.5 0.5 0.5 0.5 0.5 0.5 0.5 0.5 0.5 0.5 0.5 0.5 0.5 0.5 0.5 0.5 0.5 0.5 0.5 0.5 0.5 0.5 0.5 0.5 0.5 0.5 0.5 0.5 0.5 0.5 0.5 0.5 0.5 0.5 0.5 0.5 0.5 0.5 0.5 0.5 0.5 0.5 0.5 0.5 0.5 0.5 0.5 0.5 0.5 0.5 0.5 0.5 0.5 0.5 0.5 0.5 0.5 0.5 0.5 0.5 0.5 0.5 0.5 0.5 0.5 0.5 0.5 0.5 0.5 0.5 0.5 0.5 0.5 0.5 0.5 0.5 0.5 0.5 0.5 0.5 0.5 0.5 0.5 0.5 0.5 0.5 0.5 0.5 0.5 0.5 0.5 0.5 0.5 0.5 0.5 0.5 0.5 0.5 0.5 0.5 0.5 0.5 0.5 0.5 0.5 0.5 0.5 0.5 0.5 0.5 0.5 0.5 0.5 0.5 0.5 0.5 0.5 0.5 0.5 0.5 0.5 0.5 0.5 0.5 0.5 0.5 0.5 0.5 0.5 0.5 0.5 0.5 0.5 0.5 0.5 0.5 0.5 0.5 0.0831727 0.014774 0.0179862 0.00669285 0.00669285 0.00816257 0.00669285 0.00816257 0.00669285 0.0179862 0.00669285 0.00669285 0.00669285 0.00669285 0.00669285 0.00669285 0.00669285 0.00669285 0.00669285 0.0121284 0.197816 0.0573242 0.0997505 0.0997505 0.0573242 0.119203 0.119203 0.0997505 0.0831727 0.141851 0.141851 0.0997505 0.119203 0.0831727 0.141851 0.832018 0.985226 0.993307 0.993307 0.993307 0.991837 0.916827 0.5 0.5 0.5 0.5 0.5 0.5 0.5 0.5 0.5 0.5 0.5 0.5 0.5 0.5 0.5 0.5 0.5 0.5 0.5 0.5 0.5 0.5 0.5 0.5 0.5 0.5 0.5 0.5 0.5 0.5 0.5 0.5 0.5 0.5 0.5 0.5 0.5 
0.5 0.5 0.5 0.5 0.5 0.5 0.5 0.5 0.5 0.5 0.5 0.5 0.5 0.5 0.5 0.5 0.5 0.5 0.5 0.5 0.5 0.5 0.5 0.5 0.5 0.5 0.5 0.5 0.5 0.5 0.5 0.5 0.5 0.5 0.5 0.5 0.5 0.5 0.5 0.5 0.5 0.5 0.5 0.5 0.5 0.5 0.5 0.5 0.5 0.5 0.5 0.5 0.5 0.5 0.5 0.5 0.5 0.5 0.5 0.5 0.5 0.5 0.5 0.5 0.5 0.5 0.5 0.5 0.5 0.5 0.5 0.5 0.5 0.5 0.5 0.5 0.5 0.5 0.5 0.5 0.5 0.5 0.5 0.5 0.5 0.5 0.5 0.5 0.5 0.5 0.5 0.5 0.5 0.5 0.5 0.5 0.5 0.5 0.5 0.5 0.5 0.5 0.5 0.5 0.5 0.5 0.5 0.5 0.5 0.5 0.5 0.5 0.5 0.5 0.5 0.5 0.5 0.5 0.5 0.5 0.5 0.5 0.5 0.5 0.5 0.5 0.5 0.5 0.5 0.5 0.5 0.5 0.5 0.5 0.5 0.5 0.5 0.5 0.5 0.5 0.5 0.5 0.5 0.5 0.5 0.5 0.5 0.5 0.5 0.5 0.5 0.5 0.5 0.5 0.5 0.5 0.5 0.5 0.5 0.5 0.5 0.5 0.5 0.5 0.5 0.5 0.5 0.5 0.5 0.5 0.5 0.5 0.5 0.5 0.5 0.5 0.5 0.5 0.5 0.5 0.5 0.5 0.5 0.5 0.5 0.5 0.5 0.5 0.5 0.5 0.5 0.5 0.5 0.5 0.5 0.5 0.5 0.5 0.5 0.5 0.5 0.5 0.5 0.5 0.5 0.5 0.5 0.5 0.5 0.5 0.5 0.5 0.5 0.5 0.5 0.5 0.5 0.5 0.5 0.5 0.5 0.0997505 0.0121284 0.0179862 0.00669285 0.00669285 0.00669285 0.00669285 0.00669285 0.00669285 0.0179862 0.00669285 0.00669285 0.00669285 0.00669285 0.00669285 0.00669285 0.00669285 0.00669285 0.00669285 0.026597 0.0474259 0.0474259 0.197816 0.167982 0.0573242 0.119203 0.141851 0.119203 0.119203 0.141851 0.141851 0.0322954 0.167982 0.141851 0.119203 0.119203 0.0831727 0.141851 0.167982 0.942676 0.990048 0.993307 0.768525 0.5 0.5 0.5 0.5 0.5 0.5 0.5 0.5 0.5 0.5 0.5 0.5 0.5 0.5 0.5 0.5 0.5 0.5 0.5 0.5 0.5 0.5 0.5 0.5 0.5 0.5 0.5 0.5 0.5 0.5 0.5 0.5 0.5 0.5 0.5 0.5 
0.5 0.5 0.5 0.5 0.5 0.5 0.5 0.5 0.5 0.5 0.5 0.5 0.5 0.5 0.5 0.5 0.5 0.5 0.5 0.5 0.5 0.5 0.5 0.5 0.5 0.5 0.5 0.5 0.5 0.5 0.5 0.5 0.5 0.5 0.5 0.5 0.5 0.5 0.5 0.5 0.5 0.5 0.5 0.5 0.5 0.5 0.5 0.5 0.5 0.5 0.5 0.5 0.5 0.5 0.5 0.5 0.5 0.5 0.5 0.5 0.5 0.5 0.5 0.5 0.5 0.5 0.5 0.5 0.5 0.5 0.5 0.5 0.5 0.5 0.5 0.5 0.5 0.5 0.5 0.5 0.5 0.5 0.5 0.5 0.5 0.5 0.5 0.5 0.5 0.5 0.5 0.5 0.5 0.5 0.5 0.5 0.5 0.5 0.5 0.5 0.5 0.5 0.5 0.5 0.5 0.5 0.5 0.5 0.5 0.5 0.5 0.5 0.5 0.5 0.5 0.5 0.5 0.5 0.5 0.5 0.5 0.5 0.5 0.5 0.5 0.5 0.5 0.5 0.5 0.5 0.5 0.5 0.5 0.5 0.5 0.5 0.5 0.5 0.5 0.5 0.5 0.5 0.5 0.5 0.5 0.5 0.5 0.5 0.5 0.5 0.5 0.5 0.5 0.5 0.5 0.5 0.5 0.5 0.5 0.5 0.5 0.5 0.5 0.5 0.5 0.5 0.5 0.5 0.5 0.5 0.5 0.5 0.5 0.5 0.5 0.5 0.5 0.5 0.5 0.5 0.5 0.5 0.5 0.5 0.5 0.5 0.5 0.5 0.5 0.5 0.5 0.5 0.5 0.5 0.5 0.5 0.5 0.5 0.5 0.5 0.5 0.5 0.5 0.5 0.5 0.5 0.5 0.5 0.5 0.5 0.5 0.5 0.5 0.5 0.5 0.5 0.5 0.5 0.5 0.5 0.5 0.0997505 0.0179862 0.0121284 0.0218813 0.00669285 0.00669285 0.00669285 0.00669285 0.00669285 0.00669285 0.00669285 0.00669285 0.00669285 0.00669285 0.00669285 0.00669285 0.00669285 0.00669285 0.00669285 0.141851 0.0322954 0.0831727 0.0997505 0.0997505 0.0831727 0.0997505 0.0997505 0.0831727 0.141851 0.141851 0.0997505 0.119203 0.0831727 0.141851 0.231475 0.119203 0.167982 0.141851 0.0997505 0.119203 0.0997505 0.731059 0.768525 0.993307 0.916827 0.5 0.5 0.5 0.5 0.5 0.5 0.5 0.5 0.5 0.5 0.5 0.5 0.5 0.5 0.5 0.5 0.5 0.5 0.5 0.5 0.5 0.5 0.5 0.5 0.5 0.5 0.5 0.5 0.5 0.5 0.5 0.5 0.5 0.5 
0.5 0.5 0.5 0.5 0.5 0.5 0.5 0.5 0.5 0.5 0.5 0.5 0.5 0.5 0.5 0.5 0.5 0.5 0.5 0.5 0.5 0.5 0.5 0.5 0.5 0.5 0.5 0.5 0.5 0.5 0.5 0.5 0.5 0.5 0.5 0.5 0.5 0.5 0.5 0.5 0.5 0.5 0.5 0.5 0.5 0.5 0.5 0.5 0.5 0.5 0.5 0.5 0.5 0.5 0.5 0.5 0.5 0.5 0.5 0.5 0.5 0.5 0.5 0.5 0.5 0.5 0.5 0.5 0.5 0.5 0.5 0.5 0.5 0.5 0.5 0.5 0.5 0.5 0.5 0.5 0.5 0.5 0.5 0.5 0.5 0.5 0.5 0.5 0.5 0.5 0.5 0.5 0.5 0.5 0.5 0.5 0.5 0.5 0.5 0.5 0.5 0.5 0.5 0.5 0.5 0.5 0.5 0.5 0.5 0.5 0.5 0.5 0.5 0.5 0.5 0.5 0.5 0.5 0.5 0.5 0.5 0.5 0.5 0.5 0.5 0.5 0.5 0.5 0.5 0.5 0.5 0.5 0.5 0.5 0.5 0.5 0.5 0.5 0.5 0.5 0.5 0.5 0.5 0.5 0.5 0.5 0.5 0.5 0.5 0.5 0.5 0.5 0.5 0.5 0.5 0.5 0.5 0.5 0.5 0.5 0.5 0.5 0.5 0.5 0.5 0.5 0.5 0.5 0.5 0.5 0.5 0.5 0.5 0.5 0.5 0.5 0.5 0.5 0.5 0.5 0.5 0.5 0.5 0.5 0.5 0.5 0.5 0.5 0.5 0.5 0.5 0.5 0.5 0.5 0.5 0.5 0.5 0.5 0.5 0.5 0.5 0.5 0.5 0.5 0.5 0.5 0.5 0.5 0.5 0.5 0.5 0.5 0.5 0.5 0.5 0.5 0.5 0.5 0.5 0.5 0.5 0.0997505 0.0179862 0.0121284 0.0218813 0.00669285 0.00669285 0.00669285 0.00669285 0.00669285 0.00669285 0.00669285 0.00669285 0.00669285 0.00669285 0.00669285 0.00669285 0.00669285 0.00669285 0.026597 0.167982 0.0322954 0.0997505 0.0474259 0.119203 0.119203 0.0691384 0.119203 0.119203 0.141851 0.141851 0.0322954 0.167982 0.141851 0.119203 0.119203 0.0831727 0.141851 0.167982 0.197816 0.167982 0.119203 0.401312 0.197816 0.880797 0.5 0.993307 0.5 0.5 0.5 0.5 0.5 0.5 0.5 0.5 0.5 0.5 0.5 0.5 0.5 0.5 0.5 0.5 0.5 0.5 0.5 0.5 0.5 0.5 0.5 0.5 0.5 0.5 0.5 0.5 0.5 0.5 0.5 0.5 0.5 
0.5 0.5 0.5 0.5 0.5 0.5 0.5 0.5 0.5 0.5 0.5 0.5 0.5 0.5 0.5 0.5 0.5 0.5 0.5 0.5 0.5 0.5 0.5 0.5 0.5 0.5 0.5 0.5 0.5 0.5 0.5 0.5 0.5 0.5 0.5 0.5 0.5 0.5 0.5 0.5 0.5 0.5 0.5 0.5 0.5 0.5 0.5 0.5 0.5 0.5 0.5 0.5 0.5 0.5 0.5 0.5 0.5 0.5 0.5 0.5 0.5 0.5 0.5 0.5 0.5 0.5 0.5 0.5 0.5 0.5 0.5 0.5 0.5 0.5 0.5 0.5 0.5 0.5 0.5 0.5 0.5 0.5 0.5 0.5 0.5 0.5 0.5 0.5 0.5 0.5 0.5 0.5 0.5 0.5 0.5 0.5 0.5 0.5 0.5 0.5 0.5 0.5 0.5 0.5 0.5 0.5 0.5 0.5 0.5 0.5 0.5 0.5 0.5 0.5 0.5 0.5 0.5 0.5 0.5 0.5 0.5 0.5 0.5 0.5 0.5 0.5 0.5 0.5 0.5 0.5 0.5 0.5 0.5 0.5 0.5 0.5 0.5 0.5 0.5 0.5 0.5 0.5 0.5 0.5 0.5 0.5 0.5 0.5 0.5 0.5 0.5 0.5 0.5 0.5 0.5 0.5 0.5 0.5 0.5 0.5 0.5 0.5 0.5 0.5 0.5 0.5 0.5 0.5 0.5 0.5 0.5 0.5 0.5 0.5 0.5 0.5 0.5 0.5 0.5 0.5 0.5 0.5 0.5 0.5 0.5 0.5 0.5 0.5 0.5 0.5 0.5 0.5 0.5 0.5 0.5 0.5 0.5 0.5 0.5 0.5 0.5 0.5 0.5 0.5 0.5 0.5 0.5 0.5 0.5 0.5 0.5 0.5 0.5 0.5 0.5 0.5 0.5 0.5 0.5 0.5 0.5 0.0997505 0.0179862 0.0121284 0.0218813 0.00669285 0.00669285 0.00669285 0.0099518 0.00669285 0.00669285 0.00669285 0.00669285 0.00669285 0.00669285 0.00669285 0.00669285 0.00669285 0.00669285 0.014774 0.197816 0.0121284 0.197816 0.0997505 0.0474259 0.231475 0.0691384 0.0391657 0.141851 0.141851 0.0997505 0.119203 0.0831727 0.141851 0.231475 0.119203 0.167982 0.0322954 0.197816 0.167982 0.141851 0.401312 0.450166 0.141851 0.401312 0.268941 0.991837 0.5 0.5 0.5 0.5 0.5 0.5 0.5 0.5 0.5 0.5 0.5 0.5 0.5 0.5 0.5 0.5 0.5 0.5 0.5 0.5 0.5 0.5 0.5 0.5 0.5 0.5 0.5 0.5 0.5 0.5 0.5 0.5 0.5 
0.5 0.5 0.5 0.5 0.5 0.5 0.5 0.5 0.5 0.5 0.5 0.5 0.5 0.5 0.5 0.5 0.5 0.5 0.5 0.5 0.5 0.5 0.5 0.5 0.5 0.5 0.5 0.5 0.5 0.5 0.5 0.5 0.5 0.5 0.5 0.5 0.5 0.5 0.5 0.5 0.5 0.5 0.5 0.5 0.5 0.5 0.5 0.5 0.5 0.5 0.5 0.5 0.5 0.5 0.5 0.5 0.5 0.5 0.5 0.5 0.5 0.5 0.5 0.5 0.5 0.5 0.5 0.5 0.5 0.5 0.5 0.5 0.5 0.5 0.5 0.5 0.5 0.5 0.5 0.5 0.5 0.5 0.5 0.5 0.5 0.5 0.5 0.5 0.5 0.5 0.5 0.5 0.5 0.5 0.5 0.5 0.5 0.5 0.5 0.5 0.5 0.5 0.5 0.5 0.5 0.5 0.5 0.5 0.5 0.5 0.5 0.5 0.5 0.5 0.5 0.5 0.5 0.5 0.5 0.5 0.5 0.5 0.5 0.5 0.5 0.5 0.5 0.5 0.5 0.5 0.5 0.5 0.5 0.5 0.5 0.5 0.5 0.5 0.5 0.5 0.5 0.5 0.5 0.5 0.5 0.5 0.5 0.5 0.5 0.5 0.5 0.5 0.5 0.5 0.5 0.5 0.5 0.5 0.5 0.5 0.5 0.5 0.5 0.5 0.5 0.5 0.5 0.5 0.5 0.5 0.5 0.5 0.5 0.5 0.5 0.5 0.5 0.5 0.5 0.5 0.5 0.5 0.5 0.5 0.5 0.5 0.5 0.5 0.5 0.5 0.5 0.5 0.5 0.5 0.5 0.5 0.5 0.5 0.5 0.5 0.5 0.5 0.5 0.5 0.5 0.5 0.5 0.5 0.5 0.5 0.5 0.5 0.5 0.5 0.5 0.5 0.5 0.5 0.5 0.5 0.5 0.167982 0.0121284 0.0099518 0.0218813 0.00669285 0.00669285 0.00669285 0.0099518 0.00669285 0.00669285 0.00669285 0.00669285 0.00669285 0.00669285 0.00669285 0.00669285 0.00669285 0.00669285 0.0391657 0.0573242 0.0573242 0.0997505 0.0997505 0.0691384 0.119203 0.0997505 0.0831727 0.141851 0.141851 0.0322954 0.167982 0.141851 0.119203 0.0573242 0.167982 0.141851 0.0997505 0.119203 0.0997505 0.401312 0.450166 0.197816 0.310026 0.268941 0.310026 0.5 0.5 0.5 0.5 0.5 0.5 0.5 0.5 0.5 0.5 0.5 0.5 0.5 0.5 0.5 0.5 0.5 0.5 0.5 0.5 0.5 0.5 0.5 0.5 0.5 0.5 0.5 0.5 0.5 0.5 0.5 0.5 0.5 0.5 
0.5 0.5 0.5 0.5 0.5 0.5 0.5 0.5 0.5 0.5 0.5 0.5 0.5 0.5 0.5 0.5 0.5 0.5 0.5 0.5 0.5 0.5 0.5 0.5 0.5 0.5 0.5 0.5 0.5 0.5 0.5 0.5 0.5 0.5 0.5 0.5 0.5 0.5 0.5 0.5 0.5 0.5 0.5 0.5 0.5 0.5 0.5 0.5 0.5 0.5 0.5 0.5 0.5 0.5 0.5 0.5 0.5 0.5 0.5 0.5 0.5 0.5 0.5 0.5 0.5 0.5 0.5 0.5 0.5 0.5 0.5 0.5 0.5 0.5 0.5 0.5 0.5 0.5 0.5 0.5 0.5 0.5 0.5 0.5 0.5 0.5 0.5 0.5 0.5 0.5 0.5 0.5 0.5 0.5 0.5 0.5 0.5 0.5 0.5 0.5 0.5 0.5 0.5 0.5 0.5 0.5 0.5 0.5 0.5 0.5 0.5 0.5 0.5 0.5 0.5 0.5 0.5 0.5 0.5 0.5 0.5 0.5 0.5 0.5 0.5 0.5 0.5 0.5 0.5 0.5 0.5 0.5 0.5 0.5 0.5 0.5 0.5 0.5 0.5 0.5 0.5 0.5 0.5 0.5 0.5 0.5 0.5 0.5 0.5 0.5 0.5 0.5 0.5 0.5 0.5 0.5 0.5 0.5 0.5 0.5 0.5 0.5 0.5 0.5 0.5 0.5 0.5 0.5 0.5 0.5 0.5 0.5 0.5 0.5 0.5 0.5 0.5 0.5 0.5 0.5 0.5 0.5 0.5 0.5 0.5 0.5 0.5 0.5 0.5 0.5 0.5 0.5 0.5 0.5 0.5 0.5 0.5 0.5 0.5 0.5 0.5 0.5 0.5 0.5 0.5 0.5 0.5 0.5 0.5 0.5 0.5 0.5 0.5 0.5 0.5 0.5 0.5 0.5 0.5 0.5 0.5 0.5 0.00669285 0.00669285 0.0218813 0.00669285 0.00669285 0.00669285 0.0099518 0.00669285 0.00669285 0.00669285 0.00669285 0.00669285 0.00669285 0.00669285 0.00669285 0.00669285 0.00669285 0.0474259 0.0322954 0.0997505 0.0474259 0.119203 0.0573242 0.141851 0.0391657 0.0691384 0.141851 0.0997505 0.119203 0.0831727 0.141851 0.231475 0.026597 0.141851 0.167982 0.197816 0.167982 0.119203 0.401312 0.197816 0.310026 0.5 0.141851 0.5 0.5 0.5 0.5 0.5 0.5 0.5 0.5 0.5 0.5 0.5 0.5 0.5 0.5 0.5 0.5 0.5 0.5 0.5 0.5 0.5 0.5 0.5 0.5 0.5 0.5 0.5 0.5 0.5 0.5 0.5 0.5 0.5 0.5 0.5 
0.5 0.5 0.5 0.5 0.5 0.5 0.5 0.5 0.5 0.5 0.5 0.5 0.5 0.5 0.5 0.5 0.5 0.5 0.5 0.5 0.5 0.5 0.5 0.5 0.5 0.5 0.5 0.5 0.5 0.5 0.5 0.5 0.5 0.5 0.5 0.5 0.5 0.5 0.5 0.5 0.5 0.5 0.5 0.5 0.5 0.5 0.5 0.5 0.5 0.5 0.5 0.5 0.5 0.5 0.5 0.5 0.5 0.5 0.5 0.5 0.5 0.5 0.5 0.5 0.5 0.5 0.5 0.5 0.5 0.5 0.5 0.5 0.5 0.5 0.5 0.5 0.5 0.5 0.5 0.5 0.5 0.5 0.5 0.5 0.5 0.5 0.5 0.5 0.5 0.5 0.5 0.5 0.5 0.5 0.5 0.5 0.5 0.5 0.5 0.5 0.5 0.5 0.5 0.5 0.5 0.5 0.5 0.5 0.5 0.5 0.5 0.5 0.5 0.5 0.5 0.5 0.5 0.5 0.5 0.5 0.5 0.5 0.5 0.5 0.5 0.5 0.5 0.5 0.5 0.5 0.5 0.5 0.5 0.5 0.5 0.5 0.5 0.5 0.5 0.5 0.5 0.5 0.5 0.5 0.5 0.5 0.5 0.5 0.5 0.5 0.5 0.5 0.5 0.5 0.5 0.5 0.5 0.5 0.5 0.5 0.5 0.5 0.5 0.5 0.5 0.5 0.5 0.5 0.5 0.5 0.5 0.5 0.5 0.5 0.5 0.5 0.5 0.5 0.5 0.5 0.5 0.5 0.5 0.5 0.5 0.5 0.5 0.5 0.5 0.5 0.5 0.5 0.5 0.5 0.5 0.5 0.5 0.5 0.5 0.5 0.5 0.5 0.5 0.5 0.5 0.5 0.5 0.5 0.5 0.5 0.5 0.5 0.5 0.5 0.5 0.5 0.5 0.5 0.5 0.5 0.5 0.5 0.00669285 0.0121284 0.0121284 0.00669285 0.00669285 0.00669285 0.00816257 0.00669285 0.00669285 0.00669285 0.00669285 0.00669285 0.00669285 0.00669285 0.00669285 0.00669285 0.00669285 0.0831727 0.0218813 0.0691384 0.0831727 0.0831727 0.0997505 0.0997505 0.0831727 0.141851 0.141851 0.0322954 0.167982 0.141851 0.0573242 0.119203 0.167982 0.141851 0.0474259 0.167982 0.141851 0.354344 0.197816 0.310026 0.5 0.268941 0.310026 0.5 0.5 0.5 0.5 0.5 0.5 0.5 0.5 0.5 0.5 0.5 0.5 0.5 0.5 0.5 0.5 0.5 0.5 0.5 0.5 0.5 0.5 0.5 0.5 0.5 0.5 0.5 0.5 0.5 0.5 0.5 0.5 0.5 0.5 0.5 
0.5 0.5 0.5 0.5 0.5 0.5 0.5 0.5 0.5 0.5 0.5 0.5 0.5 0.5 0.5 0.5 0.5 0.5 0.5 0.5 0.5 0.5 0.5 0.5 0.5 0.5 0.5 0.5 0.5 0.5 0.5 0.5 0.5 0.5 0.5 0.5 0.5 0.5 0.5 0.5 0.5 0.5 0.5 0.5 0.5 0.5 0.5 0.5 0.5 0.5 0.5 0.5 0.5 0.5 0.5 0.5 0.5 0.5 0.5 0.5 0.5 0.5 0.5 0.5 0.5 0.5 0.5 0.5 0.5 0.5 0.5 0.5 0.5 0.5 0.5 0.5 0.5 0.5 0.5 0.5 0.5 0.5 0.5 0.5 0.5 0.5 0.5 0.5 0.5 0.5 0.5 0.5 0.5 0.5 0.5 0.5 0.5 0.5 0.5 0.5 0.5 0.5 0.5 0.5 0.5 0.5 0.5 0.5 0.5 0.5 0.5 0.5 0.5 0.5 0.5 0.5 0.5 0.5 0.5 0.5 0.5 0.5 0.5 0.5 0.5 0.5 0.5 0.5 0.5 0.5 0.5 0.5 0.5 0.5 0.5 0.5 0.5 0.5 0.5 0.5 0.5 0.5 0.5 0.5 0.5 0.5 0.5 0.5 0.5 0.5 0.5 0.5 0.5 0.5 0.5 0.5 0.5 0.5 0.5 0.5 0.5 0.5 0.5 0.5 0.5 0.5 0.5 0.5 0.5 0.5 0.5 0.5 0.5 0.5 0.5 0.5 0.5 0.5 0.5 0.5 0.5 0.5 0.5 0.5 0.5 0.5 0.5 0.5 0.5 0.5 0.5 0.5 0.5 0.5 0.5 0.5 0.5 0.5 0.5 0.5 0.5 0.5 0.5 0.5 0.5 0.5 0.5 0.5 0.5 0.5 0.5 0.5 0.5 0.5 0.5 0.5 0.5 0.5 0.5 0.5 0.5 0.5 0.0831727 0.00669285 0.0099518 0.00669285 0.00669285 0.00669285 0.00816257 0.00669285 0.00669285 0.00669285 0.00669285 0.00669285 0.00669285 0.00669285 0.00669285 0.00669285 0.00669285 0.0391657 0.0573242 0.0997505 0.0573242 0.119203 0.0691384 0.119203 0.0391657 0.0831727 0.0997505 0.119203 0.0831727 0.141851 0.0831727 0.0831727 0.141851 0.141851 0.0831727 0.0997505 0.401312 0.450166 0.141851 0.401312 0.268941 0.310026 0.5 0.5 0.5 0.5 0.5 0.5 0.5 0.5 0.5 0.5 0.5 0.5 0.5 0.5 0.5 0.5 0.5 0.5 0.5 0.5 0.5 0.5 0.5 0.5 0.5 0.5 0.5 0.5 0.5 0.5 0.5 0.5 0.5 0.5 0.5 0.5 
0.5 0.5 0.5 0.5 0.5 0.5 0.5 0.5 0.5 0.5 0.5 0.5 0.5 0.5 0.5 0.5 0.5 0.5 0.5 0.5 0.5 0.5 0.5 0.5 0.5 0.5 0.5 0.5 0.5 0.5 0.5 0.5 0.5 0.5 0.5 0.5 0.5 0.5 0.5 0.5 0.5 0.5 0.5 0.5 0.5 0.5 0.5 0.5 0.5 0.5 0.5 0.5 0.5 0.5 0.5 0.5 0.5 0.5 0.5 0.5 0.5 0.5 0.5 0.5 0.5 0.5 0.5 0.5 0.5 0.5 0.5 0.5 0.5 0.5 0.5 0.5 0.5 0.5 0.5 0.5 0.5 0.5 0.5 0.5 0.5 0.5 0.5 0.5 0.5 0.5 0.5 0.5 0.5 0.5 0.5 0.5 0.5 0.5 0.5 0.5 0.5 0.5 0.5 0.5 0.5 0.5 0.5 0.5 0.5 0.5 0.5 0.5 0.5 0.5 0.5 0.5 0.5 0.5 0.5 0.5 0.5 0.5 0.5 0.5 0.5 0.5 0.5 0.5 0.5 0.5 0.5 0.5 0.5 0.5 0.5 0.5 0.5 0.5 0.5 0.5 0.5 0.5 0.5 0.5 0.5 0.5 0.5 0.5 0.5 0.5 0.5 0.5 0.5 0.5 0.5 0.5 0.5 0.5 0.5 0.5 0.5 0.5 0.5 0.5 0.5 0.5 0.5 0.5 0.5 0.5 0.5 0.5 0.5 0.5 0.5 0.5 0.5 0.5 0.5 0.5 0.5 0.5 0.5 0.5 0.5 0.5 0.5 0.5 0.5 0.5 0.5 0.5 0.5 0.5 0.5 0.5 0.5 0.5 0.5 0.5 0.5 0.5 0.5 0.5 0.5 0.5 0.5 0.5 0.5 0.5 0.5 0.5 0.5 0.5 0.5 0.5 0.5 0.5 0.5 0.5 0.5 0.5 0.0831727 0.00669285 0.00669285 0.00669285 0.00669285 0.00669285 0.00669285 0.00669285 0.00669285 0.00669285 0.00669285 0.00669285 0.00669285 0.00669285 0.00669285 0.00669285 0.0391657 0.0573242 0.0573242 0.0474259 0.0573242 0.119203 0.0322954 0.0831727 0.141851 0.141851 0.0322954 0.167982 0.0573242 0.141851 0.119203 0.0573242 0.0997505 0.197816 0.167982 0.0997505 0.450166 0.197816 0.310026 0.268941 0.310026 0.5 0.5 0.5 0.5 0.5 0.5 0.5 0.5 0.5 0.5 0.5 0.5 0.5 0.5 0.5 0.5 0.5 0.5 0.5 0.5 0.5 0.5 0.5 0.5 0.5 0.5 0.5 0.5 0.5 0.5 0.5 0.5 0.5 0.5 0.5 0.5 0.5 
0.5 0.5 0.5 0.5 0.5 0.5 0.5 0.5 0.5 0.5 0.5 0.5 0.5 0.5 0.5 0.5 0.5 0.5 0.5 0.5 0.5 0.5 0.5 0.5 0.5 0.5 0.5 0.5 0.5 0.5 0.5 0.5 0.5 0.5 0.5 0.5 0.5 0.5 0.5 0.5 0.5 0.5 0.5 0.5 0.5 0.5 0.5 0.5 0.5 0.5 0.5 0.5 0.5 0.5 0.5 0.5 0.5 0.5 0.5 0.5 0.5 0.5 0.5 0.5 0.5 0.5 0.5 0.5 0.5 0.5 0.5 0.5 0.5 0.5 0.5 0.5 0.5 0.5 0.5 0.5 0.5 0.5 0.5 0.5 0.5 0.5 0.5 0.5 0.5 0.5 0.5 0.5 0.5 0.5 0.5 0.5 0.5 0.5 0.5 0.5 0.5 0.5 0.5 0.5 0.5 0.5 0.5 0.5 0.5 0.5 0.5 0.5 0.5 0.5 0.5 0.5 0.5 0.5 0.5 0.5 0.5 0.5 0.5 0.5 0.5 0.5 0.5 0.5 0.5 0.5 0.5 0.5 0.5 0.5 0.5 0.5 0.5 0.5 0.5 0.5 0.5 0.5 0.5 0.5 0.5 0.5 0.5 0.5 0.5 0.5 0.5 0.5 0.5 0.5 0.5 0.5 0.5 0.5 0.5 0.5 0.5 0.5 0.5 0.5 0.5 0.5 0.5 0.5 0.5 0.5 0.5 0.5 0.5 0.5 0.5 0.5 0.5 0.5 0.5 0.5 0.5 0.5 0.5 0.5 0.5 0.5 0.5 0.5 0.5 0.5 0.5 0.5 0.5 0.5 0.5 0.5 0.5 0.5 0.5 0.5 0.5 0.5 0.5 0.5 0.5 0.5 0.5 0.5 0.5 0.5 0.5 0.5 0.5 0.5 0.5 0.5 0.5 0.5 0.5 0.5 0.5 0.5 0.0997505 0.0121284 0.00669285 0.00669285 0.00669285 0.00669285 0.00669285 0.00669285 0.00669285 0.00669285 0.00669285 0.00669285 0.00669285 0.00669285 0.00669285 0.00669285 0.0474259 0.0179862 0.0474259 0.0831727 0.0691384 0.119203 0.0691384 0.119203 0.026597 0.0997505 0.119203 0.0691384 0.119203 0.119203 0.0831727 0.141851 0.0997505 0.0831727 0.119203 0.401312 0.197816 0.310026 0.5 0.141851 0.5 0.5 0.5 0.5 0.5 0.5 0.5 0.5 0.5 0.5 0.5 0.5 0.5 0.5 0.5 0.5 0.5 0.5 0.5 0.5 0.5 0.5 0.5 0.5 0.5 0.5 0.5 0.5 0.5 0.5 0.5 0.5 0.5 0.5 0.5 0.5 0.5 0.5 
0.5 0.5 0.5 0.5 0.5 0.5 0.5 0.5 0.5 0.5 0.5 0.5 0.5 0.5 0.5 0.5 0.5 0.5 0.5 0.5 0.5 0.5 0.5 0.5 0.5 0.5 0.5 0.5 0.5 0.5 0.5 0.5 0.5 0.5 0.5 0.5 0.5 0.5 0.5 0.5 0.5 0.5 0.5 0.5 0.5 0.5 0.5 0.5 0.5 0.5 0.5 0.5 0.5 0.5 0.5 0.5 0.5 0.5 0.5 0.5 0.5 0.5 0.5 0.5 0.5 0.5 0.5 0.5 0.5 0.5 0.5 0.5 0.5 0.5 0.5 0.5 0.5 0.5 0.5 0.5 0.5 0.5 0.5 0.5 0.5 0.5 0.5 0.5 0.5 0.5 0.5 0.5 0.5 0.5 0.5 0.5 0.5 0.5 0.5 0.5 0.5 0.5 0.5 0.5 0.5 0.5 0.5 0.5 0.5 0.5 0.5 0.5 0.5 0.5 0.5 0.5 0.5 0.5 0.5 0.5 0.5 0.5 0.5 0.5 0.5 0.5 0.5 0.5 0.5 0.5 0.5 0.5 0.5 0.5 0.5 0.5 0.5 0.5 0.5 0.5 0.5 0.5 0.5 0.5 0.5 0.5 0.5 0.5 0.5 0.5 0.5 0.5 0.5 0.5 0.5 0.5 0.5 0.5 0.5 0.5 0.5 0.5 0.5 0.5 0.5 0.5 0.5 0.5 0.5 0.5 0.5 0.5 0.5 0.5 0.5 0.5 0.5 0.5 0.5 0.5 0.5 0.5 0.5 0.5 0.5 0.5 0.5 0.5 0.5 0.5 0.5 0.5 0.5 0.5 0.5 0.5 0.5 0.5 0.5 0.5 0.5 0.5 0.5 0.5 0.5 0.5 0.5 0.5 0.5 0.5 0.5 0.5 0.5 0.5 0.5 0.5 0.5 0.5 0.5 0.5 0.5 0.5 0.0997505 0.0121284 0.00669285 0.00669285 0.00669285 0.00669285 0.00669285 0.00669285 0.00669285 0.00669285 0.00669285 0.00669285 0.00669285 0.00669285 0.00669285 0.026597 0.880797 0.689974 0.0997505 0.0573242 0.0573242 0.0691384 0.0391657 0.141851 0.141851 0.0322954 0.167982 0.0322954 0.231475 0.0573242 0.0691384 0.167982 0.0691384 0.0997505 0.401312 0.167982 0.310026 0.5 0.141851 0.5 0.5 0.5 0.5 0.5 0.5 0.5 0.5 0.5 0.5 0.5 0.5 0.5 0.5 0.5 0.5 0.5 0.5 0.5 0.5 0.5 0.5 0.5 0.5 0.5 0.5 0.5 0.5 0.5 0.5 0.5 0.5 0.5 0.5 0.5 0.5 0.5 0.5 0.5 
0.5 0.5 0.5 0.5 0.5 0.5 0.5 0.5 0.5 0.5 0.5 0.5 0.5 0.5 0.5 0.5 0.5 0.5 0.5 0.5 0.5 0.5 0.5 0.5 0.5 0.5 0.5 0.5 0.5 0.5 0.5 0.5 0.5 0.5 0.5 0.5 0.5 0.5 0.5 0.5 0.5 0.5 0.5 0.5 0.5 0.5 0.5 0.5 0.5 0.5 0.5 0.5 0.5 0.5 0.5 0.5 0.5 0.5 0.5 0.5 0.5 0.5 0.5 0.5 0.5 0.5 0.5 0.5 0.5 0.5 0.5 0.5 0.5 0.5 0.5 0.5 0.5 0.5 0.5 0.5 0.5 0.5 0.5 0.5 0.5 0.5 0.5 0.5 0.5 0.5 0.5 0.5 0.5 0.5 0.5 0.5 0.5 0.5 0.5 0.5 0.5 0.5 0.5 0.5 0.5 0.5 0.5 0.5 0.5 0.5 0.5 0.5 0.5 0.5 0.5 0.5 0.5 0.5 0.5 0.5 0.5 0.5 0.5 0.5 0.5 0.5 0.5 0.5 0.5 0.5 0.5 0.5 0.5 0.5 0.5 0.5 0.5 0.5 0.5 0.5 0.5 0.5 0.5 0.5 0.5 0.5 0.5 0.5 0.5 0.5 0.5 0.5 0.5 0.5 0.5 0.5 0.5 0.5 0.5 0.5 0.5 0.5 0.5 0.5 0.5 0.5 0.5 0.5 0.5 0.5 0.5 0.5 0.5 0.5 0.5 0.5 0.5 0.5 0.5 0.5 0.5 0.5 0.5 0.5 0.5 0.5 0.5 0.5 0.5 0.5 0.5 0.5 0.5 0.5 0.5 0.5 0.5 0.5 0.5 0.5 0.5 0.5 0.5 0.5 0.5 0.5 0.5 0.5 0.5 0.5 0.5 0.5 0.5 0.5 0.5 0.5 0.5 0.5 0.5 0.5 0.5 0.5 0.167982 0.0099518 0.00669285 0.00669285 0.00669285 0.00669285 0.00669285 0.00669285 0.00669285 0.00669285 0.00669285 0.00669285 0.00669285 0.00669285 0.00669285 0.00669285 0.0179862 0.993307 0.993307 0.645656 0.0831727 0.0691384 0.119203 0.026597 0.0997505 0.119203 0.0691384 0.119203 0.0573242 0.167982 0.0322954 0.197816 0.167982 0.0997505 0.450166 0.141851 0.401312 0.268941 0.310026 0.5 0.5 0.5 0.5 0.5 0.5 0.5 0.5 0.5 0.5 0.5 0.5 0.5 0.5 0.5 0.5 0.5 0.5 0.5 0.5 0.5 0.5 0.5 0.5 0.5 0.5 0.5 0.5 0.5 0.5 0.5 0.5 0.5 0.5 0.5 0.5 0.5 0.5 0.5 
0.5 0.5 0.5 0.5 0.5 0.5 0.5 0.5 0.5 0.5 0.5 0.5 0.5 0.5 0.5 0.5 0.5 0.5 0.5 0.5 0.5 0.5 0.5 0.5 0.5 0.5 0.5 0.5 0.5 0.5 0.5 0.5 0.5 0.5 0.5 0.5 0.5 0.5 0.5 0.5 0.5 0.5 0.5 0.5 0.5 0.5 0.5 0.5 0.5 0.5 0.5 0.5 0.5 0.5 0.5 0.5 0.5 0.5 0.5 0.5 0.5 0.5 0.5 0.5 0.5 0.5 0.5 0.5 0.5 0.5 0.5 0.5 0.5 0.5 0.5 0.5 0.5 0.5 0.5 0.5 0.5 0.5 0.5 0.5 0.5 0.5 0.5 0.5 0.5 0.5 0.5 0.5 0.5 0.5 0.5 0.5 0.5 0.5 0.5 0.5 0.5 0.5 0.5 0.5 0.5 0.5 0.5 0.5 0.5 0.5 0.5 0.5 0.5 0.5 0.5 0.5 0.5 0.5 0.5 0.5 0.5 0.5 0.5 0.5 0.5 0.5 0.5 0.5 0.5 0.5 0.5 0.5 0.5 0.5 0.5 0.5 0.5 0.5 0.5 0.5 0.5 0.5 0.5 0.5 0.5 0.5 0.5 0.5 0.5 0.5 0.5 0.5 0.5 0.5 0.5 0.5 0.5 0.5 0.5 0.5 0.5 0.5 0.5 0.5 0.5 0.5 0.5 0.5 0.5 0.5 0.5 0.5 0.5 0.5 0.5 0.5 0.5 0.5 0.5 0.5 0.5 0.5 0.5 0.5 0.5 0.5 0.5 0.5 0.5 0.5 0.5 0.5 0.5 0.5 0.5 0.5 0.5 0.5 0.5 0.5 0.5 0.5 0.5 0.5 0.5 0.5 0.5 0.5 0.5 0.5 0.5 0.5 0.5 0.5 0.5 0.5 0.5 0.5 0.5 0.5 0.5 0.5 0.167982 0.0121284 0.00669285 0.00669285 0.00669285 0.00669285 0.00669285 0.00669285 0.00669285 0.00669285 0.00669285 0.00669285 0.00669285 0.00669285 0.00669285 0.00669285 0.0121284 0.0218813 0.0573241 0.0391657 0.0691384 0.0391657 0.0691384 0.141851 0.0322954 0.167982 0.0322954 0.141851 0.0474259 0.141851 0.0997505 0.0831727 0.119203 0.401312 0.197816 0.310026 0.268941 0.310026 0.5 0.5 0.5 0.5 0.5 0.5 0.5 0.5 0.5 0.5 0.5 0.5 0.5 0.5 0.5 0.5 0.5 0.5 0.5 0.5 0.5 0.5 0.5 0.5 0.5 0.5 0.5 0.5 0.5 0.5 0.5 0.5 0.5 0.5 0.5 0.5 0.5 0.5 0.5 0.5 
0.5 0.5 0.5 0.5 0.5 0.5 0.5 0.5 0.5 0.5 0.5 0.5 0.5 0.5 0.5 0.5 0.5 0.5 0.5 0.5 0.5 0.5 0.5 0.5 0.5 0.5 0.5 0.5 0.5 0.5 0.5 0.5 0.5 0.5 0.5 0.5 0.5 0.5 0.5 0.5 0.5 0.5 0.5 0.5 0.5 0.5 0.5 0.5 0.5 0.5 0.5 0.5 0.5 0.5 0.5 0.5 0.5 0.5 0.5 0.5 0.5 0.5 0.5 0.5 0.5 0.5 0.5 0.5 0.5 0.5 0.5 0.5 0.5 0.5 0.5 0.5 0.5 0.5 0.5 0.5 0.5 0.5 0.5 0.5 0.5 0.5 0.5 0.5 0.5 0.5 0.5 0.5 0.5 0.5 0.5 0.5 0.5 0.5 0.5 0.5 0.5 0.5 0.5 0.5 0.5 0.5 0.5 0.5 0.5 0.5 0.5 0.5 0.5 0.5 0.5 0.5 0.5 0.5 0.5 0.5 0.5 0.5 0.5 0.5 0.5 0.5 0.5 0.5 0.5 0.5 0.5 0.5 0.5 0.5 0.5 0.5 0.5 0.5 0.5 0.5 0.5 0.5 0.5 0.5 0.5 0.5 0.5 0.5 0.5 0.5 0.5 0.5 0.5 0.5 0.5 0.5 0.5 0.5 0.5 0.5 0.5 0.5 0.5 0.5 0.5 0.5 0.5 0.5 0.5 0.5 0.5 0.5 0.5 0.5 0.5 0.5 0.5 0.5 0.5 0.5 0.5 0.5 0.5 0.5 0.5 0.5 0.5 0.5 0.5 0.5 0.5 0.5 0.5 0.5 0.5 0.5 0.5 0.5 0.5 0.5 0.5 0.5 0.5 0.5 0.5 0.5 0.5 0.5 0.5 0.5 0.5 0.5 0.5 0.5 0.5 0.5 0.5 0.5 0.5 0.5 0.5 0.5 0.5 0.00669285 0.00669285 0.00669285 0.00669285 0.00669285 0.00669285 0.00669285 0.00669285 0.00669285 0.00669285 0.00669285 0.00669285 0.00669285 0.00669285 0.00669285 0.00669285 0.00669285 0.549834 0.731059 0.960834 0.231475 0.0474259 0.0573242 0.119203 0.0691384 0.0573242 0.119203 0.0322954 0.167982 0.0691384 0.0997505 0.354344 0.197816 0.310026 0.268941 0.310026 0.5 0.5 0.5 0.5 0.5 0.5 0.5 0.5 0.5 0.5 0.5 0.5 0.5 0.5 0.5 0.5 0.5 0.5 0.5 0.5 0.5 0.5 0.5 0.5 0.5 0.5 0.5 0.5 0.5 0.5 0.5 0.5 0.5 0.5 0.5 0.5 0.5 0.5 0.5 0.5 0.5 
0.5 0.5 0.5 0.5 0.5 0.5 0.5 0.5 0.5 0.5 0.5 0.5 0.5 0.5 0.5 0.5 0.5 0.5 0.5 0.5 0.5 0.5 0.5 0.5 0.5 0.5 0.5 0.5 0.5 0.5 0.5 0.5 0.5 0.5 0.5 0.5 0.5 0.5 0.5 0.5 0.5 0.5 0.5 0.5 0.5 0.5 0.5 0.5 0.5 0.5 0.5 0.5 0.5 0.5 0.5 0.5 0.5 0.5 0.5 0.5 0.5 0.5 0.5 0.5 0.5 0.5 0.5 0.5 0.5 0.5 0.5 0.5 0.5 0.5 0.5 0.5 0.5 0.5 0.5 0.5 0.5 0.5 0.5 0.5 0.5 0.5 0.5 0.5 0.5 0.5 0.5 0.5 0.5 0.5 0.5 0.5 0.5 0.5 0.5 0.5 0.5 0.5 0.5 0.5 0.5 0.5 0.5 0.5 0.5 0.5 0.5 0.5 0.5 0.5 0.5 0.5 0.5 0.5 0.5 0.5 0.5 0.5 0.5 0.5 0.5 0.5 0.5 0.5 0.5 0.5 0.5 0.5 0.5 0.5 0.5 0.5 0.5 0.5 0.5 0.5 0.5 0.5 0.5 0.5 0.5 0.5 0.5 0.5 0.5 0.5 0.5 0.5 0.5 0.5 0.5 0.5 0.5 0.5 0.5 0.5 0.5 0.5 0.5 0.5 0.5 0.5 0.5 0.5 0.5 0.5 0.5 0.5 0.5 0.5 0.5 0.5 0.5 0.5 0.5 0.5 0.5 0.5 0.5 0.5 0.5 0.5 0.5 0.5 0.5 0.5 0.5 0.5 0.5 0.5 0.5 0.5 0.5 0.5 0.5 0.5 0.5 0.5 0.5 0.5 0.5 0.5 0.5 0.5 0.5 0.5 0.5 0.5 0.5 0.5 0.5 0.5 0.5 0.5 0.5 0.5 0.5 0.5 0.5 0.00669285 0.00669285 0.00669285 0.00669285 0.00669285 0.00669285 0.00669285 0.00669285 0.00669285 0.00669285 0.00669285 0.00669285 0.00669285 0.00669285 0.00669285 0.00669285 0.00669285 0.401312 0.119203 0.549834 0.0691384 0.141851 0.0322954 0.0831727 0.0691384 0.0831727 0.0831727 0.141851 0.0474259 0.0691384 0.231475 0.450166 0.0997505 0.5 0.141851 0.5 0.5 0.5 0.5 0.5 0.5 0.5 0.5 0.5 0.5 0.5 0.5 0.5 0.5 0.5 0.5 0.5 0.5 0.5 0.5 0.5 0.5 0.5 0.5 0.5 0.5 0.5 0.5 0.5 0.5 0.5 0.5 0.5 0.5 0.5 0.5 0.5 0.5 0.5 0.5 0.5 0.5 
0.5 0.5 0.5 0.5 0.5 0.5 0.5 0.5 0.5 0.5 0.5 0.5 0.5 0.5 0.5 0.5 0.5 0.5 0.5 0.5 0.5 0.5 0.5 0.5 0.5 0.5 0.5 0.5 0.5 0.5 0.5 0.5 0.5 0.5 0.5 0.5 0.5 0.5 0.5 0.5 0.5 0.5 0.5 0.5 0.5 0.5 0.5 0.5 0.5 0.5 0.5 0.5 0.5 0.5 0.5 0.5 0.5 0.5 0.5 0.5 0.5 0.5 0.5 0.5 0.5 0.5 0.5 0.5 0.5 0.5 0.5 0.5 0.5 0.5 0.5 0.5 0.5 0.5 0.5 0.5 0.5 0.5 0.5 0.5 0.5 0.5 0.5 0.5 0.5 0.5 0.5 0.5 0.5 0.5 0.5 0.5 0.5 0.5 0.5 0.5 0.5 0.5 0.5 0.5 0.5 0.5 0.5 0.5 0.5 0.5 0.5 0.5 0.5 0.5 0.5 0.5 0.5 0.5 0.5 0.5 0.5 0.5 0.5 0.5 0.5 0.5 0.5 0.5 0.5 0.5 0.5 0.5 0.5 0.5 0.5 0.5 0.5 0.5 0.5 0.5 0.5 0.5 0.5 0.5 0.5 0.5 0.5 0.5 0.5 0.5 0.5 0.5 0.5 0.5 0.5 0.5 0.5 0.5 0.5 0.5 0.5 0.5 0.5 0.5 0.5 0.5 0.5 0.5 0.5 0.5 0.5 0.5 0.5 0.5 0.5 0.5 0.5 0.5 0.5 0.5 0.5 0.5 0.5 0.5 0.5 0.5 0.5 0.5 0.5 0.5 0.5 0.5 0.5 0.5 0.5 0.5 0.5 0.5 0.5 0.5 0.5 0.5 0.5 0.5 0.5 0.5 0.5 0.5 0.5 0.5 0.5 0.5 0.5 0.5 0.5 0.5 0.5 0.5 0.5 0.5 0.5 0.5 0.5 0.00669285 0.00669285 0.00669285 0.00669285 0.00669285 0.00669285 0.00669285 0.00669285 0.00669285 0.00669285 0.00669285 0.00669285 0.00669285 0.00669285 0.00669285 0.00669285 0.00669285 0.0121284 0.0179862 0.026597 0.354344 0.401312 0.119203 0.0691384 0.0573242 0.0573242 0.0691384 0.0997505 0.0831727 0.119203 0.401312 0.141851 0.401312 0.197816 0.401312 0.5 0.5 0.5 0.5 0.5 0.5 0.5 0.5 0.5 0.5 0.5 0.5 0.5 0.5 0.5 0.5 0.5 0.5 0.5 0.5 0.5 0.5 0.5 0.5 0.5 0.5 0.5 0.5 0.5 0.5 0.5 0.5 0.5 0.5 0.5 0.5 0.5 0.5 0.5 0.5 0.5 0.5 
0.5 0.5 0.5 0.5 0.5 0.5 0.5 0.5 0.5 0.5 0.5 0.5 0.5 0.5 0.5 0.5 0.5 0.5 0.5 0.5 0.5 0.5 0.5 0.5 0.5 0.5 0.5 0.5 0.5 0.5 0.5 0.5 0.5 0.5 0.5 0.5 0.5 0.5 0.5 0.5 0.5 0.5 0.5 0.5 0.5 0.5 0.5 0.5 0.5 0.5 0.5 0.5 0.5 0.5 0.5 0.5 0.5 0.5 0.5 0.5 0.5 0.5 0.5 0.5 0.5 0.5 0.5 0.5 0.5 0.5 0.5 0.5 0.5 0.5 0.5 0.5 0.5 0.5 0.5 0.5 0.5 0.5 0.5 0.5 0.5 0.5 0.5 0.5 0.5 0.5 0.5 0.5 0.5 0.5 0.5 0.5 0.5 0.5 0.5 0.5 0.5 0.5 0.5 0.5 0.5 0.5 0.5 0.5 0.5 0.5 0.5 0.5 0.5 0.5 0.5 0.5 0.5 0.5 0.5 0.5 0.5 0.5 0.5 0.5 0.5 0.5 0.5 0.5 0.5 0.5 0.5 0.5 0.5 0.5 0.5 0.5 0.5 0.5 0.5 0.5 0.5 0.5 0.5 0.5 0.5 0.5 0.5 0.5 0.5 0.5 0.5 0.5 0.5 0.5 0.5 0.5 0.5 0.5 0.5 0.5 0.5 0.5 0.5 0.5 0.5 0.5 0.5 0.5 0.5 0.5 0.5 0.5 0.5 0.5 0.5 0.5 0.5 0.5 0.5 0.5 0.5 0.5 0.5 0.5 0.5 0.5 0.5 0.5 0.5 0.5 0.5 0.5 0.5 0.5 0.5 0.5 0.5 0.5 0.5 0.5 0.5 0.5 0.5 0.5 0.5 0.5 0.5 0.5 0.5 0.5 0.5 0.5 0.5 0.5 0.5 0.5 0.5 0.5 0.5 0.5 0.5 0.5 0.5 0.0573242 0.00669285 0.00669285 0.00669285 0.00669285 0.00669285 0.00669285 0.00669285 0.00669285 0.00669285 0.00669285 0.00669285 0.00669285 0.00669285 0.00669285 0.00669285 0.00669285 0.00669285 0.0391657 0.0121284 0.0997505 0.268941 0.768525 0.0573242 0.0474259 0.167982 0.0322954 0.119203 0.0573242 0.354344 0.197816 0.310026 0.268941 0.310026 0.5 0.5 0.5 0.5 0.5 0.5 0.5 0.5 0.5 0.5 0.5 0.5 0.5 0.5 0.5 0.5 0.5 0.5 0.5 0.5 0.5 0.5 0.5 0.5 0.5 0.5 0.5 0.5 0.5 0.5 0.5 0.5 0.5 0.5 0.5 0.5 0.5 0.5 0.5 0.5 0.5 0.5 0.5 
0.5 0.5 0.5 0.5 0.5 0.5 0.5 0.5 0.5 0.5 0.5 0.5 0.5 0.5 0.5 0.5 0.5 0.5 0.5 0.5 0.5 0.5 0.5 0.5 0.5 0.5 0.5 0.5 0.5 0.5 0.5 0.5 0.5 0.5 0.5 0.5 0.5 0.5 0.5 0.5 0.5 0.5 0.5 0.5 0.5 0.5 0.5 0.5 0.5 0.5 0.5 0.5 0.5 0.5 0.5 0.5 0.5 0.5 0.5 0.5 0.5 0.5 0.5 0.5 0.5 0.5 0.5 0.5 0.5 0.5 0.5 0.5 0.5 0.5 0.5 0.5 0.5 0.5 0.5 0.5 0.5 0.5 0.5 0.5 0.5 0.5 0.5 0.5 0.5 0.5 0.5 0.5 0.5 0.5 0.5 0.5 0.5 0.5 0.5 0.5 0.5 0.5 0.5 0.5 0.5 0.5 0.5 0.5 0.5 0.5 0.5 0.5 0.5 0.5 0.5 0.5 0.5 0.5 0.5 0.5 0.5 0.5 0.5 0.5 0.5 0.5 0.5 0.5 0.5 0.5 0.5 0.5 0.5 0.5 0.5 0.5 0.5 0.5 0.5 0.5 0.5 0.5 0.5 0.5 0.5 0.5 0.5 0.5 0.5 0.5 0.5 0.5 0.5 0.5 0.5 0.5 0.5 0.5 0.5 0.5 0.5 0.5 0.5 0.5 0.5 0.5 0.5 0.5 0.5 0.5 0.5 0.5 0.5 0.5 0.5 0.5 0.5 0.5 0.5 0.5 0.5 0.5 0.5 0.5 0.5 0.5 0.5 0.5 0.5 0.5 0.5 0.5 0.5 0.5 0.5 0.5 0.5 0.5 0.5 0.5 0.5 0.5 0.5 0.5 0.5 0.5 0.5 0.5 0.5 0.5 0.5 0.5 0.5 0.5 0.5 0.5 0.5 0.5 0.5 0.5 0.5 0.5 0.5 0.0691384 0.00669285 0.00669285 0.00669285 0.00669285 0.00669285 0.00669285 0.00669285 0.00669285 0.00669285 0.00669285 0.00669285 0.00669285 0.00669285 0.00669285 0.00669285 0.00669285 0.0218813 0.0099518 0.0997505 0.014774 0.0474259 0.993307 0.0573242 0.026597 0.141851 0.0474259 0.0691384 0.231475 0.167982 0.310026 0.268941 0.310026 0.5 0.5 0.5 0.5 0.5 0.5 0.5 0.5 0.5 0.5 0.5 0.5 0.5 0.5 0.5 0.5 0.5 0.5 0.5 0.5 0.5 0.5 0.5 0.5 0.5 0.5 0.5 0.5 0.5 0.5 0.5 0.5 0.5 0.5 0.5 0.5 0.5 0.5 0.5 0.5 0.5 0.5 0.5 0.5 
0.5 0.5 0.5 0.5 0.5 0.5 0.5 0.5 0.5 0.5 0.5 0.5 0.5 0.5 0.5 0.5 0.5 0.5 0.5 0.5 0.5 0.5 0.5 0.5 0.5 0.5 0.5 0.5 0.5 0.5 0.5 0.5 0.5 0.5 0.5 0.5 0.5 0.5 0.5 0.5 0.5 0.5 0.5 0.5 0.5 0.5 0.5 0.5 0.5 0.5 0.5 0.5 0.5 0.5 0.5 0.5 0.5 0.5 0.5 0.5 0.5 0.5 0.5 0.5 0.5 0.5 0.5 0.5 0.5 0.5 0.5 0.5 0.5 0.5 0.5 0.5 0.5 0.5 0.5 0.5 0.5 0.5 0.5 0.5 0.5 0.5 0.5 0.5 0.5 0.5 0.5 0.5 0.5 0.5 0.5 0.5 0.5 0.5 0.5 0.5 0.5 0.5 0.5 0.5 0.5 0.5 0.5 0.5 0.5 0.5 0.5 0.5 0.5 0.5 0.5 0.5 0.5 0.5 0.5 0.5 0.5 0.5 0.5 0.5 0.5 0.5 0.5 0.5 0.5 0.5 0.5 0.5 0.5 0.5 0.5 0.5 0.5 0.5 0.5 0.5 0.5 0.5 0.5 0.5 0.5 0.5 0.5 0.5 0.5 0.5 0.5 0.5 0.5 0.5 0.5 0.5 0.5 0.5 0.5 0.5 0.5 0.5 0.5 0.5 0.5 0.5 0.5 0.5 0.5 0.5 0.5 0.5 0.5 0.5 0.5 0.5 0.5 0.5 0.5 0.5 0.5 0.5 0.5 0.5 0.5 0.5 0.5 0.5 0.5 0.5 0.5 0.5 0.5 0.5 0.5 0.5 0.5 0.5 0.5 0.993307 0.993307 0.993307 0.5 0.5 0.5 0.5 0.5 0.5 0.5 0.5 0.5 0.5 0.5 0.5 0.5 0.5 0.5 0.5 0.5 0.5 0.5 0.5 0.5 0.119203 0.00669285 0.00669285 0.00669285 0.00669285 0.00669285 0.00669285 0.00669285 0.00669285 0.00669285 0.00669285 0.00669285 0.00669285 0.00669285 0.00669285 0.00669285 0.00669285 0.026597 0.026597 0.0474259 0.026597 0.0218813 0.993307 0.167982 0.0322954 0.141851 0.0573242 0.0997505 0.450166 0.0997505 0.5 0.141851 0.5 0.5 0.5 0.5 0.5 0.5 0.5 0.5 0.5 0.5 0.5 0.5 0.5 0.5 0.5 0.5 0.5 0.5 0.5 0.5 0.5 0.5 0.5 0.5 0.5 0.5 0.5 0.5 0.5 0.5 0.5 0.5 0.5 0.5 0.5 0.5 0.5 0.5 0.5 0.5 0.5 0.5 0.5 0.5 0.5 
0.5 0.5 0.5 0.5 0.5 0.5 0.5 0.5 0.5 0.5 0.5 0.5 0.5 0.5 0.5 0.5 0.5 0.5 0.5 0.5 0.5 0.5 0.5 0.5 0.5 0.5 0.5 0.5 0.5 0.5 0.5 0.5 0.5 0.5 0.5 0.5 0.5 0.5 0.5 0.5 0.5 0.5 0.5 0.5 0.5 0.5 0.5 0.5 0.5 0.5 0.5 0.5 0.5 0.5 0.5 0.5 0.5 0.5 0.5 0.5 0.5 0.5 0.5 0.5 0.5 0.5 0.5 0.5 0.5 0.5 0.5 0.5 0.5 0.5 0.5 0.5 0.5 0.5 0.5 0.5 0.5 0.5 0.5 0.5 0.5 0.5 0.5 0.5 0.5 0.5 0.5 0.5 0.5 0.5 0.5 0.5 0.5 0.5 0.5 0.5 0.5 0.5 0.5 0.5 0.5 0.5 0.5 0.5 0.5 0.5 0.5 0.5 0.5 0.5 0.5 0.5 0.5 0.5 0.5 0.5 0.5 0.5 0.5 0.5 0.5 0.5 0.5 0.5 0.5 0.5 0.5 0.5 0.5 0.5 0.5 0.5 0.5 0.5 0.5 0.5 0.5 0.5 0.5 0.5 0.5 0.5 0.5 0.5 0.5 0.5 0.5 0.5 0.5 0.5 0.5 0.5 0.5 0.5 0.5 0.5 0.5 0.5 0.5 0.5 0.5 0.5 0.5 0.5 0.5 0.5 0.5 0.5 0.5 0.5 0.5 0.5 0.5 0.5 0.5 0.5 0.5 0.5 0.5 0.5 0.5 0.5 0.5 0.5 0.5 0.5 0.5 0.5 0.5 0.5 0.5 0.5 0.5 0.5 0.5 0.993307 0.231475 0.197816 0.268941 0.5 0.5 0.5 0.5 0.5 0.5 0.5 0.5 0.5 0.5 0.5 0.5 0.5 0.5 0.5 0.5 0.5 0.5 0.5 0.5 0.119203 0.00669285 0.00669285 0.00669285 0.00669285 0.00669285 0.00669285 0.00669285 0.00669285 0.00669285 0.00669285 0.00669285 0.00669285 0.00669285 0.00669285 0.00669285 0.026597 0.026597 0.0474259 0.014774 0.0474259 0.00669285 0.991837 0.993307 0.0322954 0.119203 0.0573242 0.354344 0.141851 0.401312 0.141851 0.5 0.5 0.5 0.5 0.5 0.5 0.5 0.5 0.5 0.5 0.5 0.5 0.5 0.5 0.5 0.5 0.5 0.5 0.5 0.5 0.5 0.5 0.5 0.5 0.5 0.5 0.5 0.5 0.5 0.5 0.5 0.5 0.5 0.5 0.5 0.5 0.5 0.5 0.5 0.5 0.5 0.5 0.5 0.5 0.5 0.5 
0.5 0.5 0.5 0.5 0.5 0.5 0.5 0.5 0.5 0.5 0.5 0.5 0.5 0.5 0.5 0.5 0.5 0.5 0.5 0.5 0.5 0.5 0.5 0.5 0.5 0.5 0.5 0.5 0.5 0.5 0.5 0.5 0.5 0.5 0.5 0.5 0.5 0.5 0.5 0.5 0.5 0.5 0.5 0.5 0.5 0.5 0.5 0.5 0.5 0.5 0.5 0.5 0.5 0.5 0.5 0.5 0.5 0.5 0.5 0.5 0.5 0.5 0.5 0.5 0.5 0.5 0.5 0.5 0.5 0.5 0.5 0.5 0.5 0.5 0.5 0.5 0.5 0.5 0.5 0.5 0.5 0.5 0.5 0.5 0.5 0.5 0.5 0.5 0.5 0.5 0.5 0.5 0.5 0.5 0.5 0.5 0.5 0.5 0.5 0.5 0.5 0.5 0.5 0.5 0.5 0.5 0.5 0.5 0.5 0.5 0.5 0.5 0.5 0.5 0.5 0.5 0.5 0.5 0.5 0.5 0.5 0.5 0.5 0.5 0.5 0.5 0.5 0.5 0.5 0.5 0.5 0.5 0.5 0.5 0.5 0.5 0.5 0.5 0.5 0.5 0.5 0.5 0.5 0.5 0.5 0.5 0.5 0.5 0.5 0.5 0.5 0.5 0.5 0.5 0.5 0.5 0.5 0.5 0.5 0.5 0.5 0.5 0.5 0.5 0.5 0.5 0.5 0.5 0.5 0.5 0.5 0.5 0.5 0.5 0.5 0.5 0.5 0.5 0.5 0.5 0.5 0.5 0.5 0.5 0.5 0.5 0.5 0.5 0.5 0.5 0.5 0.5 0.5 0.5 0.5 0.5 0.5 0.5 0.5 0.993307 0.0831727 0.197816 0.268941 0.5 0.993307 0.768525 0.993307 0.993307 0.973403 0.993307 0.993307 0.993307 0.916827 0.993307 0.993307 0.916827 0.5 0.5 0.5 0.5 0.5 0.5 0.768525 0.268941 0.00669285 0.00669285 0.00669285 0.00669285 0.00669285 0.00669285 0.00669285 0.00669285 0.00669285 0.00669285 0.00669285 0.00669285 0.00669285 0.00669285 0.00669285 0.0121284 0.0179862 0.0691384 0.026597 0.197816 0.00669285 0.197816 0.993307 0.0474259 0.0691384 0.231475 0.167982 0.310026 0.268941 0.310026 0.5 0.5 0.5 0.5 0.5 0.5 0.5 0.5 0.5 0.5 0.5 0.5 0.5 0.5 0.5 0.5 0.5 0.5 0.5 0.5 0.5 0.5 0.5 0.5 0.5 0.5 0.5 0.5 0.5 0.5 0.5 0.5 0.5 0.5 0.5 0.5 0.5 0.5 0.5 0.5 0.5 0.5 0.5 0.5 0.5 0.5 
0.5 0.5 0.5 0.5 0.5 0.5 0.5 0.5 0.5 0.5 0.5 0.5 0.5 0.5 0.5 0.5 0.5 0.5 0.5 0.5 0.5 0.5 0.5 0.5 0.5 0.5 0.5 0.5 0.5 0.5 0.5 0.5 0.5 0.5 0.5 0.5 0.5 0.5 0.5 0.5 0.5 0.5 0.5 0.5 0.5 0.5 0.5 0.5 0.5 0.5 0.5 0.5 0.5 0.5 0.5 0.5 0.5 0.5 0.5 0.5 0.5 0.5 0.5 0.5 0.5 0.5 0.5 0.5 0.5 0.5 0.5 0.5 0.5 0.5 0.5 0.5 0.5 0.5 0.5 0.5 0.5 0.5 0.5 0.5 0.5 0.5 0.5 0.5 0.5 0.5 0.5 0.5 0.5 0.5 0.5 0.5 0.5 0.5 0.5 0.5 0.5 0.5 0.5 0.5 0.5 0.5 0.5 0.5 0.5 0.5 0.5 0.5 0.5 0.5 0.5 0.5 0.5 0.5 0.5 0.5 0.5 0.5 0.5 0.5 0.5 0.5 0.5 0.5 0.5 0.5 0.5 0.5 0.5 0.5 0.5 0.5 0.5 0.5 0.5 0.5 0.5 0.5 0.5 0.5 0.5 0.5 0.5 0.5 0.5 0.5 0.5 0.5 0.5 0.5 0.5 0.5 0.5 0.5 0.5 0.5 0.5 0.5 0.5 0.5 0.5 0.5 0.5 0.5 0.5 0.5 0.5 0.5 0.5 0.5 0.5 0.5 0.5 0.5 0.5 0.5 0.5 0.5 0.5 0.5 0.5 0.5 0.5 0.5 0.5 0.5 0.5 0.5 0.5 0.5 0.5 0.5 0.5 0.5 0.5 0.993307 0.0573242 0.231475 0.197816 0.268941 0.5 0.119203 0.450166 0.0474259 0.197816 0.0997505 0.167982 0.993307 0.990048 0.978119 0.982014 0.960834 0.993307 0.993307 0.993307 0.993307 0.993307 0.768525 0.993307 0.993307 0.00669285 0.00669285 0.00669285 0.00669285 0.00669285 0.00669285 0.00669285 0.00669285 0.00669285 0.00669285 0.00669285 0.00669285 0.00669285 0.00669285 0.00669285 0.014774 0.0573242 0.0179862 0.0322954 0.00816257 0.0691384 0.0179862 0.993307 0.0573242 0.0997505 0.268941 0.197816 0.268941 0.310026 0.5 0.5 0.5 0.5 0.5 0.5 0.5 0.5 0.5 0.5 0.5 0.5 0.5 0.5 0.5 0.5 0.5 0.5 0.5 0.5 0.5 0.5 0.5 0.5 0.5 0.5 0.5 0.5 0.5 0.5 0.5 0.5 0.5 0.5 0.5 0.5 0.5 0.5 0.5 0.5 0.5 0.5 0.5 0.5 0.5 0.5 0.5 
0.5 0.5 0.5 0.5 0.5 0.5 0.5 0.5 0.5 0.5 0.5 0.5 0.5 0.5 0.5 0.5 0.5 0.5 0.5 0.5 0.5 0.5 0.5 0.5 0.5 0.5 0.5 0.5 0.5 0.5 0.5 0.5 0.5 0.5 0.5 0.5 0.5 0.5 0.5 0.5 0.5 0.5 0.5 0.5 0.5 0.5 0.5 0.5 0.5 0.5 0.5 0.5 0.5 0.5 0.5 0.5 0.5 0.5 0.5 0.5 0.5 0.5 0.5 0.5 0.5 0.5 0.5 0.5 0.5 0.5 0.5 0.5 0.5 0.5 0.5 0.5 0.5 0.5 0.5 0.5 0.5 0.5 0.5 0.5 0.5 0.5 0.5 0.5 0.5 0.5 0.5 0.5 0.5 0.5 0.5 0.5 0.5 0.5 0.5 0.5 0.5 0.5 0.5 0.5 0.5 0.5 0.5 0.5 0.5 0.5 0.5 0.5 0.5 0.5 0.5 0.5 0.5 0.5 0.5 0.5 0.5 0.5 0.5 0.5 0.5 0.5 0.5 0.5 0.5 0.5 0.5 0.5 0.5 0.5 0.5 0.5 0.5 0.5 0.5 0.5 0.5 0.5 0.5 0.5 0.5 0.5 0.5 0.5 0.5 0.5 0.5 0.5 0.5 0.5 0.5 0.5 0.5 0.5 0.5 0.5 0.5 0.5 0.5 0.5 0.5 0.5 0.5 0.5 0.5 0.5 0.5 0.5 0.5 0.5 0.5 0.5 0.5 0.5 0.5 0.5 0.5 0.5 0.5 0.5 0.5 0.5 0.5 0.5 0.5 0.5 0.5 0.5 0.5 0.5 0.5 0.5 0.5 0.5 0.5 0.993307 0.0573242 0.231475 0.231475 0.119203 0.401312 0.119203 0.450166 0.0997505 0.167982 0.354344 0.0997505 0.0474259 0.0474259 0.0831727 0.0997505 0.967705 0.960834 0.978119 0.978119 0.978119 0.973403 0.993307 0.991837 0.014774 0.0573242 0.00669285 0.00669285 0.00669285 0.00669285 0.00669285 0.00669285 0.00669285 0.00669285 0.00669285 0.00669285 0.00669285 0.00669285 0.00669285 0.0121284 0.0322954 0.026597 0.0218813 0.014774 0.00669285 0.00669285 0.00669285 0.993307 0.354344 0.401312 0.0997505 0.310026 0.268941 0.5 0.5 0.5 0.5 0.5 0.5 0.5 0.5 0.5 0.5 0.5 0.5 0.5 0.5 0.5 0.5 0.5 0.5 0.5 0.5 0.5 0.5 0.5 0.5 0.5 0.5 0.5 0.5 0.5 0.5 0.5 0.5 0.5 0.5 0.5 0.5 0.5 0.5 0.5 0.5 0.5 0.5 0.5 0.5 0.5 0.5 0.5 0.5 
0.5 0.5 0.5 0.5 0.5 0.5 0.5 0.5 0.5 0.5 0.5 0.5 0.5 0.5 0.5 0.5 0.5 0.5 0.5 0.5 0.5 0.5 0.5 0.5 0.5 0.5 0.5 0.5 0.5 0.5 0.5 0.5 0.5 0.5 0.5 0.5 0.5 0.5 0.5 0.5 0.5 0.5 0.5 0.5 0.5 0.5 0.5 0.5 0.5 0.5 0.5 0.5 0.5 0.5 0.5 0.5 0.5 0.5 0.5 0.5 0.5 0.5 0.5 0.5 0.5 0.5 0.5 0.5 0.5 0.5 0.5 0.5 0.5 0.5 0.5 0.5 0.5 0.5 0.5 0.5 0.5 0.5 0.5 0.5 0.5 0.5 0.5 0.5 0.5 0.5 0.5 0.5 0.5 0.5 0.5 0.5 0.5 0.5 0.5 0.5 0.5 0.5 0.5 0.5 0.5 0.5 0.5 0.5 0.5 0.5 0.5 0.5 0.5 0.5 0.5 0.5 0.5 0.5 0.5 0.5 0.5 0.5 0.5 0.5 0.5 0.5 0.5 0.5 0.5 0.5 0.5 0.5 0.5 0.5 0.5 0.5 0.5 0.5 0.5 0.5 0.5 0.5 0.5 0.5 0.5 0.5 0.5 0.5 0.5 0.5 0.5 0.5 0.5 0.5 0.5 0.5 0.5 0.5 0.5 0.5 0.5 0.5 0.5 0.5 0.5 0.5 0.5 0.5 0.5 0.5 0.5 0.5 0.5 0.5 0.5 0.5 0.5 0.5 0.5 0.5 0.5 0.5 0.5 0.5 0.5 0.5 0.5 0.5 0.5 0.5 0.5 0.5 0.5 0.5 0.5 0.5 0.5 0.5 0.5 0.973403 0.141851 0.0997505 0.141851 0.119203 0.268941 0.5 0.119203 0.450166 0.0474259 0.197816 0.0997505 0.167982 0.0831727 0.0831727 0.0322954 0.00669285 0.00816257 0.026597 0.0179862 0.026597 0.014774 0.978119 0.549834 0.00669285 0.0997505 0.014774 0.00669285 0.00669285 0.00669285 0.00669285 0.00669285 0.00669285 0.00669285 0.00669285 0.00669285 0.0218813 0.231475 0.00669285 0.0179862 0.0218813 0.0121284 0.026597 0.00669285 0.00669285 0.00669285 0.00669285 0.993307 0.993307 0.167982 0.354344 0.645656 0.5 0.973403 0.5 0.5 0.5 0.5 0.5 0.5 0.5 0.5 0.5 0.5 0.5 0.5 0.5 0.5 0.5 0.5 0.5 0.5 0.5 0.5 0.5 0.5 0.5 0.5 0.5 0.5 0.5 0.5 0.5 0.5 0.5 0.5 0.5 0.5 0.5 0.5 0.5 0.5 0.5 0.5 0.5 0.5 0.5 0.5 0.5 0.5 0.5 
0.5 0.5 0.5 0.5 0.5 0.5 0.5 0.5 0.5 0.5 0.5 0.5 0.5 0.5 0.5 0.5 0.5 0.5 0.5 0.5 0.5 0.5 0.5 0.5 0.5 0.5 0.5 0.5 0.5 0.5 0.5 0.5 0.5 0.5 0.5 0.5 0.5 0.5 0.5 0.5 0.5 0.5 0.5 0.5 0.5 0.5 0.5 0.5 0.5 0.5 0.5 0.5 0.5 0.5 0.5 0.5 0.5 0.5 0.5 0.5 0.5 0.5 0.5 0.5 0.5 0.5 0.5 0.5 0.5 0.5 0.5 0.5 0.5 0.5 0.5 0.5 0.5 0.5 0.5 0.5 0.5 0.5 0.5 0.5 0.5 0.5 0.5 0.5 0.5 0.5 0.5 0.5 0.5 0.5 0.5 0.5 0.5 0.5 0.5 0.5 0.5 0.5 0.5 0.5 0.5 0.5 0.5 0.5 0.5 0.5 0.5 0.5 0.5 0.5 0.5 0.5 0.5 0.5 0.5 0.5 0.5 0.5 0.5 0.5 0.5 0.5 0.5 0.5 0.5 0.5 0.5 0.5 0.5 0.5 0.5 0.5 0.5 0.5 0.5 0.5 0.5 0.5 0.5 0.5 0.5 0.5 0.5 0.5 0.5 0.5 0.5 0.5 0.5 0.5 0.5 0.5 0.5 0.5 0.5 0.5 0.5 0.5 0.5 0.5 0.5 0.5 0.5 0.5 0.5 0.5 0.5 0.5 0.5 0.5 0.5 0.5 0.5 0.5 0.5 0.5 0.5 0.5 0.5 0.5 0.5 0.5 0.5 0.5 0.5 0.5 0.5 0.5 0.5 0.5 0.5 0.5 0.5 0.5 0.993307 0.768525 0.231475 0.141851 0.0997505 0.141851 0.197816 0.268941 0.119203 0.450166 0.0997505 0.167982 0.858149 0.0997505 0.0391657 0.0391657 0.0391657 0.0322954 0.0099518 0.00669285 0.0179862 0.00816257 0.014774 0.0179862 0.00669285 0.014774 0.00669285 0.00816257 0.00669285 0.00669285 0.00669285 0.00669285 0.00669285 0.00669285 0.00669285 0.00669285 0.00669285 0.231475 0.0573242 0.00669285 0.014774 0.026597 0.0121284 0.00816257 0.00669285 0.00669285 0.00669285 0.00669285 0.401312 0.993307 0.598688 0.268941 0.5 0.354344 0.5 0.5 0.916827 0.991837 0.5 0.5 0.5 0.5 0.5 0.5 0.5 0.5 0.5 0.5 0.5 0.5 0.5 0.5 0.5 0.5 0.5 0.5 0.5 0.5 0.5 0.5 0.5 0.5 0.5 0.5 0.5 0.5 0.5 0.5 0.5 0.5 0.5 0.5 0.5 0.5 0.5 0.5 0.5 0.5 0.5 0.5 0.5 0.5 
0.5 0.5 0.5 0.5 0.5 0.5 0.5 0.5 0.5 0.5 0.5 0.5 0.5 0.5 0.5 0.5 0.5 0.5 0.5 0.5 0.5 0.5 0.5 0.5 0.5 0.5 0.5 0.5 0.5 0.5 0.5 0.5 0.5 0.5 0.5 0.5 0.5 0.5 0.5 0.5 0.5 0.5 0.5 0.5 0.5 0.5 0.5 0.5 0.5 0.5 0.5 0.5 0.5 0.5 0.5 0.5 0.5 0.5 0.5 0.5 0.5 0.5 0.5 0.5 0.5 0.5 0.5 0.5 0.5 0.5 0.5 0.5 0.5 0.5 0.5 0.5 0.5 0.5 0.5 0.5 0.5 0.5 0.5 0.5 0.5 0.5 0.5 0.5 0.5 0.5 0.5 0.5 0.5 0.5 0.5 0.5 0.5 0.5 0.5 0.5 0.5 0.5 0.5 0.5 0.5 0.5 0.5 0.5 0.5 0.5 0.5 0.5 0.5 0.5 0.5 0.5 0.5 0.5 0.5 0.5 0.5 0.5 0.5 0.5 0.5 0.5 0.5 0.5 0.5 0.5 0.5 0.5 0.5 0.5 0.5 0.5 0.5 0.5 0.5 0.5 0.5 0.5 0.5 0.5 0.5 0.5 0.5 0.5 0.5 0.5 0.5 0.5 0.5 0.5 0.5 0.5 0.5 0.5 0.5 0.5 0.5 0.5 0.5 0.5 0.5 0.5 0.5 0.5 0.5 0.5 0.5 0.5 0.5 0.5 0.5 0.5 0.5 0.5 0.5 0.5 0.5 0.5 0.5 0.5 0.5 0.5 0.5 0.5 0.5 0.5 0.5 0.5 0.5 0.5 0.5 0.5 0.5 0.5 0.5 0.167982 0.450166 0.141851 0.119203 0.119203 0.141851 0.197816 0.401312 0.119203 0.450166 0.0474259 0.141851 0.0997505 0.0691384 0.0831727 0.0322954 0.0099518 0.0322954 0.0218813 0.026597 0.197816 0.993307 0.993307 0.993307 0.310025 0.00669285 0.00669285 0.00669285 0.00669285 0.00669285 0.00669285 0.00669285 0.00669285 0.00669285 0.00669285 0.00669285 0.00669285 0.00669285 0.014774 0.0218813 0.0121284 0.026597 0.00669285 0.00669285 0.00669285 0.00669285 0.00669285 0.00669285 0.993307 0.167982 0.310026 0.354344 0.768525 0.916827 0.960834 0.832018 0.993307 0.5 0.5 0.5 0.5 0.973403 0.5 0.5 0.5 0.5 0.5 0.5 0.5 0.5 0.5 0.5 0.5 0.5 0.5 0.5 0.5 0.5 0.5 0.5 0.5 0.5 0.5 0.5 0.5 0.5 0.5 0.5 0.5 0.5 0.5 0.5 0.5 0.5 0.5 0.5 0.5 0.5 0.5 0.5 0.5 
0.5 0.5 0.5 0.5 0.5 0.5 0.5 0.5 0.5 0.5 0.5 0.5 0.5 0.5 0.5 0.5 0.5 0.5 0.5 0.5 0.5 0.5 0.5 0.5 0.5 0.5 0.5 0.5 0.5 0.5 0.5 0.5 0.5 0.5 0.5 0.5 0.5 0.5 0.5 0.5 0.5 0.5 0.5 0.5 0.5 0.5 0.5 0.5 0.5 0.5 0.5 0.5 0.5 0.5 0.5 0.5 0.5 0.5 0.5 0.5 0.5 0.5 0.5 0.5 0.5 0.5 0.5 0.5 0.5 0.5 0.5 0.5 0.5 0.5 0.5 0.5 0.5 0.5 0.5 0.5 0.5 0.5 0.5 0.5 0.5 0.5 0.5 0.5 0.5 0.5 0.5 0.5 0.5 0.5 0.5 0.5 0.5 0.5 0.5 0.5 0.5 0.5 0.5 0.5 0.5 0.5 0.5 0.5 0.5 0.5 0.5 0.5 0.5 0.5 0.5 0.5 0.5 0.5 0.5 0.5 0.5 0.5 0.5 0.5 0.5 0.5 0.5 0.5 0.5 0.5 0.5 0.5 0.5 0.5 0.5 0.5 0.5 0.5 0.5 0.5 0.5 0.5 0.5 0.5 0.5 0.5 0.5 0.5 0.5 0.5 0.5 0.5 0.5 0.5 0.5 0.5 0.5 0.5 0.5 0.5 0.5 0.5 0.5 0.5 0.5 0.5 0.5 0.5 0.5 0.5 0.5 0.5 0.5 0.5 0.5 0.5 0.5 0.5 0.5 0.5 0.5 0.5 0.5 0.5 0.5 0.5 0.5 0.5 0.5 0.5 0.5 0.5 0.5 0.5 0.5 0.5 0.5 0.5 0.5 0.5 0.167982 0.310026 0.231475 0.0573242 0.141851 0.119203 0.268941 0.268941 0.231475 0.0997505 0.401312 0.991837 0.0474259 0.0391657 0.916827 0.993307 0.00669285 0.014774 0.026597 0.549834 0.310026 0.0218813 0.00669285 0.00669285 0.00669285 0.00669285 0.00669285 0.00669285 0.00669285 0.00669285 0.00669285 0.00669285 0.00669285 0.00669285 0.00669285 0.00669285 0.00669285 0.014774 0.0179862 0.0179862 0.00669285 0.00669285 0.00669285 0.00669285 0.00669285 0.00669285 0.00669285 0.993307 0.598688 0.952574 0.990048 0.987872 0.978119 0.991837 0.990048 0.993307 0.993307 0.768525 0.768525 0.354344 0.5 0.768525 0.5 0.5 0.5 0.5 0.5 0.5 0.5 0.5 0.5 0.5 0.5 0.5 0.5 0.5 0.5 0.5 0.5 0.5 0.5 0.5 0.5 0.5 0.5 0.5 0.5 0.5 0.5 0.5 0.5 0.5 0.5 0.5 0.5 0.5 0.5 0.5 0.5 0.5 
0.5 0.5 0.5 0.5 0.5 0.5 0.5 0.5 0.5 0.5 0.5 0.5 0.5 0.5 0.5 0.5 0.5 0.5 0.5 0.5 0.5 0.5 0.5 0.5 0.5 0.5 0.5 0.5 0.5 0.5 0.5 0.5 0.5 0.5 0.5 0.5 0.5 0.5 0.5 0.5 0.5 0.5 0.5 0.5 0.5 0.5 0.5 0.5 0.5 0.5 0.5 0.5 0.5 0.5 0.5 0.5 0.5 0.5 0.5 0.5 0.5 0.5 0.5 0.5 0.5 0.5 0.5 0.5 0.5 0.5 0.5 0.5 0.5 0.5 0.5 0.5 0.5 0.5 0.5 0.5 0.5 0.5 0.5 0.5 0.5 0.5 0.5 0.5 0.5 0.5 0.5 0.5 0.5 0.5 0.5 0.5 0.5 0.5 0.5 0.5 0.5 0.5 0.5 0.5 0.5 0.5 0.5 0.5 0.5 0.5 0.5 0.5 0.5 0.5 0.5 0.5 0.5 0.5 0.5 0.5 0.5 0.5 0.5 0.5 0.5 0.5 0.5 0.5 0.5 0.5 0.5 0.5 0.5 0.5 0.5 0.5 0.5 0.5 0.5 0.5 0.5 0.5 0.5 0.5 0.5 0.5 0.5 0.5 0.5 0.5 0.5 0.5 0.5 0.5 0.5 0.5 0.5 0.5 0.5 0.5 0.5 0.5 0.5 0.5 0.5 0.5 0.5 0.5 0.5 0.5 0.5 0.5 0.5 0.5 0.5 0.5 0.5 0.5 0.5 0.5 0.5 0.5 0.5 0.5 0.5 0.5 0.5 0.5 0.5 0.5 0.5 0.5 0.5 0.5 0.5 0.5 0.5 0.5 0.5 0.5 0.310026 0.268941 0.354344 0.141851 0.0573242 0.141851 0.119203 0.401312 0.119203 0.450166 0.141851 0.993307 0.993307 0.993307 0.993307 0.993307 0.993307 0.00669285 0.0831727 0.00669285 0.00669285 0.0179862 0.0573242 0.00669285 0.00669285 0.00669285 0.00669285 0.00669285 0.00669285 0.00669285 0.00669285 0.00669285 0.00669285 0.00669285 0.00669285 0.00669285 0.00669285 0.00816257 0.0099518 0.00669285 0.00669285 0.00669285 0.00669285 0.00669285 0.00669285 0.00669285 0.00669285 0.993307 0.993307 0.993307 0.973403 0.990048 0.993307 0.978119 0.982014 0.993307 0.993307 0.993307 0.354344 0.5 0.450166 0.5 0.993307 0.5 0.5 0.5 0.5 0.5 0.5 0.5 0.5 0.5 0.5 0.5 0.5 0.5 0.5 0.5 0.5 0.5 0.5 0.5 0.5 0.5 0.5 0.5 0.5 0.5 0.5 0.5 0.5 0.5 0.5 0.5 0.5 0.5 0.5 0.5 0.5 0.5 
0.5 0.5 0.5 0.5 0.5 0.5 0.5 0.5 0.5 0.5 0.5 0.5 0.5 0.5 0.5 0.5 0.5 0.5 0.5 0.5 0.5 0.5 0.5 0.5 0.5 0.5 0.5 0.5 0.5 0.5 0.5 0.5 0.5 0.5 0.5 0.5 0.5 0.5 0.5 0.5 0.5 0.5 0.5 0.5 0.5 0.5 0.5 0.5 0.5 0.5 0.5 0.5 0.5 0.5 0.5 0.5 0.5 0.5 0.5 0.5 0.5 0.5 0.5 0.5 0.5 0.5 0.5 0.5 0.5 0.5 0.5 0.5 0.5 0.5 0.5 0.5 0.5 0.5 0.5 0.5 0.5 0.5 0.5 0.5 0.5 0.5 0.5 0.5 0.5 0.5 0.5 0.5 0.5 0.5 0.5 0.5 0.5 0.5 0.5 0.5 0.5 0.5 0.5 0.5 0.5 0.5 0.5 0.5 0.5 0.5 0.5 0.5 0.5 0.5 0.5 0.5 0.5 0.5 0.5 0.5 0.5 0.5 0.5 0.5 0.5 0.5 0.5 0.5 0.5 0.5 0.5 0.5 0.5 0.5 0.5 0.5 0.5 0.5 0.5 0.5 0.5 0.5 0.5 0.5 0.5 0.5 0.5 0.5 0.5 0.5 0.5 0.5 0.5 0.5 0.5 0.5 0.5 0.5 0.5 0.5 0.5 0.5 0.5 0.5 0.5 0.5 0.5 0.5 0.5 0.5 0.5 0.5 0.5 0.5 0.5 0.5 0.5 0.5 0.5 0.5 0.5 0.5 0.5 0.5 0.5 0.5 0.5 0.5 0.5 0.5 0.5 0.5 0.5 0.5 0.5 0.5 0.5 0.5 0.5 0.5 0.5 0.167982 0.450166 0.231475 0.141851 0.0997505 0.0831727 0.952574 0.993307 0.993307 0.993307 0.993307 0.993307 0.993307 0.987872 0.00669285 0.993307 0.993307 0.993307 0.993307 0.00669285 0.00669285 0.00816258 0.00669285 0.00669285 0.00669285 0.00669285 0.00669285 0.00669285 0.00669285 0.00669285 0.00669285 0.00669285 0.00669285 0.993307 0.00669285 0.00669285 0.0121284 0.00669285 0.00669285 0.00669285 0.00669285 0.00669285 0.00669285 0.00669285 0.00669285 0.00669285 0.645656 0.993307 0.982014 0.952574 0.916827 0.993307 0.993307 0.993307 0.990048 0.802184 0.993307 0.450166 0.450166 0.5 0.268941 0.993307 0.768525 0.5 0.5 0.5 0.5 0.5 0.5 0.5 0.5 0.5 0.5 0.5 0.5 0.5 0.5 0.5 0.5 0.5 0.5 0.5 0.5 0.5 0.5 0.5 0.5 0.5 0.5 0.5 0.5 0.5 0.5 0.5 0.5 0.5 0.5 0.5 0.5 
0.5 0.5 0.5 0.5 0.5 0.5 0.5 0.5 0.5 0.5 0.5 0.5 0.5 0.5 0.5 0.5 0.5 0.5 0.5 0.5 0.5 0.5 0.5 0.5 0.5 0.5 0.5 0.5 0.5 0.5 0.5 0.5 0.5 0.5 0.5 0.5 0.5 0.5 0.5 0.5 0.5 0.5 0.5 0.5 0.5 0.5 0.5 0.5 0.5 0.5 0.5 0.5 0.5 0.5 0.5 0.5 0.5 0.5 0.5 0.5 0.5 0.5 0.5 0.5 0.5 0.5 0.5 0.5 0.5 0.5 0.5 0.5 0.5 0.5 0.5 0.5 0.5 0.5 0.5 0.5 0.5 0.5 0.5 0.5 0.5 0.5 0.5 0.5 0.5 0.5 0.5 0.5 0.5 0.5 0.5 0.5 0.5 0.5 0.5 0.5 0.5 0.5 0.5 0.5 0.5 0.5 0.5 0.5 0.5 0.5 0.5 0.5 0.5 0.5 0.5 0.5 0.5 0.5 0.5 0.5 0.5 0.5 0.5 0.5 0.5 0.5 0.5 0.5 0.5 0.5 0.5 0.5 0.5 0.5 0.5 0.5 0.5 0.5 0.5 0.5 0.5 0.5 0.5 0.5 0.5 0.5 0.5 0.5 0.5 0.5 0.5 0.5 0.5 0.5 0.5 0.5 0.5 0.5 0.5 0.5 0.5 0.5 0.5 0.5 0.5 0.5 0.5 0.5 0.5 0.5 0.5 0.5 0.5 0.5 0.5 0.5 0.5 0.5 0.5 0.5 0.5 0.5 0.5 0.5 0.5 0.5 0.5 0.5 0.5 0.5 0.5 0.5 0.5 0.5 0.5 0.5 0.5 0.5 0.5 0.5 0.5 0.5 0.167982 0.967705 0.993307 0.993307 0.993307 0.993307 0.993307 0.993307 0.991837 0.00669285 0.00669285 0.00669285 0.00669285 0.00669285 0.00669285 0.993307 0.987872 0.119203 0.0691384 0.00669285 0.0691384 0.00669285 0.00669285 0.00669285 0.00669285 0.00669285 0.00669285 0.00669285 0.00669285 0.00669285 0.00669285 0.00669285 0.00669285 0.00669285 0.993307 0.0099518 0.00669285 0.00669285 0.00669285 0.00669285 0.00669285 0.00669285 0.00669285 0.00669285 0.991837 0.00669285 0.993307 0.993307 0.991837 0.985226 0.026597 0.00669285 0.00669285 0.401312 0.993307 0.450166 0.5 0.268941 0.268941 0.119203 0.993307 0.993307 0.5 0.5 0.5 0.5 0.5 0.5 0.5 0.5 0.5 0.5 0.5 0.5 0.5 0.5 0.5 0.5 0.5 0.5 0.5 0.5 0.5 0.5 0.5 0.5 0.5 0.5 0.5 0.5 0.5 0.5 0.5 0.5 0.5 0.5 0.5 0.5 
0.5 0.5 0.5 0.5 0.5 0.5 0.5 0.5 0.5 0.5 0.5 0.5 0.5 0.5 0.5 0.5 0.5 0.5 0.5 0.5 0.5 0.5 0.5 0.5 0.5 0.5 0.5 0.5 0.5 0.5 0.5 0.5 0.5 0.5 0.5 0.5 0.5 0.5 0.5 0.5 0.5 0.5 0.5 0.5 0.5 0.5 0.5 0.5 0.5 0.5 0.5 0.5 0.5 0.5 0.5 0.5 0.5 0.5 0.5 0.5 0.5 0.5 0.5 0.5 0.5 0.5 0.5 0.5 0.5 0.5 0.5 0.5 0.5 0.5 0.5 0.5 0.5 0.5 0.5 0.5 0.5 0.5 0.5 0.5 0.5 0.5 0.5 0.5 0.5 0.5 0.5 0.5 0.5 0.5 0.5 0.5 0.5 0.5 0.5 0.5 0.5 0.5 0.5 0.5 0.5 0.5 0.5 0.5 0.5 0.5 0.5 0.5 0.5 0.5 0.5 0.5 0.5 0.5 0.5 0.5 0.5 0.5 0.5 0.5 0.5 0.5 0.5 0.5 0.5 0.5 0.5 0.5 0.5 0.5 0.5 0.5 0.5 0.5 0.5 0.5 0.5 0.5 0.5 0.5 0.5 0.5 0.5 0.5 0.5 0.5 0.5 0.5 0.5 0.5 0.5 0.5 0.5 0.5 0.5 0.5 0.5 0.5 0.5 0.5 0.5 0.5 0.5 0.5 0.5 0.5 0.5 0.5 0.5 0.5 0.5 0.5 0.5 0.5 0.5 0.5 0.5 0.5 0.5 0.5 0.5 0.5 0.5 0.5 0.5 0.5 0.5 0.5 0.5 0.5 0.5 0.5 0.5 0.5 0.5 0.5 0.993307 0.993307 0.993307 0.993307 0.993307 0.993307 0.973403 0.310026 0.00669285 0.00669285 0.00669285 0.00669285 0.00669285 0.00669285 0.00669285 0.00669285 0.00669285 0.00669285 0.310026 0.00669285 0.0218813 0.00669285 0.00669285 0.00669285 0.00669285 0.00669285 0.00669285 0.00669285 0.00669285 0.00669285 0.00669285 0.00669285 0.00669285 0.00669285 0.00669285 0.00669286 0.645656 0.00669285 0.00669285 0.00669285 0.00669285 0.00669285 0.00669285 0.00669285 0.00669285 0.00669285 0.00669285 0.00669285 0.00669285 0.00669285 0.00669285 0.00669285 0.00669285 0.00669285 0.00669285 0.0573242 0.993307 0.993307 0.268941 0.141851 0.0997505 0.450166 0.231475 0.993307 0.993307 0.5 0.5 0.5 0.5 0.5 0.5 0.5 0.5 0.5 0.5 0.5 0.5 0.5 0.5 0.5 0.5 0.5 0.5 0.5 0.5 0.5 0.5 0.5 0.5 0.5 0.5 0.5 0.5 0.5 0.5 0.5 0.5 0.5 0.5 0.5 
0.5 0.5 0.5 0.5 0.5 0.5 0.5 0.5 0.5 0.5 0.5 0.5 0.5 0.5 0.5 0.5 0.5 0.5 0.5 0.5 0.5 0.5 0.5 0.5 0.5 0.5 0.5 0.5 0.5 0.5 0.5 0.5 0.5 0.5 0.5 0.5 0.5 0.5 0.5 0.5 0.5 0.5 0.5 0.5 0.5 0.5 0.5 0.5 0.5 0.5 0.5 0.5 0.5 0.5 0.5 0.5 0.5 0.5 0.5 0.5 0.5 0.5 0.5 0.5 0.5 0.5 0.5 0.5 0.5 0.5 0.5 0.5 0.5 0.5 0.5 0.5 0.5 0.5 0.5 0.5 0.5 0.5 0.5 0.5 0.5 0.5 0.5 0.5 0.5 0.5 0.5 0.5 0.5 0.5 0.5 0.5 0.5 0.5 0.5 0.5 0.5 0.5 0.5 0.5 0.5 0.5 0.5 0.5 0.5 0.5 0.5 0.5 0.5 0.5 0.5 0.5 0.5 0.5 0.5 0.5 0.5 0.5 0.5 0.5 0.5 0.5 0.5 0.5 0.5 0.5 0.5 0.5 0.5 0.5 0.5 0.5 0.5 0.5 0.5 0.5 0.5 0.5 0.5 0.5 0.5 0.5 0.5 0.5 0.5 0.5 0.5 0.5 0.5 0.5 0.5 0.5 0.5 0.5 0.5 0.5 0.5 0.5 0.5 0.5 0.5 0.5 0.5 0.5 0.5 0.5 0.5 0.5 0.5 0.5 0.5 0.5 0.5 0.5 0.5 0.5 0.5 0.5 0.5 0.5 0.5 0.5 0.5 0.5 0.5 0.5 0.5 0.5 0.5 0.5 0.5 0.5 0.5 0.5 0.993307 0.993307 0.993307 0.993307 0.993307 0.0121284 0.00669285 0.0218813 0.0218813 0.0691384 0.00669285 0.00669285 0.00669285 0.00669285 0.00669285 0.00669285 0.00669285 0.00669285 0.00669285 0.00669285 0.00669285 0.119203 0.00669285 0.00669285 0.00669285 0.00669285 0.00669285 0.00669285 0.00669285 0.00669285 0.00669285 0.00669285 0.00669285 0.00669285 0.00669285 0.00669285 0.00669285 0.993307 0.993307 0.993307 0.993307 0.00669285 0.00669285 0.00669285 0.00669285 0.00669285 0.00669285 0.00669285 0.00669285 0.00669285 0.00669285 0.00669285 0.00669285 0.00669285 0.00669285 0.00669285 0.00669285 0.0997505 0.960834 0.993307 0.119203 0.141851 0.0322954 0.0218813 0.985226 0.993307 0.993307 0.5 0.5 0.5 0.5 0.5 0.5 0.5 0.5 0.5 0.5 0.5 0.5 0.5 0.5 0.5 0.5 0.5 0.5 0.5 0.5 0.5 0.5 0.5 0.5 0.5 0.5 0.5 0.5 0.5 0.5 0.5 0.5 0.5 0.5 0.5 
0.5 0.5 0.5 0.5 0.5 0.5 0.5 0.5 0.5 0.5 0.5 0.5 0.5 0.5 0.5 0.5 0.5 0.5 0.5 0.5 0.5 0.5 0.5 0.5 0.5 0.5 0.5 0.5 0.5 0.5 0.5 0.5 0.5 0.5 0.5 0.5 0.5 0.5 0.5 0.5 0.5 0.5 0.5 0.5 0.5 0.5 0.5 0.5 0.5 0.5 0.5 0.5 0.5 0.5 0.5 0.5 0.5 0.5 0.5 0.5 0.5 0.5 0.5 0.5 0.5 0.5 0.5 0.5 0.5 0.5 0.5 0.5 0.5 0.5 0.5 0.5 0.5 0.5 0.5 0.5 0.5 0.5 0.5 0.5 0.5 0.5 0.5 0.5 0.5 0.5 0.5 0.5 0.5 0.5 0.5 0.5 0.5 0.5 0.5 0.5 0.5 0.5 0.5 0.5 0.5 0.5 0.5 0.5 0.5 0.5 0.5 0.5 0.5 0.5 0.5 0.5 0.5 0.5 0.5 0.5 0.5 0.5 0.5 0.5 0.5 0.5 0.5 0.5 0.5 0.5 0.5 0.5 0.5 0.5 0.5 0.5 0.5 0.5 0.5 0.5 0.5 0.5 0.5 0.5 0.5 0.5 0.5 0.5 0.5 0.5 0.5 0.5 0.5 0.5 0.5 0.5 0.5 0.5 0.5 0.5 0.5 0.5 0.5 0.5 0.5 0.5 0.5 0.5 0.5 0.5 0.5 0.5 0.5 0.5 0.5 0.5 0.5 0.5 0.5 0.5 0.5 0.5 0.5 0.5 0.5 0.5 0.5 0.5 0.5 0.5 0.5 0.5 0.5 0.5 0.5 0.768525 0.993307 0.993307 0.993307 0.991837 0.990048 0.141851 0.00669285 0.00669285 0.00669285 0.00669285 0.00669285 0.00669285 0.00669285 0.00669285 0.00669285 0.00669285 0.00669285 0.00669285 0.00669285 0.00669285 0.00669285 0.00669285 0.00669285 0.00669285 0.00669285 0.00669285 0.00669285 0.00669285 0.00669285 0.00669285 0.00669285 0.00669285 0.00669285 0.00669285 0.00669285 0.00669285 0.00669285 0.00669285 0.00669285 0.00669285 0.993307 0.985226 0.987872 0.00669285 0.00669285 0.00669285 0.00669285 0.00669285 0.00669285 0.00669285 0.00669285 0.00669285 0.00669285 0.00669285 0.00669285 0.00669285 0.00669285 0.00669285 0.00669285 0.401312 0.00669285 0.993307 0.167982 0.0831727 0.014774 0.00669285 0.00669285 0.197816 0.993307 0.768525 0.5 0.5 0.5 0.5 0.5 0.5 0.5 0.5 0.5 0.5 0.5 0.5 0.5 0.5 0.5 0.5 0.5 0.5 0.5 0.5 0.5 0.5 0.5 0.5 0.5 0.5 0.5 0.5 0.5 0.5 0.5 0.5 0.5 0.5 
0.5 0.5 0.5 0.5 0.5 0.5 0.5 0.5 0.5 0.5 0.5 0.5 0.5 0.5 0.5 0.5 0.5 0.5 0.5 0.5 0.5 0.5 0.5 0.5 0.5 0.5 0.5 0.5 0.5 0.5 0.5 0.5 0.5 0.5 0.5 0.5 0.5 0.5 0.5 0.5 0.5 0.5 0.5 0.5 0.5 0.5 0.5 0.5 0.5 0.5 0.5 0.5 0.5 0.5 0.5 0.5 0.5 0.5 0.5 0.5 0.5 0.5 0.5 0.5 0.5 0.5 0.5 0.5 0.5 0.5 0.5 0.5 0.5 0.5 0.5 0.5 0.5 0.5 0.5 0.5 0.5 0.5 0.5 0.5 0.5 0.5 0.5 0.5 0.5 0.5 0.5 0.5 0.5 0.5 0.5 0.5 0.5 0.5 0.5 0.5 0.5 0.5 0.5 0.5 0.5 0.5 0.5 0.5 0.5 0.5 0.5 0.5 0.5 0.5 0.5 0.5 0.5 0.5 0.5 0.5 0.5 0.5 0.5 0.5 0.5 0.5 0.5 0.5 0.5 0.5 0.5 0.5 0.5 0.5 0.5 0.5 0.5 0.5 0.5 0.5 0.5 0.5 0.5 0.5 0.5 0.5 0.5 0.5 0.5 0.5 0.5 0.5 0.5 0.5 0.5 0.5 0.5 0.5 0.5 0.5 0.5 0.5 0.5 0.5 0.5 0.5 0.5 0.5 0.5 0.5 0.5 0.5 0.5 0.5 0.5 0.5 0.5 0.5 0.5 0.5 0.5 0.5 0.5 0.5 0.5 0.5 0.5 0.5 0.5 0.5 0.5 0.973403 0.993307 0.993307 0.993307 0.993307 0.993307 0.991837 0.689974 0.00669285 0.00669285 0.00669285 0.00669285 0.00669285 0.00669285 0.00669285 0.00669285 0.00669285 0.00669285 0.00669285 0.00669285 0.00669285 0.00669285 0.00669285 0.00669285 0.00669285 0.00669285 0.00669285 0.00669285 0.00669285 0.00669285 0.00669285 0.00669285 0.00669285 0.00669285 0.00669285 0.00669285 0.00669285 0.00669285 0.00669285 0.00669285 0.00669285 0.00669285 0.00669285 0.00669285 0.00669285 0.00669285 0.00669285 0.00669285 0.00669285 0.00669285 0.00669285 0.00669285 0.00669285 0.00669285 0.00669285 0.00669285 0.00669285 0.00669285 0.00669285 0.00669285 0.00669285 0.00669285 0.00669285 0.231475 0.00669285 0.00669285 0.993307 0.0691384 0.014774 0.00669285 0.00669285 0.00669285 0.00669285 0.993307 0.993307 0.5 0.5 0.5 0.5 0.5 0.5 0.5 0.5 0.5 0.5 0.5 0.5 0.5 0.5 0.5 0.5 0.5 0.5 0.5 0.5 0.5 0.5 0.5 0.5 0.5 0.5 0.5 0.5 0.5 0.5 0.5 0.5 0.5 0.5 
0.5 0.5 0.5 0.5 0.5 0.5 0.5 0.5 0.5 0.5 0.5 0.5 0.5 0.5 0.5 0.5 0.5 0.5 0.5 0.5 0.5 0.5 0.5 0.5 0.5 0.5 0.5 0.5 0.5 0.5 0.5 0.5 0.5 0.5 0.5 0.5 0.5 0.5 0.5 0.5 0.5 0.5 0.5 0.5 0.5 0.5 0.5 0.5 0.5 0.5 0.5 0.5 0.5 0.5 0.5 0.5 0.5 0.5 0.5 0.5 0.5 0.5 0.5 0.5 0.5 0.5 0.5 0.5 0.5 0.5 0.5 0.5 0.5 0.5 0.5 0.5 0.5 0.5 0.5 0.5 0.5 0.5 0.5 0.5 0.5 0.5 0.5 0.5 0.5 0.5 0.5 0.5 0.5 0.5 0.5 0.5 0.5 0.5 0.5 0.5 0.5 0.5 0.5 0.5 0.5 0.5 0.5 0.5 0.5 0.5 0.5 0.5 0.5 0.5 0.5 0.5 0.5 0.5 0.5 0.5 0.5 0.5 0.5 0.5 0.5 0.5 0.5 0.5 0.5 0.5 0.5 0.5 0.5 0.5 0.5 0.5 0.5 0.5 0.5 0.5 0.5 0.5 0.5 0.5 0.5 0.5 0.5 0.5 0.5 0.5 0.5 0.5 0.5 0.5 0.5 0.5 0.5 0.5 0.5 0.5 0.5 0.5 0.5 0.5 0.5 0.5 0.5 0.5 0.5 0.5 0.5 0.5 0.5 0.5 0.5 0.5 0.5 0.5 0.5 0.5 0.5 0.5 0.5 0.5 0.5 0.5 0.5 0.5 0.5 0.5 0.5 0.993307 0.987872 0.982014 0.960834 0.916827 0.978119 0.0391657 0.0179862 0.00816257 0.00669285 0.00669285 0.00669285 0.450166 0.00669285 0.00669285 0.00669285 0.00669285 0.00669285 0.00669285 0.00669285 0.00669285 0.00669285 0.00669285 0.00669285 0.00669285 0.00669285 0.00669285 0.00669285 0.00669285 0.00669285 0.00669285 0.00669285 0.00669285 0.00669285 0.00669285 0.00669285 0.00669285 0.00669285 0.00669285 0.00669285 0.00669285 0.00669285 0.00669285 0.00669285 0.00669285 0.00669285 0.00669285 0.00669285 0.00669285 0.00669285 0.00669285 0.00669285 0.00669285 0.00669285 0.00669285 0.00669285 0.00669285 0.00669285 0.00669285 0.00669285 0.00669285 0.00669285 0.00669285 0.00669285 0.00669285 0.00669285 0.0218813 0.014774 0.00669285 0.00669285 0.00669285 0.00669285 0.00669285 0.993307 0.993307 0.5 0.5 0.5 0.5 0.5 0.5 0.5 0.5 0.5 0.5 0.5 0.5 0.5 0.5 0.5 0.5 0.5 0.5 0.5 0.5 0.5 0.5 0.5 0.5 0.5 0.5 0.5 0.5 0.5 0.5 0.5 0.5 0.5 0.5 
0.5 0.5 0.5 0.5 0.5 0.5 0.5 0.5 0.5 0.5 0.5 0.5 0.5 0.5 0.5 0.5 0.5 0.5 0.5 0.5 0.5 0.5 0.5 0.5 0.5 0.5 0.5 0.5 0.5 0.5 0.5 0.5 0.5 0.5 0.5 0.5 0.5 0.5 0.5 0.5 0.5 0.5 0.5 0.5 0.5 0.5 0.5 0.5 0.5 0.5 0.5 0.5 0.5 0.5 0.5 0.5 0.5 0.5 0.5 0.5 0.5 0.5 0.5 0.5 0.5 0.5 0.5 0.5 0.5 0.5 0.5 0.5 0.5 0.5 0.5 0.5 0.5 0.5 0.5 0.5 0.5 0.5 0.5 0.5 0.5 0.5 0.5 0.5 0.5 0.5 0.5 0.5 0.5 0.5 0.5 0.5 0.5 0.5 0.5 0.5 0.5 0.5 0.5 0.5 0.5 0.5 0.5 0.5 0.5 0.5 0.5 0.5 0.5 0.5 0.5 0.5 0.5 0.5 0.5 0.5 0.5 0.5 0.5 0.5 0.5 0.5 0.5 0.5 0.5 0.5 0.5 0.5 0.5 0.5 0.5 0.5 0.5 0.5 0.5 0.5 0.5 0.5 0.5 0.5 0.5 0.5 0.5 0.5 0.5 0.5 0.5 0.5 0.5 0.5 0.5 0.5 0.5 0.5 0.5 0.5 0.5 0.5 0.5 0.5 0.5 0.5 0.5 0.5 0.5 0.5 0.5 0.5 0.5 0.5 0.5 0.5 0.5 0.5 0.5 0.5 0.5 0.5 0.5 0.5 0.5 0.5 0.5 0.5 0.5 0.5 0.916827 0.993307 0.268941 0.0573242 0.0997505 0.880797 0.119203 0.0099518 0.00816257 0.0474259 0.0179862 0.0179862 0.00669285 0.00669285 0.00669285 0.00669285 0.00669285 0.00669285 0.00669285 0.00669285 0.00669285 0.00669285 0.00669285 0.00669285 0.00669285 0.00669285 0.00669285 0.00669285 0.00669285 0.00669285 0.00669285 0.00669285 0.00669285 0.00669285 0.00669285 0.00669285 0.00669285 0.00669285 0.00669285 0.00669285 0.00669285 0.00669285 0.00669285 0.00669285 0.00669285 0.00669285 0.00669285 0.00669285 0.00669285 0.00669285 0.00669285 0.00669285 0.00669285 0.00669285 0.00669285 0.00669285 0.00669285 0.00669285 0.00669285 0.00669285 0.00669285 0.00669285 0.00669285 0.00669285 0.141851 0.00669285 0.0179862 0.00669285 0.00669285 0.00669285 0.00669285 0.00669285 0.0121284 0.00669285 0.00669285 0.993307 0.5 0.5 0.5 0.5 0.5 0.5 0.5 0.5 0.5 0.5 0.5 0.5 0.5 0.5 0.5 0.5 0.5 0.5 0.5 0.5 0.5 0.5 0.5 0.5 0.5 0.5 0.5 0.5 0.5 0.5 0.5 0.5 0.5 0.5 
0.5 0.5 0.5 0.5 0.5 0.5 0.5 0.5 0.5 0.5 0.5 0.5 0.5 0.5 0.5 0.5 0.5 0.5 0.5 0.5 0.5 0.5 0.5 0.5 0.5 0.5 0.5 0.5 0.5 0.5 0.5 0.5 0.5 0.5 0.5 0.5 0.5 0.5 0.5 0.5 0.5 0.5 0.5 0.5 0.5 0.5 0.5 0.5 0.5 0.5 0.5 0.5 0.5 0.5 0.5 0.5 0.5 0.5 0.5 0.5 0.5 0.5 0.5 0.5 0.5 0.5 0.5 0.5 0.5 0.5 0.5 0.5 0.5 0.5 0.5 0.5 0.5 0.5 0.5 0.5 0.5 0.5 0.5 0.5 0.5 0.5 0.5 0.5 0.5 0.5 0.5 0.5 0.5 0.5 0.5 0.5 0.5 0.5 0.5 0.5 0.5 0.5 0.5 0.5 0.5 0.5 0.5 0.5 0.5 0.5 0.5 0.5 0.5 0.5 0.5 0.5 0.5 0.5 0.5 0.5 0.5 0.5 0.5 0.5 0.5 0.5 0.5 0.5 0.5 0.5 0.5 0.5 0.5 0.5 0.5 0.5 0.5 0.5 0.5 0.5 0.5 0.5 0.5 0.5 0.5 0.5 0.5 0.5 0.5 0.5 0.5 0.5 0.5 0.5 0.5 0.5 0.5 0.5 0.5 0.5 0.5 0.5 0.5 0.5 0.5 0.5 0.5 0.5 0.5 0.5 0.5 0.5 0.5 0.5 0.5 0.5 0.5 0.5 0.5 0.5 0.5 0.5 0.5 0.5 0.5 0.5 0.5 0.5 0.5 0.5 0.5 0.960834 0.197816 0.0997505 0.026597 0.0831727 0.014774 0.026597 0.0099518 0.00816257 0.0322954 0.00669285 0.00816257 0.00669285 0.00669285 0.00669285 0.00669285 0.00669285 0.00669285 0.00669285 0.00669285 0.00669285 0.00669285 0.00669285 0.00669285 0.00669285 0.00669285 0.00669285 0.00669285 0.00669285 0.00669285 0.00669285 0.00669285 0.00669285 0.00669285 0.00669285 0.00669285 0.00669285 0.00669285 0.00669285 0.00669285 0.00669285 0.00669285 0.00669285 0.00669285 0.00669285 0.00669285 0.00669285 0.00669285 0.00669285 0.00669285 0.00669285 0.00669285 0.00669285 0.00669285 0.00669285 0.00669285 0.00669285 0.00669285 0.00669285 0.00669285 0.00669285 0.00669285 0.967705 0.993307 0.00816257 0.00669285 0.00669285 0.00669285 0.00669285 0.00669285 0.00669285 0.00669285 0.00669285 0.0322955 0.5 0.5 0.5 0.5 0.5 0.5 0.5 0.5 0.5 0.5 0.5 0.5 0.5 0.5 0.5 0.5 0.5 0.5 0.5 0.5 0.5 0.5 0.5 0.5 0.5 0.5 0.5 0.5 0.5 0.5 0.5 0.5 0.5 0.5 0.5 
0.5 0.5 0.5 0.5 0.5 0.5 0.5 0.5 0.5 0.5 0.5 0.5 0.5 0.5 0.5 0.5 0.5 0.5 0.5 0.5 0.5 0.5 0.5 0.5 0.5 0.5 0.5 0.5 0.5 0.5 0.5 0.5 0.5 0.5 0.5 0.5 0.5 0.5 0.5 0.5 0.5 0.5 0.5 0.5 0.5 0.5 0.5 0.5 0.5 0.5 0.5 0.5 0.5 0.5 0.5 0.5 0.5 0.5 0.5 0.5 0.5 0.5 0.5 0.5 0.5 0.5 0.5 0.5 0.5 0.5 0.5 0.5 0.5 0.5 0.5 0.5 0.5 0.5 0.5 0.5 0.5 0.5 0.5 0.5 0.5 0.5 0.5 0.5 0.5 0.5 0.5 0.5 0.5 0.5 0.5 0.5 0.5 0.5 0.5 0.5 0.5 0.5 0.5 0.5 0.5 0.5 0.5 0.5 0.5 0.5 0.5 0.5 0.5 0.5 0.5 0.5 0.5 0.5 0.5 0.5 0.5 0.5 0.5 0.5 0.5 0.5 0.5 0.5 0.5 0.5 0.5 0.5 0.5 0.5 0.5 0.5 0.5 0.5 0.5 0.5 0.5 0.5 0.5 0.5 0.5 0.5 0.5 0.5 0.5 0.5 0.5 0.5 0.5 0.5 0.5 0.5 0.5 0.5 0.5 0.5 0.5 0.5 0.5 0.5 0.5 0.5 0.5 0.5 0.5 0.5 0.5 0.5 0.5 0.5 0.5 0.5 0.5 0.5 0.5 0.5 0.5 0.5 0.5 0.5 0.5 0.5 0.5 0.5 0.5 0.5 0.5 0.5 0.990048 0.197816 0.0573242 0.0573242 0.0831727 0.0573242 0.0179862 0.00669285 0.00816257 0.0121284 0.00816257 0.00669285 0.00669285 0.00669285 0.00669285 0.00669285 0.00669285 0.00669285 0.00669285 0.00669285 0.00669285 0.00669285 0.00669285 0.00669285 0.00669285 0.00669285 0.00669285 0.00669285 0.00669285 0.00669285 0.00669285 0.00669285 0.00669285 0.00669285 0.00669285 0.00669285 0.00669285 0.00669285 0.00669285 0.00669285 0.00669285 0.00669285 0.00669285 0.00669285 0.00669285 0.00669285 0.00669285 0.00669285 0.00669285 0.00669285 0.00669285 0.00669285 0.00669285 0.00669285 0.00669285 0.00669285 0.00669285 0.00669285 0.00669285 0.00669285 0.00669285 0.978119 0.985226 0.00669285 0.00669285 0.00669285 0.0997505 0.0099518 0.00669285 0.00669285 0.450166 0.401312 0.5 0.5 0.5 0.5 0.5 0.5 0.5 0.5 0.5 0.5 0.5 0.5 0.5 0.5 0.5 0.5 0.5 0.5 0.5 0.5 0.5 0.5 0.5 0.5 0.5 0.5 0.5 0.5 0.5 0.5 0.5 0.5 0.5 0.5 0.5 0.5 
0.5 0.5 0.5 0.5 0.5 0.5 0.5 0.5 0.5 0.5 0.5 0.5 0.5 0.5 0.5 0.5 0.5 0.5 0.5 0.5 0.5 0.5 0.5 0.5 0.5 0.5 0.5 0.5 0.5 0.5 0.5 0.5 0.5 0.5 0.5 0.5 0.5 0.5 0.5 0.5 0.5 0.5 0.5 0.5 0.5 0.5 0.5 0.5 0.5 0.5 0.5 0.5 0.5 0.5 0.5 0.5 0.5 0.5 0.5 0.5 0.5 0.5 0.5 0.5 0.5 0.5 0.5 0.5 0.5 0.5 0.5 0.5 0.5 0.5 0.5 0.5 0.5 0.5 0.5 0.5 0.5 0.5 0.5 0.5 0.5 0.5 0.5 0.5 0.5 0.5 0.5 0.5 0.5 0.5 0.5 0.5 0.5 0.5 0.5 0.5 0.5 0.5 0.5 0.5 0.5 0.5 0.5 0.5 0.5 0.5 0.5 0.5 0.5 0.5 0.5 0.5 0.5 0.5 0.5 0.5 0.5 0.5 0.5 0.5 0.5 0.5 0.5 0.5 0.5 0.5 0.5 0.5 0.5 0.5 0.5 0.5 0.5 0.5 0.5 0.5 0.5 0.5 0.5 0.5 0.5 0.5 0.5 0.5 0.5 0.5 0.5 0.5 0.5 0.5 0.5 0.5 0.5 0.5 0.5 0.5 0.5 0.5 0.5 0.5 0.5 0.5 0.5 0.5 0.5 0.5 0.5 0.5 0.5 0.5 0.5 0.5 0.5 0.5 0.5 0.5 0.5 0.5 0.5 0.5 0.5 0.5 0.5 0.5 0.5 0.5 0.5 0.5 0.993307 0.0831727 0.0997505 0.0831727 0.0322954 0.0573242 0.026597 0.0099518 0.00669285 0.00669285 0.0121284 0.0099518 0.00816257 0.00669285 0.00669285 0.00669285 0.00669285 0.00669285 0.00669285 0.00669285 0.00669285 0.00669285 0.00669285 0.00669285 0.00669285 0.00669285 0.00669285 0.00669285 0.00669285 0.993307 0.993307 0.00669285 0.00669285 0.00669285 0.00669285 0.00669285 0.00669285 0.00669285 0.00669285 0.00669285 0.00669285 0.00669285 0.00669285 0.00669285 0.00669285 0.00669285 0.00669285 0.00669285 0.00669285 0.00669285 0.00669285 0.00669285 0.00669285 0.00669285 0.00669285 0.00669285 0.00669285 0.00669285 0.00669285 0.00669285 0.00669285 0.00669285 0.00669285 0.00669285 0.00669285 0.00669285 0.0474259 0.00669286 0.00669285 0.167982 0.5 0.5 0.5 0.5 0.5 0.5 0.5 0.5 0.5 0.5 0.5 0.5 0.5 0.5 0.5 0.5 0.5 0.5 0.5 0.5 0.5 0.5 0.5 0.5 0.5 0.5 0.5 0.5 0.5 0.5 0.5 0.5 0.5 0.5 0.5 0.5 0.5 0.5 
0.5 0.5 0.5 0.5 0.5 0.5 0.5 0.5 0.5 0.5 0.5 0.5 0.5 0.5 0.5 0.5 0.5 0.5 0.5 0.5 0.5 0.5 0.5 0.5 0.5 0.5 0.5 0.5 0.5 0.5 0.5 0.5 0.5 0.5 0.5 0.5 0.5 0.5 0.5 0.5 0.5 0.5 0.5 0.5 0.5 0.5 0.5 0.5 0.5 0.5 0.5 0.5 0.5 0.5 0.5 0.5 0.5 0.5 0.5 0.5 0.5 0.5 0.5 0.5 0.5 0.5 0.5 0.5 0.5 0.5 0.5 0.5 0.5 0.5 0.5 0.5 0.5 0.5 0.5 0.5 0.5 0.5 0.5 0.5 0.5 0.5 0.5 0.5 0.5 0.5 0.5 0.5 0.5 0.5 0.5 0.5 0.5 0.5 0.5 0.5 0.5 0.5 0.5 0.5 0.5 0.5 0.5 0.5 0.5 0.5 0.5 0.5 0.5 0.5 0.5 0.5 0.5 0.5 0.5 0.5 0.5 0.5 0.5 0.5 0.5 0.5 0.5 0.5 0.5 0.5 0.5 0.5 0.5 0.5 0.5 0.5 0.5 0.5 0.5 0.5 0.5 0.5 0.5 0.5 0.5 0.5 0.5 0.5 0.5 0.5 0.5 0.5 0.5 0.5 0.5 0.5 0.5 0.5 0.5 0.5 0.5 0.5 0.5 0.5 0.5 0.5 0.5 0.5 0.5 0.5 0.5 0.5 0.5 0.5 0.5 0.5 0.5 0.5 0.5 0.5 0.5 0.5 0.5 0.5 0.5 0.5 0.5 0.5 0.5 0.5 0.5 0.5 0.993307 0.0997505 0.141851 0.0573242 0.0391657 0.026597 0.00669285 0.00669285 0.0391657 0.00669285 0.00669285 0.0391657 0.00669285 0.00669285 0.0474259 0.00669285 0.00669285 0.00669285 0.00669285 0.00669285 0.00669285 0.00669285 0.00669285 0.00669285 0.00669285 0.00669285 0.00669285 0.00669285 0.00669285 0.00669285 0.0391657 0.0218813 0.310025 0.00669285 0.00669285 0.00669285 0.00669285 0.00669285 0.00669285 0.00669285 0.00669285 0.00669285 0.00669285 0.00669285 0.00669285 0.00669285 0.00669285 0.00669285 0.00669285 0.00669285 0.00669285 0.00669285 0.00669285 0.00669285 0.00669285 0.00669285 0.00669285 0.00669285 0.00669285 0.00669285 0.00669285 0.00669285 0.00669285 0.00669285 0.00669285 0.00669285 0.0218813 0.993307 0.5 0.5 0.5 0.5 0.5 0.5 0.5 0.5 0.5 0.5 0.5 0.5 0.5 0.5 0.5 0.5 0.5 0.5 0.5 0.5 0.5 0.5 0.5 0.5 0.5 0.5 0.5 0.5 0.5 0.5 0.5 0.5 0.5 0.5 0.5 0.5 0.5 0.5 0.5 0.5 
0.5 0.5 0.5 0.5 0.5 0.5 0.5 0.5 0.5 0.5 0.5 0.5 0.5 0.5 0.5 0.5 0.5 0.5 0.5 0.5 0.5 0.5 0.5 0.5 0.5 0.5 0.5 0.5 0.5 0.5 0.5 0.5 0.5 0.5 0.5 0.5 0.5 0.5 0.5 0.5 0.5 0.5 0.5 0.5 0.5 0.5 0.5 0.5 0.5 0.5 0.5 0.5 0.5 0.5 0.5 0.5 0.5 0.5 0.5 0.5 0.5 0.5 0.5 0.5 0.5 0.5 0.5 0.5 0.5 0.5 0.5 0.5 0.5 0.5 0.5 0.5 0.5 0.5 0.5 0.5 0.5 0.5 0.5 0.5 0.5 0.5 0.5 0.5 0.5 0.5 0.5 0.5 0.5 0.5 0.5 0.5 0.5 0.5 0.5 0.5 0.5 0.5 0.5 0.5 0.5 0.5 0.5 0.5 0.5 0.5 0.5 0.5 0.5 0.5 0.5 0.5 0.5 0.5 0.5 0.5 0.5 0.5 0.5 0.5 0.5 0.5 0.5 0.5 0.5 0.5 0.5 0.5 0.5 0.5 0.5 0.5 0.5 0.5 0.5 0.5 0.5 0.5 0.5 0.5 0.5 0.5 0.5 0.5 0.5 0.5 0.5 0.5 0.5 0.5 0.5 0.5 0.5 0.5 0.5 0.5 0.5 0.5 0.5 0.5 0.5 0.5 0.5 0.5 0.5 0.5 0.5 0.5 0.5 0.5 0.5 0.5 0.5 0.5 0.5 0.5 0.5 0.5 0.5 0.5 0.5 0.5 0.5 0.5 0.5 0.5 0.5 0.993307 0.991837 0.119203 0.0474259 0.0997505 0.0831727 0.00816257 0.0218813 0.0218813 0.00669285 0.00669285 0.0099518 0.00669285 0.00669285 0.00669285 0.00669285 0.014774 0.00669285 0.00669285 0.00669285 0.00669285 0.00669285 0.00669285 0.00669285 0.00669285 0.00669285 0.00669285 0.00669285 0.00669285 0.00669285 0.00669285 0.197816 0.993307 0.990048 0.00669285 0.00669285 0.00669285 0.00669285 0.00669285 0.00669285 0.00669285 0.00669285 0.00669285 0.00669285 0.00669285 0.00669285 0.00669285 0.00669285 0.00669285 0.00669285 0.00669285 0.00669285 0.00669285 0.00669285 0.00669285 0.00669285 0.00669285 0.00669285 0.00669285 0.00669285 0.00669285 0.00669285 0.00669285 0.00669285 0.00669285 0.00669285 0.00669285 0.00669285 0.993307 0.993307 0.5 0.5 0.5 0.5 0.5 0.5 0.5 0.5 0.5 0.5 0.5 0.5 0.5 0.5 0.5 0.5 0.5 0.5 0.5 0.5 0.5 0.5 0.5 0.5 0.5 0.5 0.5 0.5 0.5 0.5 0.5 0.5 0.5 0.5 0.5 0.5 0.5 0.5 0.5 
0.5 0.5 0.5 0.5 0.5 0.5 0.5 0.5 0.5 0.5 0.5 0.5 0.5 0.5 0.5 0.5 0.5 0.5 0.5 0.5 0.5 0.5 0.5 0.5 0.5 0.5 0.5 0.5 0.5 0.5 0.5 0.5 0.5 0.5 0.5 0.5 0.5 0.5 0.5 0.5 0.5 0.5 0.5 0.5 0.5 0.5 0.5 0.5 0.5 0.5 0.5 0.5 0.5 0.5 0.5 0.5 0.5 0.5 0.5 0.5 0.5 0.5 0.5 0.5 0.5 0.5 0.5 0.5 0.5 0.5 0.5 0.5 0.5 0.5 0.5 0.5 0.5 0.5 0.5 0.5 0.5 0.5 0.5 0.5 0.5 0.5 0.5 0.5 0.5 0.5 0.5 0.5 0.5 0.5 0.5 0.5 0.5 0.5 0.5 0.5 0.5 0.5 0.5 0.5 0.5 0.5 0.5 0.5 0.5 0.5 0.5 0.5 0.5 0.5 0.5 0.5 0.5 0.5 0.5 0.5 0.5 0.5 0.5 0.5 0.5 0.5 0.5 0.5 0.5 0.5 0.5 0.5 0.5 0.5 0.5 0.5 0.5 0.5 0.5 0.5 0.5 0.5 0.5 0.5 0.5 0.5 0.5 0.5 0.5 0.5 0.5 0.5 0.5 0.5 0.5 0.5 0.5 0.5 0.5 0.5 0.5 0.5 0.5 0.5 0.5 0.5 0.5 0.5 0.5 0.5 0.5 0.5 0.5 0.5 0.5 0.5 0.5 0.5 0.5 0.5 0.5 0.5 0.5 0.5 0.5 0.5 0.5 0.5 0.5 0.5 0.5 0.768525 0.973403 0.119203 0.268941 0.0474259 0.0474259 0.0322954 0.0099518 0.0179862 0.026597 0.00669285 0.00669285 0.0179862 0.00669285 0.00669285 0.00669285 0.0391657 0.401312 0.00669285 0.00669285 0.00669285 0.00669285 0.00669285 0.00669285 0.00669285 0.00669285 0.00669285 0.00669285 0.00669285 0.00669285 0.00669285 0.00669285 0.00669285 0.00669285 0.00669285 0.00669285 0.00669285 0.00669285 0.00669285 0.00669285 0.00669285 0.00669285 0.00669285 0.00669285 0.00669285 0.00669285 0.00669285 0.00669285 0.00669285 0.00669285 0.00669285 0.00669285 0.00669285 0.00669285 0.00669285 0.00669285 0.00669285 0.00669285 0.00669285 0.00669285 0.00669285 0.00669285 0.00669285 0.00669285 0.00669285 0.00669285 0.00669285 0.00669285 0.985226 0.993307 0.5 0.5 0.5 0.5 0.5 0.5 0.5 0.5 0.5 0.5 0.5 0.5 0.5 0.5 0.5 0.5 0.5 0.5 0.5 0.5 0.5 0.5 0.5 0.5 0.5 0.5 0.5 0.5 0.5 0.5 0.5 0.5 0.5 0.5 0.5 0.5 0.5 0.5 0.5 
0.5 0.5 0.5 0.5 0.5 0.5 0.5 0.5 0.5 0.5 0.5 0.5 0.5 0.5 0.5 0.5 0.5 0.5 0.5 0.5 0.5 0.5 0.5 0.5 0.5 0.5 0.5 0.5 0.5 0.5 0.5 0.5 0.5 0.5 0.5 0.5 0.5 0.5 0.5 0.5 0.5 0.5 0.5 0.5 0.5 0.5 0.5 0.5 0.5 0.5 0.5 0.5 0.5 0.5 0.5 0.5 0.5 0.5 0.5 0.5 0.5 0.5 0.5 0.5 0.5 0.5 0.5 0.5 0.5 0.5 0.5 0.5 0.5 0.5 0.5 0.5 0.5 0.5 0.5 0.5 0.5 0.5 0.5 0.5 0.5 0.5 0.5 0.5 0.5 0.5 0.5 0.5 0.5 0.5 0.5 0.5 0.5 0.5 0.5 0.5 0.5 0.5 0.5 0.5 0.5 0.5 0.5 0.5 0.5 0.5 0.5 0.5 0.5 0.5 0.5 0.5 0.5 0.5 0.5 0.5 0.5 0.5 0.5 0.5 0.5 0.5 0.5 0.5 0.5 0.5 0.5 0.5 0.5 0.5 0.5 0.5 0.5 0.5 0.5 0.5 0.5 0.5 0.5 0.5 0.5 0.5 0.5 0.5 0.5 0.5 0.5 0.5 0.5 0.5 0.5 0.5 0.5 0.5 0.5 0.5 0.5 0.5 0.5 0.5 0.5 0.5 0.5 0.5 0.5 0.5 0.5 0.5 0.5 0.5 0.5 0.5 0.5 0.5 0.5 0.5 0.5 0.5 0.5 0.5 0.5 0.5 0.5 0.5 0.993307 0.802184 0.916827 0.5 0.967705 0.268941 0.645656 0.0391657 0.0474259 0.0218813 0.0121284 0.0179862 0.00669285 0.00669285 0.00669285 0.0179862 0.00669285 0.00669285 0.310026 0.268941 0.689974 0.00669285 0.00669285 0.00669285 0.00669285 0.00669285 0.00669285 0.00669285 0.00669285 0.00669285 0.00669285 0.00669285 0.00669285 0.00669285 0.00669285 0.00669285 0.00669285 0.00669285 0.00669285 0.00669285 0.00669285 0.00669285 0.00669285 0.00669285 0.00669285 0.00669285 0.00669285 0.00669285 0.00669285 0.00669285 0.00669285 0.00669285 0.00669285 0.00669285 0.00669285 0.00669285 0.00669285 0.00669285 0.00669285 0.00669285 0.00669285 0.00669285 0.00669285 0.00669285 0.00669285 0.00669285 0.00669285 0.00669285 0.00669285 0.00669285 0.00669285 0.768525 0.993307 0.993307 0.5 0.5 0.5 0.5 0.5 0.5 0.5 0.5 0.5 0.5 0.5 0.5 0.5 0.5 0.5 0.5 0.5 0.5 0.5 0.5 0.5 0.5 0.5 0.5 0.5 0.5 0.5 0.5 0.5 0.5 0.5 0.5 0.5 0.5 0.5 0.5 0.5 0.5 
0.5 0.5 0.5 0.5 0.5 0.5 0.5 0.5 0.5 0.5 0.5 0.5 0.5 0.5 0.5 0.5 0.5 0.5 0.5 0.5 0.5 0.5 0.5 0.5 0.5 0.5 0.5 0.5 0.5 0.5 0.5 0.5 0.5 0.5 0.5 0.5 0.5 0.5 0.5 0.5 0.5 0.5 0.5 0.5 0.5 0.5 0.5 0.5 0.5 0.5 0.5 0.5 0.5 0.5 0.5 0.5 0.5 0.5 0.5 0.5 0.5 0.5 0.5 0.5 0.5 0.5 0.5 0.5 0.5 0.5 0.5 0.5 0.5 0.5 0.5 0.5 0.5 0.5 0.5 0.5 0.5 0.5 0.5 0.5 0.5 0.5 0.5 0.5 0.5 0.5 0.5 0.5 0.5 0.5 0.5 0.5 0.5 0.5 0.5 0.5 0.5 0.5 0.5 0.5 0.5 0.5 0.5 0.5 0.5 0.5 0.5 0.5 0.5 0.5 0.5 0.5 0.5 0.5 0.5 0.5 0.5 0.5 0.5 0.5 0.5 0.5 0.5 0.5 0.5 0.5 0.5 0.5 0.5 0.5 0.5 0.5 0.5 0.5 0.5 0.5 0.5 0.5 0.5 0.5 0.5 0.5 0.5 0.5 0.5 0.5 0.5 0.5 0.5 0.5 0.5 0.5 0.5 0.5 0.5 0.5 0.5 0.5 0.5 0.5 0.5 0.5 0.5 0.5 0.5 0.5 0.5 0.5 0.5 0.5 0.5 0.5 0.5 0.5 0.5 0.5 0.5 0.5 0.5 0.5 0.5 0.5 0.5 0.5 0.993307 0.268941 0.197816 0.141851 0.401312 0.354344 0.450166 0.231475 0.0474259 0.0831727 0.0218813 0.00669285 0.00669285 0.00669285 0.00669285 0.00816257 0.00669285 0.00669285 0.00669285 0.00669285 0.00669285 0.00669285 0.00669285 0.00669285 0.00669285 0.00669285 0.00669285 0.00669285 0.00669285 0.00669285 0.00669285 0.00669285 0.00669285 0.00669285 0.00669285 0.00669285 0.00669285 0.00669285 0.00669285 0.00669285 0.00669285 0.00669285 0.00669285 0.00669285 0.00669285 0.00669285 0.00669285 0.00669285 0.00669285 0.00669285 0.00669285 0.00669285 0.00669285 0.00669285 0.00669285 0.00669285 0.00669285 0.00669285 0.00669285 0.00669285 0.00669285 0.00669285 0.00669285 0.00669285 0.00669285 0.00669285 0.00669285 0.00669285 0.00669285 0.00669285 0.00669285 0.00669285 0.982014 0.993307 0.5 0.5 0.5 0.5 0.5 0.5 0.5 0.5 0.5 0.5 0.5 0.5 0.5 0.5 0.5 0.5 0.5 0.5 0.5 0.5 0.5 0.5 0.5 0.5 0.5 0.5 0.5 0.5 0.5 0.5 0.5 0.5 0.5 0.5 0.5 0.5 0.5 0.5 
0.5 0.5 0.5 0.5 0.5 0.5 0.5 0.5 0.5 0.5 0.5 0.5 0.5 0.5 0.5 0.5 0.5 0.5 0.5 0.5 0.5 0.5 0.5 0.5 0.5 0.5 0.5 0.5 0.5 0.5 0.5 0.5 0.5 0.5 0.5 0.5 0.5 0.5 0.5 0.5 0.5 0.5 0.5 0.5 0.5 0.5 0.5 0.5 0.5 0.5 0.5 0.5 0.5 0.5 0.5 0.5 0.5 0.5 0.5 0.5 0.5 0.5 0.5 0.5 0.5 0.5 0.5 0.5 0.5 0.5 0.5 0.5 0.5 0.5 0.5 0.5 0.5 0.5 0.5 0.5 0.5 0.5 0.5 0.5 0.5 0.5 0.5 0.5 0.5 0.5 0.5 0.5 0.5 0.5 0.5 0.5 0.5 0.5 0.5 0.5 0.5 0.5 0.5 0.5 0.5 0.5 0.5 0.5 0.5 0.5 0.5 0.5 0.5 0.5 0.5 0.5 0.5 0.5 0.5 0.5 0.5 0.5 0.5 0.5 0.5 0.5 0.5 0.5 0.5 0.5 0.5 0.5 0.5 0.5 0.5 0.5 0.5 0.5 0.5 0.5 0.5 0.5 0.5 0.5 0.5 0.5 0.5 0.5 0.5 0.5 0.5 0.5 0.5 0.5 0.5 0.5 0.5 0.5 0.5 0.5 0.5 0.5 0.5 0.5 0.5 0.5 0.5 0.5 0.5 0.5 0.5 0.5 0.5 0.5 0.5 0.5 0.5 0.5 0.5 0.5 0.5 0.5 0.5 0.5 0.5 0.5 0.5 0.5 0.973403 0.354344 0.268941 0.268941 0.197816 0.141851 0.401312 0.197816 0.0997505 0.0218813 0.0179862 0.0121284 0.00669285 0.00669285 0.00669285 0.014774 0.00669285 0.00669285 0.00669285 0.00669285 0.00669285 0.00669285 0.00669285 0.00669285 0.00669285 0.00669285 0.00669285 0.00669285 0.00669285 0.00669285 0.00669285 0.00669285 0.00669285 0.00669285 0.00669285 0.00669285 0.00669285 0.00669285 0.00669285 0.00669285 0.00669285 0.00669285 0.00669285 0.00669285 0.00669285 0.00669285 0.00669285 0.00669285 0.00669285 0.00669285 0.00669285 0.00669285 0.00669285 0.00669285 0.00669285 0.00669285 0.00669285 0.00669285 0.00669285 0.00669285 0.00669285 0.00669285 0.00669285 0.00669285 0.00669285 0.00669285 0.00669285 0.00669285 0.00669285 0.00669285 0.00669285 0.00669285 0.0573242 0.993307 0.973403 0.5 0.5 0.5 0.5 0.5 0.5 0.5 0.5 0.5 0.5 0.5 0.5 0.5 0.5 0.5 0.5 0.5 0.5 0.5 0.5 0.5 0.5 0.5 0.5 0.5 0.5 0.5 0.5 0.5 0.5 0.5 0.5 0.5 0.5 0.5 0.5 0.5 
0.5 0.5 0.5 0.5 0.5 0.5 0.5 0.5 0.5 0.5 0.5 0.5 0.5 0.5 0.5 0.5 0.5 0.5 0.5 0.5 0.5 0.5 0.5 0.5 0.5 0.5 0.5 0.5 0.5 0.5 0.5 0.5 0.5 0.5 0.5 0.5 0.5 0.5 0.5 0.5 0.5 0.5 0.5 0.5 0.5 0.5 0.5 0.5 0.5 0.5 0.5 0.5 0.5 0.5 0.5 0.5 0.5 0.5 0.5 0.5 0.5 0.5 0.5 0.5 0.5 0.5 0.5 0.5 0.5 0.5 0.5 0.5 0.5 0.5 0.5 0.5 0.5 0.5 0.5 0.5 0.5 0.5 0.5 0.5 0.5 0.5 0.5 0.5 0.5 0.5 0.5 0.5 0.5 0.5 0.5 0.5 0.5 0.5 0.5 0.5 0.5 0.5 0.5 0.5 0.5 0.5 0.5 0.5 0.5 0.5 0.5 0.5 0.5 0.5 0.5 0.5 0.5 0.5 0.5 0.5 0.5 0.5 0.5 0.5 0.5 0.5 0.5 0.5 0.5 0.5 0.5 0.5 0.5 0.5 0.5 0.5 0.5 0.5 0.5 0.5 0.5 0.5 0.5 0.5 0.5 0.5 0.5 0.5 0.5 0.5 0.5 0.5 0.5 0.5 0.5 0.5 0.5 0.5 0.5 0.5 0.5 0.5 0.5 0.5 0.5 0.5 0.5 0.5 0.5 0.5 0.5 0.5 0.5 0.5 0.5 0.5 0.5 0.5 0.5 0.5 0.5 0.5 0.5 0.5 0.5 0.5 0.5 0.5 0.5 0.5 0.354344 0.354344 0.268941 0.268941 0.197816 0.141851 0.5 0.119203 0.026597 0.00669285 0.00669285 0.00669285 0.00669285 0.00669285 0.00669285 0.00669285 0.00669285 0.00669285 0.00669285 0.00669285 0.00669285 0.00669285 0.00669285 0.00669285 0.00669285 0.00669285 0.00669285 0.00669285 0.00669285 0.00669285 0.00669285 0.00669285 0.00669285 0.00669285 0.00669285 0.00669285 0.00669285 0.00669285 0.00669285 0.00669285 0.00669285 0.00669285 0.00669285 0.00669285 0.00669285 0.00669285 0.00669285 0.00669285 0.00669285 0.00669285 0.00669285 0.00669285 0.00669285 0.00669285 0.00669285 0.00669285 0.00669285 0.00669285 0.00669285 0.00669285 0.00669285 0.00669285 0.00669285 0.00669285 0.00669285 0.00669285 0.00669285 0.00669285 0.00669285 0.00669285 0.00669285 0.993307 0.993307 0.5 0.5 0.5 0.5 0.5 0.5 0.5 0.5 0.5 0.5 0.5 0.5 0.5 0.5 0.5 0.5 0.5 0.5 0.5 0.5 0.5 0.5 0.5 0.5 0.5 0.5 0.5 0.5 0.5 0.5 0.5 0.5 0.5 0.5 0.5 0.5 0.5 
0.5 0.5 0.5 0.5 0.5 0.5 0.5 0.5 0.5 0.5 0.5 0.5 0.5 0.5 0.5 0.5 0.5 0.5 0.5 0.5 0.5 0.5 0.5 0.5 0.5 0.5 0.5 0.5 0.5 0.5 0.5 0.5 0.5 0.5 0.5 0.5 0.5 0.5 0.5 0.5 0.5 0.5 0.5 0.5 0.5 0.5 0.5 0.5 0.5 0.5 0.5 0.5 0.5 0.5 0.5 0.5 0.5 0.5 0.5 0.5 0.5 0.5 0.5 0.5 0.5 0.5 0.5 0.5 0.5 0.5 0.5 0.5 0.5 0.5 0.5 0.5 0.5 0.5 0.5 0.5 0.5 0.5 0.5 0.5 0.5 0.5 0.5 0.5 0.5 0.5 0.5 0.5 0.5 0.5 0.5 0.5 0.5 0.5 0.5 0.5 0.5 0.5 0.5 0.5 0.5 0.5 0.5 0.5 0.5 0.5 0.5 0.5 0.5 0.5 0.5 0.5 0.5 0.5 0.5 0.5 0.5 0.5 0.5 0.5 0.5 0.5 0.5 0.5 0.5 0.5 0.5 0.5 0.5 0.5 0.5 0.5 0.5 0.5 0.5 0.5 0.5 0.5 0.5 0.5 0.5 0.5 0.5 0.5 0.5 0.5 0.5 0.5 0.5 0.5 0.5 0.5 0.5 0.5 0.5 0.5 0.5 0.5 0.5 0.5 0.5 0.5 0.5 0.5 0.5 0.5 0.5 0.5 0.5 0.5 0.5 0.5 0.5 0.5 0.5 0.5 0.5 0.5 0.5 0.5 0.5 0.5 0.5 0.5 0.5 0.5 0.5 0.5 0.354344 0.354344 0.268941 0.268941 0.197816 0.0573242 0.0474259 0.0099518 0.0391657 0.00669285 0.00669285 0.00816257 0.00669285 0.00669285 0.00669285 0.00669285 0.00669285 0.00669285 0.00669285 0.00669285 0.00669285 0.00669285 0.00669285 0.00669285 0.00669285 0.00669285 0.00669285 0.00669285 0.00669285 0.00669285 0.00669285 0.00669285 0.00669285 0.00669285 0.00669285 0.00669285 0.00669285 0.00669285 0.00669285 0.00669285 0.00669285 0.00669285 0.00669285 0.00669285 0.00669285 0.00669285 0.00669285 0.00669285 0.00669285 0.00669285 0.00669285 0.00669285 0.00669285 0.00669285 0.00669285 0.00669285 0.00669285 0.00669285 0.00669285 0.00669285 0.00669285 0.00669285 0.00669285 0.00669285 0.00669285 0.00669285 0.00669285 0.00669285 0.00669285 0.990048 0.993307 0.5 0.5 0.5 0.5 0.5 0.5 0.5 0.5 0.5 0.5 0.5 0.5 0.5 0.5 0.5 0.5 0.5 0.5 0.5 0.5 0.5 0.5 0.5 0.5 0.5 0.5 0.5 0.5 0.5 0.5 0.5 0.5 0.5 0.5 0.5 0.5 0.5 
0.5 0.5 0.5 0.5 0.5 0.5 0.5 0.5 0.5 0.5 0.5 0.5 0.5 0.5 0.5 0.5 0.5 0.5 0.5 0.5 0.5 0.5 0.5 0.5 0.5 0.5 0.5 0.5 0.5 0.5 0.5 0.5 0.5 0.5 0.5 0.5 0.5 0.5 0.5 0.5 0.5 0.5 0.5 0.5 0.5 0.5 0.5 0.5 0.5 0.5 0.5 0.5 0.5 0.5 0.5 0.5 0.5 0.5 0.5 0.5 0.5 0.5 0.5 0.5 0.5 0.5 0.5 0.5 0.5 0.5 0.5 0.5 0.5 0.5 0.5 0.5 0.5 0.5 0.5 0.5 0.5 0.5 0.5 0.5 0.5 0.5 0.5 0.5 0.5 0.5 0.5 0.5 0.5 0.5 0.5 0.5 0.5 0.5 0.5 0.5 0.5 0.5 0.5 0.5 0.5 0.5 0.5 0.5 0.5 0.5 0.5 0.5 0.5 0.5 0.5 0.5 0.5 0.5 0.5 0.5 0.5 0.5 0.5 0.5 0.5 0.5 0.5 0.5 0.5 0.5 0.5 0.5 0.5 0.5 0.5 0.5 0.5 0.5 0.5 0.5 0.5 0.5 0.5 0.5 0.5 0.5 0.5 0.5 0.5 0.5 0.5 0.5 0.5 0.5 0.5 0.5 0.5 0.5 0.5 0.5 0.5 0.5 0.5 0.5 0.5 0.5 0.5 0.5 0.5 0.5 0.5 0.5 0.5 0.5 0.5 0.5 0.5 0.5 0.5 0.5 0.5 0.5 0.5 0.5 0.5 0.5 0.5 0.5 0.5 0.5 0.5 0.5 0.5 0.5 0.354344 0.354344 0.167982 0.268941 0.0474259 0.00669285 0.0218813 0.00669285 0.00669285 0.00669285 0.00669285 0.00669285 0.00669285 0.00669285 0.00669285 0.00669285 0.00669285 0.00669285 0.00669285 0.00669285 0.00669285 0.00669285 0.00669285 0.00669285 0.00669285 0.00669285 0.00669285 0.00669285 0.00669285 0.00669285 0.00669285 0.00669285 0.00669285 0.00669285 0.00669285 0.00669285 0.00669285 0.00669285 0.00669285 0.00669285 0.00669285 0.00669285 0.00669285 0.00669285 0.00669285 0.00669285 0.00669285 0.00669285 0.00669285 0.00669285 0.00669285 0.00669285 0.00669285 0.00669285 0.00669285 0.00669285 0.00669285 0.00669285 0.00669285 0.00669285 0.00669285 0.00669285 0.00669285 0.00669285 0.00669285 0.00669285 0.00669285 0.119203 0.993307 0.991837 0.5 0.5 0.5 0.5 0.5 0.5 0.5 0.5 0.5 0.5 0.5 0.5 0.5 0.5 0.5 0.5 0.5 0.5 0.5 0.5 0.5 0.5 0.5 0.5 0.5 0.5 0.5 0.5 0.5 0.5 0.5 0.5 0.5 0.5 0.5 0.5 
0.5 0.5 0.5 0.5 0.5 0.5 0.5 0.5 0.5 0.5 0.5 0.5 0.5 0.5 0.5 0.5 0.5 0.5 0.5 0.5 0.5 0.5 0.5 0.5 0.5 0.5 0.5 0.5 0.5 0.5 0.5 0.5 0.5 0.5 0.5 0.5 0.5 0.5 0.5 0.5 0.5 0.5 0.5 0.5 0.5 0.5 0.5 0.5 0.5 0.5 0.5 0.5 0.5 0.5 0.5 0.5 0.5 0.5 0.5 0.5 0.5 0.5 0.5 0.5 0.5 0.5 0.5 0.5 0.5 0.5 0.5 0.5 0.5 0.5 0.5 0.5 0.5 0.5 0.5 0.5 0.5 0.5 0.5 0.5 0.5 0.5 0.5 0.5 0.5 0.5 0.5 0.5 0.5 0.5 0.5 0.5 0.5 0.5 0.5 0.5 0.5 0.5 0.5 0.5 0.5 0.5 0.5 0.5 0.5 0.5 0.5 0.5 0.5 0.5 0.5 0.5 0.5 0.5 0.5 0.5 0.5 0.5 0.5 0.5 0.5 0.5 0.5 0.5 0.5 0.5 0.5 0.5 0.5 0.5 0.5 0.5 0.5 0.5 0.5 0.5 0.5 0.5 0.5 0.5 0.5 0.5 0.5 0.5 0.5 0.5 0.5 0.5 0.5 0.5 0.5 0.5 0.5 0.5 0.5 0.5 0.5 0.5 0.5 0.5 0.5 0.5 0.5 0.5 0.5 0.5 0.5 0.5 0.5 0.5 0.5 0.5 0.5 0.5 0.5 0.5 0.5 0.5 0.5 0.5 0.5 0.5 0.5 0.5 0.5 0.5 0.5 0.5 0.5 0.5 0.5 0.5 0.5 0.354344 0.167982 0.0121284 0.00669285 0.00669285 0.00669285 0.00669285 0.00669285 0.00669285 0.00669285 0.00669285 0.00669285 0.00669285 0.00669285 0.00669285 0.00669285 0.00669285 0.197816 0.00669285 0.00669285 0.00669285 0.00669285 0.0474258 0.00669285 0.00669285 0.00669285 0.00669285 0.00669285 0.00669285 0.00669285 0.00669285 0.00669285 0.00669285 0.00669285 0.00669285 0.00669285 0.00669285 0.00669285 0.00669285 0.00669285 0.00669285 0.00669285 0.00669285 0.00669285 0.00669285 0.00669285 0.00669285 0.00669285 0.00669285 0.00669285 0.00669285 0.00669285 0.00669285 0.00669285 0.00669285 0.00669285 0.00669285 0.00669285 0.00669285 0.00669285 0.00669285 0.00669285 0.00669285 0.00669285 0.00669285 0.993307 0.993307 0.802184 0.993307 0.5 0.5 0.5 0.5 0.5 0.5 0.5 0.5 0.5 0.5 0.5 0.5 0.5 0.5 0.5 0.5 0.5 0.5 0.5 0.5 0.5 0.5 0.5 0.5 0.5 0.5 0.5 0.5 0.5 0.5 0.5 0.5 0.5 0.5 
0.5 0.5 0.5 0.5 0.5 0.5 0.5 0.5 0.5 0.5 0.5 0.5 0.5 0.5 0.5 0.5 0.5 0.5 0.5 0.5 0.5 0.5 0.5 0.5 0.5 0.5 0.5 0.5 0.5 0.5 0.5 0.5 0.5 0.5 0.5 0.5 0.5 0.5 0.5 0.5 0.5 0.5 0.5 0.5 0.5 0.5 0.5 0.5 0.5 0.5 0.5 0.5 0.5 0.5 0.5 0.5 0.5 0.5 0.5 0.5 0.5 0.5 0.5 0.5 0.5 0.5 0.5 0.5 0.5 0.5 0.5 0.5 0.5 0.5 0.5 0.5 0.5 0.5 0.5 0.5 0.5 0.5 0.5 0.5 0.5 0.5 0.5 0.5 0.5 0.5 0.5 0.5 0.5 0.5 0.5 0.5 0.5 0.5 0.5 0.5 0.5 0.5 0.5 0.5 0.5 0.5 0.5 0.5 0.5 0.5 0.5 0.5 0.5 0.5 0.5 0.5 0.5 0.5 0.5 0.5 0.5 0.5 0.5 0.5 0.5 0.5 0.5 0.5 0.5 0.5 0.5 0.5 0.5 0.5 0.5 0.5 0.5 0.5 0.5 0.5 0.5 0.5 0.5 0.5 0.5 0.5 0.5 0.5 0.5 0.5 0.5 0.5 0.5 0.5 0.5 0.5 0.5 0.5 0.5 0.5 0.5 0.5 0.5 0.5 0.5 0.5 0.5 0.5 0.5 0.5 0.5 0.5 0.5 0.5 0.5 0.5 0.5 0.5 0.5 0.5 0.5 0.5 0.5 0.5 0.5 0.5 0.5 0.5 0.5 0.5 0.5 0.5 0.5 0.5 0.5 0.5 0.5 0.5 0.5 0.119203 0.167982 0.00669285 0.00669285 0.00669285 0.00669285 0.00669285 0.00669285 0.00669285 0.00669285 0.00669285 0.00669285 0.00669285 0.00669285 0.00669285 0.00669285 0.00669285 0.00669285 0.00669285 0.00669285 0.00669285 0.00669285 0.00669285 0.00669285 0.00669285 0.00669285 0.00669285 0.00669285 0.00669285 0.00669285 0.00669285 0.00669285 0.00669285 0.00669285 0.00669285 0.00669285 0.00669285 0.00669285 0.00669285 0.00669285 0.00669285 0.00669285 0.00669285 0.00669285 0.00669285 0.00669285 0.00669285 0.00669285 0.00669285 0.00669285 0.00669285 0.00669285 0.00669285 0.00669285 0.00669285 0.00669285 0.00669285 0.00669285 0.00669285 0.00669285 0.00669285 0.00669285 0.00669285 0.993307 0.993307 0.0391657 0.978119 0.993307 0.5 0.5 0.5 0.5 0.5 0.5 0.5 0.5 0.5 0.5 0.5 0.5 0.5 0.5 0.5 0.5 0.5 0.5 0.5 0.5 0.5 0.5 0.5 0.5 0.5 0.5 0.5 0.5 0.5 0.5 0.5 0.5 0.5 
0.5 0.5 0.5 0.5 0.5 0.5 0.5 0.5 0.5 0.5 0.5 0.5 0.5 0.5 0.5 0.5 0.5 0.5 0.5 0.5 0.5 0.5 0.5 0.5 0.5 0.5 0.5 0.5 0.5 0.5 0.5 0.5 0.5 0.5 0.5 0.5 0.5 0.5 0.5 0.5 0.5 0.5 0.5 0.5 0.5 0.5 0.5 0.5 0.5 0.5 0.5 0.5 0.5 0.5 0.5 0.5 0.5 0.5 0.5 0.5 0.5 0.5 0.5 0.5 0.5 0.5 0.5 0.5 0.5 0.5 0.5 0.5 0.5 0.5 0.5 0.5 0.5 0.5 0.5 0.5 0.5 0.5 0.5 0.5 0.5 0.5 0.5 0.5 0.5 0.5 0.5 0.5 0.5 0.5 0.5 0.5 0.5 0.5 0.5 0.5 0.5 0.5 0.5 0.5 0.5 0.5 0.5 0.5 0.5 0.5 0.5 0.5 0.5 0.5 0.5 0.5 0.5 0.5 0.5 0.5 0.5 0.5 0.5 0.5 0.5 0.5 0.5 0.5 0.5 0.5 0.5 0.5 0.5 0.5 0.5 0.5 0.5 0.5 0.5 0.5 0.5 0.5 0.5 0.5 0.5 0.5 0.5 0.5 0.5 0.5 0.5 0.5 0.5 0.5 0.5 0.5 0.5 0.5 0.5 0.5 0.5 0.5 0.5 0.5 0.5 0.5 0.5 0.5 0.5 0.5 0.5 0.5 0.5 0.5 0.5 0.5 0.5 0.5 0.5 0.5 0.5 0.5 0.5 0.5 0.5 0.5 0.5 0.5 0.5 0.5 0.5 0.5 0.5 0.5 0.5 0.5 0.5 0.5 0.5 0.310026 0.993307 0.00669285 0.00669285 0.00669285 0.00669285 0.00669285 0.00669285 0.00669285 0.00669285 0.00669285 0.00669285 0.00669285 0.00669285 0.00669285 0.00669285 0.00669285 0.00669285 0.00669285 0.00669285 0.00669285 0.00669285 0.00669285 0.00669285 0.00669285 0.00669285 0.00669285 0.00669285 0.00669285 0.00669285 0.00669285 0.00669285 0.00669285 0.00669285 0.00669285 0.00669285 0.00669285 0.00669285 0.00669285 0.00669285 0.00669285 0.00669285 0.00669285 0.00669285 0.00669285 0.00669285 0.00669285 0.00669285 0.00669285 0.00669285 0.00669285 0.00669285 0.00669285 0.00669285 0.00669285 0.00669285 0.00669285 0.00669285 0.00669285 0.00669285 0.00669285 0.00669285 0.00669285 0.978119 0.993307 0.026597 0.993307 0.990048 0.310026 0.880797 0.916827 0.5 0.5 0.5 0.5 0.5 0.5 0.5 0.5 0.5 0.5 0.5 0.5 0.5 0.5 0.5 0.5 0.5 0.5 0.5 0.5 0.5 0.5 0.5 0.5 0.5 0.5 0.5 0.5 0.5 0.5 
0.5 0.5 0.5 0.5 0.5 0.5 0.5 0.5 0.5 0.5 0.5 0.5 0.5 0.5 0.5 0.5 0.5 0.5 0.5 0.5 0.5 0.5 0.5 0.5 0.5 0.5 0.5 0.5 0.5 0.5 0.5 0.5 0.5 0.5 0.5 0.5 0.5 0.5 0.5 0.5 0.5 0.5 0.5 0.5 0.5 0.5 0.5 0.5 0.5 0.5 0.5 0.5 0.5 0.5 0.5 0.5 0.5 0.5 0.5 0.5 0.5 0.5 0.5 0.5 0.5 0.5 0.5 0.5 0.5 0.5 0.5 0.5 0.5 0.5 0.5 0.5 0.5 0.5 0.5 0.5 0.5 0.5 0.5 0.5 0.5 0.5 0.5 0.5 0.5 0.5 0.5 0.5 0.5 0.5 0.5 0.5 0.5 0.5 0.5 0.5 0.5 0.5 0.5 0.5 0.5 0.5 0.5 0.5 0.5 0.5 0.5 0.5 0.5 0.5 0.5 0.5 0.5 0.5 0.5 0.5 0.5 0.5 0.5 0.5 0.5 0.5 0.5 0.5 0.5 0.5 0.5 0.5 0.5 0.5 0.5 0.5 0.5 0.5 0.5 0.5 0.5 0.5 0.5 0.5 0.5 0.5 0.5 0.5 0.5 0.5 0.5 0.5 0.5 0.5 0.5 0.5 0.5 0.5 0.5 0.5 0.5 0.5 0.5 0.5 0.5 0.5 0.5 0.5 0.5 0.5 0.5 0.5 0.5 0.5 0.5 0.5 0.5 0.5 0.5 0.5 0.5 0.5 0.5 0.5 0.5 0.5 0.5 0.5 0.5 0.5 0.5 0.5 0.5 0.5 0.5 0.5 0.5 0.5 0.5 0.5 0.993307 0.00669285 0.00669285 0.00669285 0.00669285 0.00669285 0.00669285 0.00669285 0.00669285 0.00669285 0.00669285 0.00669285 0.00669285 0.00669285 0.00669285 0.00669285 0.00669285 0.00669285 0.00669285 0.00669285 0.00669285 0.00669285 0.00669285 0.00669285 0.00669285 0.00669285 0.00669285 0.00669285 0.00669285 0.00669285 0.00669285 0.00669285 0.00669285 0.00669285 0.00669285 0.00669285 0.00669285 0.00669285 0.00669285 0.00669285 0.00669285 0.00669285 0.00669285 0.00669285 0.00669285 0.00669285 0.00669285 0.00669285 0.00669285 0.00669285 0.00669285 0.00669285 0.00669285 0.00669285 0.00669285 0.00669285 0.00669285 0.00669285 0.00669285 0.00669285 0.00669285 0.00669285 0.026597 0.987872 0.991837 0.993307 0.354344 0.450166 0.768525 0.5 0.5 0.5 0.5 0.5 0.5 0.5 0.5 0.5 0.5 0.5 0.5 0.5 0.5 0.5 0.5 0.5 0.5 0.5 0.5 0.5 0.5 0.5 0.5 0.5 0.5 0.5 0.5 0.5 0.5 0.5 
0.5 0.5 0.5 0.5 0.5 0.5 0.5 0.5 0.5 0.5 0.5 0.5 0.5 0.5 0.5 0.5 0.5 0.5 0.5 0.5 0.5 0.5 0.5 0.5 0.5 0.5 0.5 0.5 0.5 0.5 0.5 0.5 0.5 0.5 0.5 0.5 0.5 0.5 0.5 0.5 0.5 0.5 0.5 0.5 0.5 0.5 0.5 0.5 0.5 0.5 0.5 0.5 0.5 0.5 0.5 0.5 0.5 0.5 0.5 0.5 0.5 0.5 0.5 0.5 0.5 0.5 0.5 0.5 0.5 0.5 0.5 0.5 0.5 0.5 0.5 0.5 0.5 0.5 0.5 0.5 0.5 0.5 0.5 0.5 0.5 0.5 0.5 0.5 0.5 0.5 0.5 0.5 0.5 0.5 0.5 0.5 0.5 0.5 0.5 0.5 0.5 0.5 0.5 0.5 0.5 0.5 0.5 0.5 0.5 0.5 0.5 0.5 0.5 0.5 0.5 0.5 0.5 0.5 0.5 0.5 0.5 0.5 0.5 0.5 0.5 0.5 0.5 0.5 0.5 0.5 0.5 0.5 0.5 0.5 0.5 0.5 0.5 0.5 0.5 0.5 0.5 0.5 0.5 0.5 0.5 0.5 0.5 0.5 0.5 0.5 0.5 0.5 0.5 0.5 0.5 0.5 0.5 0.5 0.5 0.5 0.5 0.5 0.5 0.5 0.5 0.5 0.5 0.5 0.5 0.5 0.5 0.5 0.5 0.5 0.5 0.5 0.5 0.5 0.5 0.5 0.5 0.5 0.5 0.5 0.5 0.5 0.5 0.5 0.5 0.5 0.5 0.5 0.5 0.5 0.5 0.5 0.5 0.5 0.5 0.991837 0.993307 0.00669285 0.00669285 0.00669285 0.00669285 0.00669285 0.00669285 0.00669285 0.00669285 0.00669285 0.00669285 0.00669285 0.00669285 0.00669285 0.00669285 0.00669285 0.00669285 0.00669285 0.00669285 0.00669285 0.00669285 0.00669285 0.00669285 0.00669285 0.00669285 0.00669285 0.00669285 0.00669285 0.00669285 0.00669285 0.00669285 0.00669285 0.00669285 0.00669285 0.00669285 0.00669285 0.00669285 0.00669285 0.00669285 0.00669285 0.00669285 0.00669285 0.00669285 0.00669285 0.00669285 0.00669285 0.00669285 0.00669285 0.00669285 0.00669285 0.00669285 0.00669285 0.00669285 0.00669285 0.00669285 0.00669285 0.00669285 0.00669285 0.00669285 0.00669285 0.991837 0.00669285 0.731058 0.167982 0.598688 0.993307 0.5 0.5 0.5 0.5 0.5 0.5 0.5 0.5 0.5 0.5 0.5 0.5 0.5 0.5 0.5 0.5 0.5 0.5 0.5 0.5 0.5 0.5 0.5 0.5 0.5 0.5 0.5 0.5 0.5 0.5 0.5 0.5 0.5 0.5 
0.5 0.5 0.5 0.5 0.5 0.5 0.5 0.5 0.5 0.5 0.5 0.5 0.5 0.5 0.5 0.5 0.5 0.5 0.5 0.5 0.5 0.5 0.5 0.5 0.5 0.5 0.5 0.5 0.5 0.5 0.5 0.5 0.5 0.5 0.5 0.5 0.5 0.5 0.5 0.5 0.5 0.5 0.5 0.5 0.5 0.5 0.5 0.5 0.5 0.5 0.5 0.5 0.5 0.5 0.5 0.5 0.5 0.5 0.5 0.5 0.5 0.5 0.5 0.5 0.5 0.5 0.5 0.5 0.5 0.5 0.5 0.5 0.5 0.5 0.5 0.5 0.5 0.5 0.5 0.5 0.5 0.5 0.5 0.5 0.5 0.5 0.5 0.5 0.5 0.5 0.5 0.5 0.5 0.5 0.5 0.5 0.5 0.5 0.5 0.5 0.5 0.5 0.5 0.5 0.5 0.5 0.5 0.5 0.5 0.5 0.5 0.5 0.5 0.5 0.5 0.5 0.5 0.5 0.5 0.5 0.5 0.5 0.5 0.5 0.5 0.5 0.5 0.5 0.5 0.5 0.5 0.5 0.5 0.5 0.5 0.5 0.5 0.5 0.5 0.5 0.5 0.5 0.5 0.5 0.5 0.5 0.5 0.5 0.5 0.5 0.5 0.5 0.5 0.5 0.5 0.5 0.5 0.5 0.5 0.5 0.5 0.5 0.5 0.5 0.5 0.5 0.5 0.5 0.5 0.5 0.5 0.5 0.5 0.5 0.5 0.5 0.5 0.5 0.5 0.5 0.5 0.5 0.5 0.5 0.5 0.5 0.5 0.5 0.5 0.768525 0.450166 0.450166 0.973403 0.354344 0.993307 0.993307 0.993307 0.993307 0.993307 0.993307 0.993307 0.00669285 0.00669285 0.00669285 0.00669285 0.00669285 0.00669285 0.00669285 0.00669285 0.00669285 0.00669285 0.00669285 0.00669285 0.00669285 0.00669285 0.00669285 0.00669285 0.00669285 0.00669285 0.00669285 0.00669285 0.00669285 0.00669285 0.00669285 0.00669285 0.00669285 0.00669285 0.00669285 0.00669285 0.00669285 0.00669285 0.00669285 0.00669285 0.00669285 0.00669285 0.00669285 0.00669285 0.00669285 0.00669285 0.00669285 0.00669285 0.00669285 0.00669285 0.00669285 0.00669285 0.00669285 0.00669285 0.00669285 0.00669285 0.00669285 0.00669285 0.00669285 0.00669285 0.00669285 0.00669285 0.00669285 0.00669285 0.00669285 0.00669285 0.993307 0.0391657 0.952574 0.401312 0.731059 0.450166 0.768525 0.5 0.5 0.5 0.5 0.5 0.5 0.5 0.5 0.5 0.5 0.5 0.5 0.5 0.5 0.5 0.5 0.5 0.5 0.5 0.5 0.5 0.5 0.5 0.5 0.5 0.5 0.5 0.5 0.5 0.5 0.5 0.5 0.5 0.5 
0.5 0.5 0.5 0.5 0.5 0.5 0.5 0.5 0.5 0.5 0.5 0.5 0.5 0.5 0.5 0.5 0.5 0.5 0.5 0.5 0.5 0.5 0.5 0.5 0.5 0.5 0.5 0.5 0.5 0.5 0.5 0.5 0.5 0.5 0.5 0.5 0.5 0.5 0.5 0.5 0.5 0.5 0.5 0.5 0.5 0.5 0.5 0.5 0.5 0.5 0.5 0.5 0.5 0.5 0.5 0.5 0.5 0.5 0.5 0.5 0.5 0.5 0.5 0.5 0.5 0.5 0.5 0.5 0.5 0.5 0.5 0.5 0.5 0.5 0.5 0.5 0.5 0.5 0.5 0.5 0.5 0.5 0.5 0.5 0.5 0.5 0.5 0.5 0.5 0.5 0.5 0.5 0.5 0.5 0.5 0.5 0.5 0.5 0.5 0.5 0.5 0.5 0.5 0.5 0.5 0.5 0.5 0.5 0.5 0.5 0.5 0.5 0.5 0.5 0.5 0.5 0.5 0.5 0.5 0.5 0.5 0.5 0.5 0.5 0.5 0.5 0.5 0.5 0.5 0.5 0.5 0.5 0.5 0.5 0.5 0.5 0.5 0.5 0.5 0.5 0.5 0.5 0.5 0.5 0.5 0.5 0.5 0.5 0.5 0.5 0.5 0.5 0.5 0.5 0.5 0.5 0.5 0.5 0.5 0.5 0.5 0.5 0.5 0.5 0.5 0.5 0.5 0.5 0.5 0.5 0.5 0.5 0.5 0.5 0.5 0.5 0.5 0.5 0.5 0.5 0.5 0.5 0.5 0.5 0.5 0.5 0.5 0.5 0.993307 0.993307 0.973403 0.973403 0.991837 0.993307 0.993307 0.985226 0.967705 0.967705 0.5 0.952574 0.960834 0.00669285 0.00669285 0.00669285 0.00669285 0.00669285 0.00669285 0.00669285 0.00669285 0.00669285 0.00669285 0.00669285 0.00669285 0.00669285 0.00669285 0.00669285 0.00669285 0.00669285 0.00669285 0.00669285 0.00669285 0.00669285 0.00669285 0.00669285 0.00669285 0.00669285 0.00669285 0.00669285 0.00669285 0.00669285 0.00669285 0.00669285 0.00669285 0.00669285 0.00669285 0.00669285 0.00669285 0.00669285 0.00669285 0.00669285 0.00669285 0.00669285 0.00669285 0.00669285 0.00669285 0.00669285 0.00669285 0.00669285 0.00669285 0.00669285 0.00669285 0.00669285 0.00669285 0.00669285 0.00669285 0.00669285 0.00669285 0.00669285 0.993307 0.993307 0.5 0.5 0.5 0.5 0.5 0.5 0.5 0.5 0.5 0.5 0.5 0.5 0.5 0.5 0.5 0.5 0.5 0.5 0.5 0.5 0.5 0.5 0.5 0.5 0.5 0.5 0.5 0.5 0.5 0.5 0.5 0.5 0.5 0.5 0.5 0.5 0.5 0.5 0.5 0.5 
0.5 0.5 0.5 0.5 0.5 0.5 0.5 0.5 0.5 0.5 0.5 0.5 0.5 0.5 0.5 0.5 0.5 0.5 0.5 0.5 0.5 0.5 0.5 0.5 0.5 0.5 0.5 0.5 0.5 0.5 0.5 0.5 0.5 0.5 0.5 0.5 0.5 0.5 0.5 0.5 0.5 0.5 0.5 0.5 0.5 0.5 0.5 0.5 0.5 0.5 0.5 0.5 0.5 0.5 0.5 0.5 0.5 0.5 0.5 0.5 0.5 0.5 0.5 0.5 0.5 0.5 0.5 0.5 0.5 0.5 0.5 0.5 0.5 0.5 0.5 0.5 0.5 0.5 0.5 0.5 0.5 0.5 0.5 0.5 0.5 0.5 0.5 0.5 0.5 0.5 0.5 0.5 0.5 0.5 0.5 0.5 0.5 0.5 0.5 0.5 0.5 0.5 0.5 0.5 0.5 0.5 0.5 0.5 0.5 0.5 0.5 0.5 0.5 0.5 0.5 0.5 0.5 0.5 0.5 0.5 0.5 0.5 0.5 0.5 0.5 0.5 0.5 0.5 0.5 0.5 0.5 0.5 0.5 0.5 0.5 0.5 0.5 0.5 0.5 0.5 0.5 0.5 0.5 0.5 0.5 0.5 0.5 0.5 0.5 0.5 0.5 0.5 0.5 0.5 0.5 0.5 0.5 0.5 0.5 0.5 0.5 0.5 0.5 0.5 0.5 0.5 0.5 0.5 0.5 0.5 0.5 0.5 0.5 0.5 0.5 0.5 0.5 0.5 0.5 0.5 0.5 0.5 0.5 0.5 0.5 0.5 0.993307 0.993307 0.993307 0.978119 0.401312 0.802184 0.916827 0.0573242 0.973403 0.731059 0.00669285 0.00669285 0.00669285 0.00669286 0.00669285 0.00669285 0.00669285 0.00669285 0.00669285 0.00669285 0.00669285 0.00669285 0.00669285 0.00669285 0.00669285 0.00669285 0.00669285 0.00669285 0.00669285 0.00669285 0.00669285 0.00669285 0.00669285 0.00669285 0.00669285 0.00669285 0.00669285 0.00669285 0.00669285 0.00669285 0.00669285 0.00669285 0.00669285 0.00669285 0.00669285 0.00669285 0.00669285 0.00669285 0.00669285 0.00669285 0.00669285 0.00669285 0.00669285 0.00669285 0.00669285 0.00669285 0.00669285 0.00669285 0.00669285 0.00669285 0.00669285 0.00669285 0.00669285 0.00669285 0.00669285 0.00669285 0.00669285 0.00669285 0.00669285 0.00669285 0.00669285 0.90025 0.993307 0.5 0.5 0.5 0.5 0.5 0.5 0.5 0.5 0.5 0.5 0.5 0.5 0.5 0.5 0.5 0.5 0.5 0.5 0.5 0.5 0.5 0.5 0.5 0.5 0.5 0.5 0.5 0.5 0.5 0.5 0.5 0.5 0.5 0.5 0.5 0.5 0.5 0.5 0.5 0.5 0.5 
0.5 0.5 0.5 0.5 0.5 0.5 0.5 0.5 0.5 0.5 0.5 0.5 0.5 0.5 0.5 0.5 0.5 0.5 0.5 0.5 0.5 0.5 0.5 0.5 0.5 0.5 0.5 0.5 0.5 0.5 0.5 0.5 0.5 0.5 0.5 0.5 0.5 0.5 0.5 0.5 0.5 0.5 0.5 0.5 0.5 0.5 0.5 0.5 0.5 0.5 0.5 0.5 0.5 0.5 0.5 0.5 0.5 0.5 0.5 0.5 0.5 0.5 0.5 0.5 0.5 0.5 0.5 0.5 0.5 0.5 0.5 0.5 0.5 0.5 0.5 0.5 0.5 0.5 0.5 0.5 0.5 0.5 0.5 0.5 0.5 0.5 0.5 0.5 0.5 0.5 0.5 0.5 0.5 0.5 0.5 0.5 0.5 0.5 0.5 0.5 0.5 0.5 0.5 0.5 0.5 0.5 0.5 0.5 0.5 0.5 0.5 0.5 0.5 0.5 0.5 0.5 0.5 0.5 0.5 0.5 0.5 0.5 0.5 0.5 0.5 0.5 0.5 0.5 0.5 0.5 0.5 0.5 0.5 0.5 0.5 0.5 0.5 0.5 0.5 0.5 0.5 0.5 0.5 0.5 0.5 0.5 0.5 0.5 0.5 0.5 0.5 0.5 0.5 0.5 0.5 0.5 0.5 0.5 0.5 0.5 0.5 0.5 0.5 0.5 0.5 0.5 0.5 0.5 0.5 0.5 0.5 0.5 0.5 0.5 0.5 0.5 0.5 0.5 0.5 0.5 0.5 0.5 0.5 0.5 0.5 0.973403 0.993307 0.731059 0.993307 0.832018 0.00669285 0.00669285 0.00669285 0.00669285 0.00669285 0.00669286 0.00669285 0.00669285 0.00669285 0.00669285 0.00669285 0.00669285 0.00669285 0.00669285 0.00669285 0.00669285 0.00669285 0.00669285 0.00669285 0.00669285 0.00669285 0.00669285 0.00669285 0.00669285 0.00669285 0.00669285 0.00669285 0.00669285 0.00669285 0.00669285 0.00669285 0.00669285 0.00669285 0.00669285 0.00669285 0.00669285 0.00669285 0.00669285 0.00669285 0.00669285 0.00669285 0.00669285 0.00669285 0.00669285 0.00669285 0.00669285 0.00669285 0.00669285 0.00669285 0.00669285 0.00669285 0.00669285 0.00669285 0.00669285 0.00669285 0.00669285 0.00669285 0.00669285 0.00669285 0.00669285 0.00669285 0.00669285 0.00669285 0.00669285 0.00669285 0.00669285 0.00669285 0.993307 0.993307 0.916827 0.5 0.5 0.5 0.5 0.5 0.5 0.5 0.5 0.5 0.5 0.5 0.5 0.5 0.5 0.5 0.5 0.5 0.5 0.5 0.5 0.5 0.5 0.5 0.5 0.5 0.5 0.5 0.5 0.5 0.5 0.5 0.5 0.5 0.5 0.5 0.5 0.5 0.5 0.5 0.5 
0.5 0.5 0.5 0.5 0.5 0.5 0.5 0.5 0.5 0.5 0.5 0.5 0.5 0.5 0.5 0.5 0.5 0.5 0.5 0.5 0.5 0.5 0.5 0.5 0.5 0.5 0.5 0.5 0.5 0.5 0.5 0.5 0.5 0.5 0.5 0.5 0.5 0.5 0.5 0.5 0.5 0.5 0.5 0.5 0.5 0.5 0.5 0.5 0.5 0.5 0.5 0.5 0.5 0.5 0.5 0.5 0.5 0.5 0.5 0.5 0.5 0.5 0.5 0.5 0.5 0.5 0.5 0.5 0.5 0.5 0.5 0.5 0.5 0.5 0.5 0.5 0.5 0.5 0.5 0.5 0.5 0.5 0.5 0.5 0.5 0.5 0.5 0.5 0.5 0.5 0.5 0.5 0.5 0.5 0.5 0.5 0.5 0.5 0.5 0.5 0.5 0.5 0.5 0.5 0.5 0.5 0.5 0.5 0.5 0.5 0.5 0.5 0.5 0.5 0.5 0.5 0.5 0.5 0.5 0.5 0.5 0.5 0.5 0.5 0.5 0.5 0.5 0.5 0.5 0.5 0.5 0.5 0.5 0.5 0.5 0.5 0.5 0.5 0.5 0.5 0.5 0.5 0.5 0.5 0.5 0.5 0.5 0.5 0.5 0.5 0.5 0.5 0.5 0.5 0.5 0.5 0.5 0.5 0.5 0.5 0.5 0.5 0.5 0.5 0.5 0.5 0.5 0.5 0.5 0.5 0.5 0.5 0.5 0.5 0.5 0.5 0.5 0.5 0.5 0.5 0.5 0.5 0.5 0.5 0.5 0.993307 0.993307 0.0831727 0.993307 0.967705 0.00669285 0.00669285 0.00669285 0.00669285 0.00669285 0.00669285 0.00669285 0.00669285 0.00669285 0.00669285 0.00669285 0.00669285 0.00669285 0.00669285 0.00669285 0.00669285 0.00669285 0.00669285 0.00669285 0.00669285 0.00669285 0.00669285 0.00669285 0.00669285 0.00669285 0.00669285 0.00669285 0.00669285 0.00669285 0.00669285 0.00669285 0.00669285 0.00669285 0.00669285 0.00669285 0.00669285 0.00669285 0.00669285 0.00669285 0.00669285 0.00669285 0.00669285 0.00669285 0.00669285 0.00669285 0.00669285 0.00669285 0.00669285 0.00669285 0.00669285 0.00669285 0.00669285 0.00669285 0.00669285 0.00669285 0.00669285 0.00669285 0.00669285 0.00669285 0.00669285 0.00669285 0.00669285 0.00669285 0.00669285 0.00669285 0.00669285 0.990048 0.993307 0.768525 0.993307 0.5 0.5 0.5 0.5 0.5 0.5 0.5 0.5 0.5 0.5 0.5 0.5 0.5 0.5 0.5 0.5 0.5 0.5 0.5 0.5 0.5 0.5 0.5 0.5 0.5 0.5 0.5 0.5 0.5 0.5 0.5 0.5 0.5 0.5 0.5 0.5 0.5 0.5 0.5 0.5 
0.5 0.5 0.5 0.5 0.5 0.5 0.5 0.5 0.5 0.5 0.5 0.5 0.5 0.5 0.5 0.5 0.5 0.5 0.5 0.5 0.5 0.5 0.5 0.5 0.5 0.5 0.5 0.5 0.5 0.5 0.5 0.5 0.5 0.5 0.5 0.5 0.5 0.5 0.5 0.5 0.5 0.5 0.5 0.5 0.5 0.5 0.5 0.5 0.5 0.5 0.5 0.5 0.5 0.5 0.5 0.5 0.5 0.5 0.5 0.5 0.5 0.5 0.5 0.5 0.5 0.5 0.5 0.5 0.5 0.5 0.5 0.5 0.5 0.5 0.5 0.5 0.5 0.5 0.5 0.5 0.5 0.5 0.5 0.5 0.5 0.5 0.5 0.5 0.5 0.5 0.5 0.5 0.5 0.5 0.5 0.5 0.5 0.5 0.5 0.5 0.5 0.5 0.5 0.5 0.5 0.5 0.5 0.5 0.5 0.5 0.5 0.5 0.5 0.5 0.5 0.5 0.5 0.5 0.5 0.5 0.5 0.5 0.5 0.5 0.5 0.5 0.5 0.5 0.5 0.5 0.5 0.5 0.5 0.5 0.5 0.5 0.5 0.5 0.5 0.5 0.5 0.5 0.5 0.5 0.5 0.5 0.5 0.5 0.5 0.5 0.5 0.5 0.5 0.5 0.5 0.5 0.5 0.5 0.5 0.5 0.5 0.5 0.5 0.5 0.5 0.5 0.5 0.5 0.5 0.5 0.5 0.5 0.5 0.5 0.5 0.5 0.5 0.5 0.5 0.5 0.5 0.5 0.5 0.5 0.5 0.993307 0.973403 0.141851 0.993307 0.982014 0.00669285 0.00669285 0.00669285 0.00669285 0.00669285 0.00669285 0.00669285 0.00669285 0.00669285 0.00669285 0.00669285 0.00995181 0.00669285 0.916827 0.268941 0.00669285 0.00669285 0.00669285 0.00669285 0.00669285 0.00669285 0.00669285 0.00669285 0.00669285 0.00669285 0.00669285 0.00669285 0.00669285 0.00669285 0.00669285 0.00669285 0.00669285 0.00669285 0.00669285 0.00669285 0.00669285 0.00669285 0.00669285 0.00669285 0.00669285 0.00669285 0.00669285 0.00669285 0.00669285 0.00669285 0.00669285 0.00669285 0.00669285 0.00669285 0.00669285 0.00669285 0.00669285 0.00669285 0.00669285 0.00669285 0.00669285 0.00669285 0.00669285 0.00669285 0.00669285 0.00669285 0.00669285 0.00669285 0.00669285 0.00669285 0.00669285 0.993307 0.973403 0.973403 0.993307 0.5 0.5 0.5 0.5 0.5 0.5 0.5 0.5 0.5 0.5 0.5 0.5 0.5 0.5 0.5 0.5 0.5 0.5 0.5 0.5 0.5 0.5 0.5 0.5 0.5 0.5 0.5 0.5 0.5 0.5 0.5 0.5 0.5 0.5 0.5 0.5 0.5 0.5 0.5 0.5 
0.5 0.5 0.5 0.5 0.5 0.5 0.5 0.5 0.5 0.5 0.5 0.5 0.5 0.5 0.5 0.5 0.5 0.5 0.5 0.5 0.5 0.5 0.5 0.5 0.5 0.5 0.5 0.5 0.5 0.5 0.5 0.5 0.5 0.5 0.5 0.5 0.5 0.5 0.5 0.5 0.5 0.5 0.5 0.5 0.5 0.5 0.5 0.5 0.5 0.5 0.5 0.5 0.5 0.5 0.5 0.5 0.5 0.5 0.5 0.5 0.5 0.5 0.5 0.5 0.5 0.5 0.5 0.5 0.5 0.5 0.5 0.5 0.5 0.5 0.5 0.5 0.5 0.5 0.5 0.5 0.5 0.5 0.5 0.5 0.5 0.5 0.5 0.5 0.5 0.5 0.5 0.5 0.5 0.5 0.5 0.5 0.5 0.5 0.5 0.5 0.5 0.5 0.5 0.5 0.5 0.5 0.5 0.5 0.5 0.5 0.5 0.5 0.5 0.5 0.5 0.5 0.5 0.5 0.5 0.5 0.5 0.5 0.5 0.5 0.5 0.5 0.5 0.5 0.5 0.5 0.5 0.5 0.5 0.5 0.5 0.5 0.5 0.5 0.5 0.5 0.5 0.5 0.5 0.5 0.5 0.5 0.5 0.5 0.5 0.5 0.5 0.5 0.5 0.5 0.5 0.5 0.5 0.5 0.5 0.5 0.5 0.5 0.5 0.5 0.5 0.5 0.5 0.5 0.5 0.5 0.5 0.5 0.5 0.5 0.5 0.5 0.5 0.5 0.5 0.5 0.5 0.5 0.5 0.5 0.5 0.993307 0.993307 0.0218813 0.993307 0.967705 0.00669285 0.00669285 0.00669285 0.00669285 0.00669285 0.00669285 0.00669285 0.00669285 0.00669285 0.00669285 0.00669285 0.00669285 0.00669285 0.00669285 0.990048 0.00669285 0.00669285 0.00669285 0.00669285 0.00669285 0.00669285 0.00669285 0.00669285 0.00669285 0.00669285 0.00669285 0.00669285 0.00669285 0.00669285 0.00669285 0.00669285 0.00669285 0.00669285 0.00669285 0.00669285 0.00669285 0.00669285 0.00669285 0.00669285 0.00669285 0.00669285 0.00669285 0.00669285 0.00669285 0.00669285 0.00669285 0.00669285 0.00669285 0.00669285 0.00669285 0.00669285 0.00669285 0.00669285 0.00669285 0.00669285 0.00669285 0.00669285 0.00669285 0.00669285 0.00669285 0.00669285 0.00669285 0.00669285 0.00669285 0.00669285 0.993307 0.993307 0.916827 0.978119 0.993307 0.5 0.5 0.5 0.5 0.5 0.5 0.5 0.450166 0.768525 0.5 0.5 0.5 0.5 0.5 0.5 0.5 0.5 0.5 0.5 0.5 0.5 0.5 0.5 0.5 0.5 0.5 0.5 0.5 0.5 0.5 0.5 0.5 0.5 0.5 0.5 0.5 0.5 0.5 0.5 0.5 
0.5 0.5 0.5 0.5 0.5 0.5 0.5 0.5 0.5 0.5 0.5 0.5 0.5 0.5 0.5 0.5 0.5 0.5 0.5 0.5 0.5 0.5 0.5 0.5 0.5 0.5 0.5 0.5 0.5 0.5 0.5 0.5 0.5 0.5 0.5 0.5 0.5 0.5 0.5 0.5 0.5 0.5 0.5 0.5 0.5 0.5 0.5 0.5 0.5 0.5 0.5 0.5 0.5 0.5 0.5 0.5 0.5 0.5 0.5 0.5 0.5 0.5 0.5 0.5 0.5 0.5 0.5 0.5 0.5 0.5 0.5 0.5 0.5 0.5 0.5 0.5 0.5 0.5 0.5 0.5 0.5 0.5 0.5 0.5 0.5 0.5 0.5 0.5 0.5 0.5 0.5 0.5 0.5 0.5 0.5 0.5 0.5 0.5 0.5 0.5 0.5 0.5 0.5 0.5 0.5 0.5 0.5 0.5 0.5 0.5 0.5 0.5 0.5 0.5 0.5 0.5 0.5 0.5 0.5 0.5 0.5 0.5 0.5 0.5 0.5 0.5 0.5 0.5 0.5 0.5 0.5 0.5 0.5 0.5 0.5 0.5 0.5 0.5 0.5 0.5 0.5 0.5 0.5 0.5 0.5 0.5 0.5 0.5 0.5 0.5 0.5 0.5 0.5 0.5 0.5 0.5 0.5 0.5 0.5 0.5 0.5 0.5 0.5 0.5 0.5 0.5 0.5 0.5 0.5 0.5 0.5 0.5 0.5 0.5 0.5 0.5 0.5 0.5 0.5 0.5 0.5 0.5 0.5 0.5 0.5 0.993307 0.990048 0.00669285 0.993307 0.967705 0.00669285 0.00669285 0.00669285 0.00669285 0.00669285 0.00669285 0.00669285 0.00669285 0.00669285 0.00669285 0.00669285 0.00669285 0.00669285 0.00669285 0.00669285 0.00669285 0.00669285 0.00669285 0.00669285 0.00669285 0.00669285 0.00669285 0.00669285 0.00669285 0.00669285 0.00669285 0.00669285 0.00669285 0.00669285 0.00669285 0.00669285 0.00669285 0.00669285 0.00669285 0.00669285 0.00669285 0.00669285 0.00669285 0.00669285 0.00669285 0.00669285 0.00669285 0.00669285 0.00669285 0.00669285 0.00669285 0.00669285 0.00669285 0.00669285 0.00669285 0.00669285 0.00669285 0.00669285 0.00669285 0.00669285 0.00669285 0.00669285 0.00669285 0.00669285 0.00669285 0.00669285 0.00669285 0.00669285 0.00669285 0.00669285 0.993307 0.00669285 0.930862 0.960834 0.450166 0.197816 0.231475 0.310026 0.310026 0.268941 0.268941 0.268941 0.645656 0.952574 0.973403 0.5 0.5 0.5 0.5 0.5 0.5 0.5 0.5 0.5 0.5 0.5 0.5 0.5 0.5 0.5 0.5 0.5 0.5 0.5 0.5 0.5 0.5 0.5 0.5 0.5 0.5 0.5 0.5 0.5 0.5 
0.5 0.5 0.5 0.5 0.5 0.5 0.5 0.5 0.5 0.5 0.5 0.5 0.5 0.5 0.5 0.5 0.5 0.5 0.5 0.5 0.5 0.5 0.5 0.5 0.5 0.5 0.5 0.5 0.5 0.5 0.5 0.5 0.5 0.5 0.5 0.5 0.5 0.5 0.5 0.5 0.5 0.5 0.5 0.5 0.5 0.5 0.5 0.5 0.5 0.5 0.5 0.5 0.5 0.5 0.5 0.5 0.5 0.5 0.5 0.5 0.5 0.5 0.5 0.5 0.5 0.5 0.5 0.5 0.5 0.5 0.5 0.5 0.5 0.5 0.5 0.5 0.5 0.5 0.5 0.5 0.5 0.5 0.5 0.5 0.5 0.5 0.5 0.5 0.5 0.5 0.5 0.5 0.5 0.5 0.5 0.5 0.5 0.5 0.5 0.5 0.5 0.5 0.5 0.5 0.5 0.5 0.5 0.5 0.5 0.5 0.5 0.5 0.5 0.5 0.5 0.5 0.5 0.5 0.5 0.5 0.5 0.5 0.5 0.5 0.5 0.5 0.5 0.5 0.5 0.5 0.5 0.5 0.5 0.5 0.5 0.5 0.5 0.5 0.5 0.5 0.5 0.5 0.5 0.5 0.5 0.5 0.5 0.5 0.5 0.5 0.5 0.5 0.5 0.5 0.5 0.5 0.5 0.5 0.5 0.5 0.5 0.5 0.5 0.5 0.5 0.5 0.5 0.5 0.5 0.5 0.5 0.5 0.5 0.5 0.5 0.5 0.5 0.5 0.5 0.5 0.5 0.5 0.5 0.5 0.5 0.993307 0.985226 0.0218813 0.993307 0.967705 0.00669285 0.00669285 0.00669285 0.00669285 0.00669285 0.00669285 0.00669285 0.00669285 0.00669285 0.00669285 0.00669285 0.00669285 0.00669285 0.00669285 0.00669285 0.00669285 0.00669285 0.00669285 0.00669285 0.00669285 0.00669285 0.00669285 0.00669285 0.00669285 0.00669285 0.00669285 0.00669285 0.00669285 0.00669285 0.00669285 0.00669285 0.00669285 0.00669285 0.00669285 0.00669285 0.00669285 0.00669285 0.00669285 0.00669285 0.00669285 0.00669285 0.00669285 0.00669285 0.00669285 0.00669285 0.00669285 0.00669285 0.00669285 0.00669285 0.00669285 0.00669285 0.00669285 0.00669285 0.00669285 0.00669285 0.00669285 0.00669285 0.00669285 0.00669285 0.00669285 0.00669285 0.00669285 0.00669285 0.00669285 0.991837 0.993307 0.00669285 0.960834 0.197816 0.197816 0.167982 0.310026 0.268941 0.141851 0.167982 0.0997505 0.310026 0.987872 0.645656 0.973403 0.5 0.5 0.5 0.5 0.5 0.5 0.5 0.5 0.5 0.5 0.5 0.5 0.5 0.5 0.5 0.5 0.5 0.5 0.5 0.5 0.5 0.5 0.5 0.5 0.5 0.5 0.5 0.5 0.5 0.5 
0.5 0.5 0.5 0.5 0.5 0.5 0.5 0.5 0.5 0.5 0.5 0.5 0.5 0.5 0.5 0.5 0.5 0.5 0.5 0.5 0.5 0.5 0.5 0.5 0.5 0.5 0.5 0.5 0.5 0.5 0.5 0.5 0.5 0.5 0.5 0.5 0.5 0.5 0.5 0.5 0.5 0.5 0.5 0.5 0.5 0.5 0.5 0.5 0.5 0.5 0.5 0.5 0.5 0.5 0.5 0.5 0.5 0.5 0.5 0.5 0.5 0.5 0.5 0.5 0.5 0.5 0.5 0.5 0.5 0.5 0.5 0.5 0.5 0.5 0.5 0.5 0.5 0.5 0.5 0.5 0.5 0.5 0.5 0.5 0.5 0.5 0.5 0.5 0.5 0.5 0.5 0.5 0.5 0.5 0.5 0.5 0.5 0.5 0.5 0.5 0.5 0.5 0.5 0.5 0.5 0.5 0.5 0.5 0.5 0.5 0.5 0.5 0.5 0.5 0.5 0.5 0.5 0.5 0.5 0.5 0.5 0.5 0.5 0.5 0.5 0.5 0.5 0.5 0.5 0.5 0.5 0.5 0.5 0.5 0.5 0.5 0.5 0.5 0.5 0.5 0.5 0.5 0.5 0.5 0.5 0.5 0.5 0.5 0.5 0.5 0.5 0.5 0.5 0.5 0.5 0.5 0.5 0.5 0.5 0.5 0.5 0.5 0.5 0.5 0.5 0.5 0.5 0.5 0.5 0.5 0.5 0.5 0.5 0.5 0.5 0.5 0.5 0.5 0.5 0.5 0.5 0.5 0.5 0.5 0.5 0.991837 0.985226 0.00669285 0.993307 0.990048 0.00669285 0.00669285 0.00669285 0.00669285 0.00669285 0.00669285 0.00669285 0.00669285 0.00669285 0.00669285 0.00669285 0.00669285 0.00669285 0.00669285 0.00669285 0.00669285 0.00669285 0.00669285 0.00669285 0.00669285 0.00669285 0.00669285 0.00669285 0.00669285 0.00669285 0.00669285 0.00669285 0.00669285 0.00669285 0.00669285 0.00669285 0.00669285 0.00669285 0.00669285 0.00669285 0.00669285 0.00669285 0.00669285 0.00669285 0.00669285 0.00669285 0.00669285 0.00669285 0.00669285 0.00669285 0.00669285 0.00669285 0.00669285 0.00669285 0.00669285 0.00669285 0.00669285 0.00669285 0.00669285 0.00669285 0.00669285 0.00669285 0.167982 0.993307 0.00669285 0.00669285 0.00669285 0.00669285 0.00669285 0.00669285 0.00669285 0.5 0.5 0.00669286 0.0218813 0.026597 0.141851 0.231475 0.0573242 0.0691384 0.119203 0.119203 0.689974 0.942676 0.973403 0.993307 0.5 0.5 0.5 0.5 0.5 0.5 0.5 0.5 0.5 0.5 0.5 0.5 0.5 0.5 0.5 0.5 0.5 0.5 0.5 0.5 0.5 0.5 0.5 0.5 0.5 0.5 0.5 0.5 0.5 
0.5 0.5 0.5 0.5 0.5 0.5 0.5 0.5 0.5 0.5 0.5 0.5 0.5 0.5 0.5 0.5 0.5 0.5 0.5 0.5 0.5 0.5 0.5 0.5 0.5 0.5 0.5 0.5 0.5 0.5 0.5 0.5 0.5 0.5 0.5 0.5 0.5 0.5 0.5 0.5 0.5 0.5 0.5 0.5 0.5 0.5 0.5 0.5 0.5 0.5 0.5 0.5 0.5 0.5 0.5 0.5 0.5 0.5 0.5 0.5 0.5 0.5 0.5 0.5 0.5 0.5 0.5 0.5 0.5 0.5 0.5 0.5 0.5 0.5 0.5 0.5 0.5 0.5 0.5 0.5 0.5 0.5 0.5 0.5 0.5 0.5 0.5 0.5 0.5 0.5 0.5 0.5 0.5 0.5 0.5 0.5 0.5 0.5 0.5 0.5 0.5 0.5 0.5 0.5 0.5 0.5 0.5 0.5 0.5 0.5 0.5 0.5 0.5 0.5 0.5 0.5 0.5 0.5 0.5 0.5 0.5 0.5 0.5 0.5 0.5 0.5 0.5 0.5 0.5 0.5 0.5 0.5 0.5 0.5 0.5 0.5 0.5 0.5 0.5 0.5 0.5 0.5 0.5 0.5 0.5 0.5 0.5 0.5 0.5 0.5 0.5 0.5 0.5 0.5 0.5 0.5 0.5 0.5 0.5 0.5 0.5 0.5 0.5 0.5 0.5 0.5 0.5 0.5 0.5 0.5 0.5 0.5 0.5 0.5 0.5 0.5 0.5 0.5 0.5 0.5 0.973403 0.973403 0.993307 0.993307 0.993307 0.993307 0.993307 0.5 0.990048 0.5 0.00669285 0.0179862 0.00669285 0.00669285 0.00669285 0.00669285 0.00669285 0.00669285 0.00669285 0.00669285 0.00669285 0.00669285 0.00669285 0.00669285 0.00669285 0.00669285 0.00669285 0.00669285 0.00669285 0.00669285 0.00669285 0.00669285 0.00669285 0.00669285 0.00669285 0.00669285 0.00669285 0.00669285 0.00669285 0.00669285 0.00669285 0.00669285 0.00669285 0.00669285 0.00669285 0.00669285 0.00669285 0.00669285 0.00669285 0.00669285 0.00669285 0.00669285 0.00669285 0.00669285 0.00669285 0.00669285 0.00669285 0.00669285 0.00669285 0.00669285 0.00669285 0.00669285 0.00669285 0.00669285 0.00669285 0.00669285 0.00669285 0.00669285 0.00669285 0.00669285 0.00669285 0.00669285 0.00669285 0.00669285 0.00669285 0.00669285 0.00669285 0.00669285 0.00669285 0.00669285 0.0997504 0.993307 0.930862 0.0322954 0.0391657 0.0573242 0.0322954 0.0997505 0.768525 0.991837 0.991837 0.768525 0.5 0.5 0.5 0.5 0.5 0.5 0.5 0.5 0.5 0.5 0.5 0.5 0.5 0.5 0.5 0.5 0.5 0.5 0.5 0.5 0.5 0.5 0.5 0.5 0.5 0.5 0.5 0.5 
0.5 0.5 0.5 0.5 0.5 0.5 0.5 0.5 0.5 0.5 0.5 0.5 0.5 0.5 0.5 0.5 0.5 0.5 0.5 0.5 0.5 0.5 0.5 0.5 0.5 0.5 0.5 0.5 0.5 0.5 0.5 0.5 0.5 0.5 0.5 0.5 0.5 0.5 0.5 0.5 0.5 0.5 0.5 0.5 0.5 0.5 0.5 0.5 0.5 0.5 0.5 0.5 0.5 0.5 0.5 0.5 0.5 0.5 0.5 0.5 0.5 0.5 0.5 0.5 0.5 0.5 0.5 0.5 0.5 0.5 0.5 0.5 0.5 0.5 0.5 0.5 0.5 0.5 0.5 0.5 0.5 0.5 0.5 0.5 0.5 0.5 0.5 0.5 0.5 0.5 0.5 0.5 0.5 0.5 0.5 0.5 0.5 0.5 0.5 0.5 0.5 0.5 0.5 0.5 0.5 0.5 0.5 0.5 0.5 0.5 0.5 0.5 0.5 0.5 0.5 0.5 0.5 0.5 0.5 0.5 0.5 0.5 0.5 0.5 0.5 0.5 0.5 0.5 0.5 0.5 0.5 0.5 0.5 0.5 0.5 0.5 0.5 0.5 0.5 0.5 0.5 0.5 0.5 0.5 0.5 0.5 0.5 0.5 0.5 0.5 0.5 0.5 0.5 0.5 0.5 0.5 0.5 0.5 0.5 0.5 0.5 0.5 0.5 0.5 0.5 0.5 0.5 0.5 0.5 0.5 0.5 0.5 0.5 0.5 0.5 0.5 0.5 0.5 0.768525 0.973403 0.952574 0.993307 0.993307 0.993307 0.993307 0.993307 0.90025 0.993307 0.993307 0.026597 0.00669285 0.00669285 0.00669285 0.00669285 0.00669285 0.00669285 0.00669285 0.00669285 0.00669285 0.00669285 0.00669285 0.00669285 0.00669285 0.00669285 0.00669285 0.00669285 0.00669285 0.00669285 0.00669285 0.00669285 0.00669285 0.00669285 0.00669285 0.00669285 0.00669285 0.00669285 0.00669285 0.00669285 0.00669285 0.00669285 0.00669285 0.00669285 0.00669285 0.00669285 0.00669285 0.00669285 0.00669285 0.00669285 0.00669285 0.00669285 0.00669285 0.00669285 0.00669285 0.00669285 0.00669285 0.00669285 0.0691384 0.00669285 0.00669285 0.00669285 0.00669285 0.00669285 0.00669285 0.00669285 0.00669285 0.00669285 0.00669285 0.00669285 0.00669285 0.00669285 0.00669285 0.00669285 0.00669285 0.00669285 0.00669285 0.00669285 0.00669285 0.00669285 0.00669285 0.00669285 0.00995181 0.993307 0.993307 0.0573242 0.0391657 0.00669285 0.026597 0.0121284 0.731059 0.993307 0.993307 0.5 0.5 0.5 0.5 0.5 0.5 0.5 0.5 0.5 0.5 0.5 0.5 0.5 0.5 0.5 0.5 0.5 0.5 0.5 0.5 0.5 0.5 0.5 0.5 0.5 0.5 0.5 0.5 0.5 
0.5 0.5 0.5 0.5 0.5 0.5 0.5 0.5 0.5 0.5 0.5 0.5 0.5 0.5 0.5 0.5 0.5 0.5 0.5 0.5 0.5 0.5 0.5 0.5 0.5 0.5 0.5 0.5 0.5 0.5 0.5 0.5 0.5 0.5 0.5 0.5 0.5 0.5 0.5 0.5 0.5 0.5 0.5 0.5 0.5 0.5 0.5 0.5 0.5 0.5 0.5 0.5 0.5 0.5 0.5 0.5 0.5 0.5 0.5 0.5 0.5 0.5 0.5 0.5 0.5 0.5 0.5 0.5 0.5 0.5 0.5 0.5 0.5 0.5 0.5 0.5 0.5 0.5 0.5 0.5 0.5 0.5 0.5 0.5 0.5 0.5 0.5 0.5 0.5 0.5 0.5 0.5 0.5 0.5 0.5 0.5 0.5 0.5 0.5 0.5 0.5 0.5 0.5 0.5 0.5 0.5 0.5 0.5 0.5 0.5 0.5 0.5 0.5 0.5 0.5 0.5 0.5 0.5 0.5 0.5 0.5 0.5 0.5 0.5 0.5 0.5 0.5 0.5 0.5 0.5 0.5 0.5 0.5 0.5 0.5 0.5 0.5 0.5 0.5 0.5 0.5 0.5 0.5 0.5 0.5 0.5 0.5 0.5 0.5 0.5 0.5 0.5 0.5 0.5 0.5 0.5 0.5 0.5 0.5 0.5 0.5 0.5 0.5 0.5 0.5 0.5 0.5 0.5 0.5 0.5 0.5 0.5 0.5 0.5 0.5 0.768525 0.973403 0.991837 0.993307 0.993307 0.993307 0.993307 0.993307 0.858149 0.960834 0.858149 0.231475 0.987872 0.978119 0.993307 0.00669285 0.00669285 0.00669285 0.00669285 0.00669285 0.00669285 0.00669285 0.401312 0.00669285 0.00669285 0.00669285 0.00669285 0.00669285 0.00669285 0.00669285 0.00669285 0.00669285 0.00669285 0.00669285 0.00669285 0.00669285 0.00669285 0.00669285 0.00669285 0.00669285 0.00669285 0.00669285 0.00669285 0.00669285 0.00669285 0.00669285 0.00669285 0.00669285 0.00669285 0.00669285 0.00669285 0.00669285 0.00669285 0.00669285 0.00669285 0.00669285 0.00669285 0.00669285 0.00669285 0.00669285 0.354344 0.993307 0.993307 0.982014 0.0218813 0.00669285 0.00669285 0.00669285 0.00669285 0.00669285 0.00669285 0.00669285 0.00669285 0.00669285 0.00669285 0.00669285 0.00669285 0.00669285 0.0121284 0.00669285 0.00669285 0.197816 0.00669285 0.0391657 0.00669285 0.00669285 0.993307 0.993307 0.0474259 0.026597 0.0691384 0.0391657 0.0474259 0.973403 0.993307 0.973403 0.5 0.5 0.5 0.5 0.5 0.5 0.5 0.5 0.5 0.5 0.5 0.5 0.5 0.5 0.5 0.5 0.5 0.5 0.5 0.5 0.5 0.5 0.5 0.5 0.5 0.5 0.5 0.5 0.5 
0.5 0.5 0.5 0.5 0.5 0.5 0.5 0.5 0.5 0.5 0.5 0.5 0.5 0.5 0.5 0.5 0.5 0.5 0.5 0.5 0.5 0.5 0.5 0.5 0.5 0.5 0.5 0.5 0.5 0.5 0.5 0.5 0.5 0.5 0.5 0.5 0.5 0.5 0.5 0.5 0.5 0.5 0.5 0.5 0.5 0.5 0.5 0.5 0.5 0.5 0.5 0.5 0.5 0.5 0.5 0.5 0.5 0.5 0.5 0.5 0.5 0.5 0.5 0.5 0.5 0.5 0.5 0.5 0.5 0.5 0.5 0.5 0.5 0.5 0.5 0.5 0.5 0.5 0.5 0.5 0.5 0.5 0.5 0.5 0.5 0.5 0.5 0.5 0.5 0.5 0.5 0.5 0.5 0.5 0.5 0.5 0.5 0.5 0.5 0.5 0.5 0.5 0.5 0.5 0.5 0.5 0.5 0.5 0.5 0.5 0.5 0.5 0.5 0.5 0.5 0.5 0.5 0.5 0.5 0.5 0.5 0.5 0.5 0.5 0.5 0.5 0.5 0.5 0.5 0.5 0.5 0.5 0.5 0.5 0.5 0.5 0.5 0.5 0.5 0.5 0.5 0.5 0.5 0.5 0.5 0.5 0.5 0.5 0.5 0.5 0.5 0.5 0.5 0.5 0.5 0.5 0.5 0.5 0.5 0.5 0.5 0.5 0.5 0.5 0.5 0.5 0.5 0.5 0.5 0.5 0.5 0.5 0.5 0.5 0.5 0.967705 0.952574 0.993307 0.993307 0.993307 0.942676 0.0121284 0.00669285 0.967705 0.900249 0.645656 0.731059 0.141851 0.5 0.952574 0.197816 0.00816258 0.00669285 0.00669285 0.00669285 0.00669285 0.0831728 0.991837 0.00669285 0.00669285 0.00669285 0.00669285 0.00669285 0.00669285 0.00669285 0.00669285 0.00669285 0.00669285 0.00669285 0.00669285 0.00669285 0.00669285 0.00669285 0.00669285 0.00669285 0.00669285 0.00669285 0.00669285 0.00669285 0.00669285 0.00669285 0.00669285 0.00669285 0.00669285 0.00669285 0.00669285 0.00669285 0.00669285 0.00669285 0.0121284 0.0474259 0.00669285 0.00669285 0.00669285 0.00669285 0.993307 0.993307 0.450166 0.0218813 0.0179862 0.00669285 0.00669285 0.00669285 0.00669285 0.00669285 0.00669285 0.00669285 0.00669285 0.00669285 0.00669285 0.00669285 0.141851 0.00669285 0.0218813 0.00669285 0.00669285 0.310026 0.549834 0.0831727 0.00669285 0.0322955 0.993307 0.993307 0.0997505 0.0831727 0.0997505 0.0691384 0.141851 0.985226 0.354344 0.973403 0.5 0.5 0.5 0.5 0.5 0.5 0.5 0.5 0.5 0.5 0.5 0.5 0.5 0.5 0.5 0.5 0.5 0.5 0.5 0.5 0.5 0.5 0.5 0.5 0.5 0.5 0.5 0.5 0.5 
0.5 0.5 0.5 0.5 0.5 0.5 0.5 0.5 0.5 0.5 0.5 0.5 0.5 0.5 0.5 0.5 0.5 0.5 0.5 0.5 0.5 0.5 0.5 0.5 0.5 0.5 0.5 0.5 0.5 0.5 0.5 0.5 0.5 0.5 0.5 0.5 0.5 0.5 0.5 0.5 0.5 0.5 0.5 0.5 0.5 0.5 0.5 0.5 0.5 0.5 0.5 0.5 0.5 0.5 0.5 0.5 0.5 0.5 0.5 0.5 0.5 0.5 0.5 0.5 0.5 0.5 0.5 0.5 0.5 0.5 0.5 0.5 0.5 0.5 0.5 0.5 0.5 0.5 0.5 0.5 0.5 0.5 0.5 0.5 0.5 0.5 0.5 0.5 0.5 0.5 0.5 0.5 0.5 0.5 0.5 0.5 0.5 0.5 0.5 0.5 0.5 0.5 0.5 0.5 0.5 0.5 0.5 0.5 0.5 0.5 0.5 0.5 0.5 0.5 0.5 0.5 0.5 0.5 0.5 0.5 0.5 0.5 0.5 0.5 0.5 0.5 0.5 0.5 0.5 0.5 0.5 0.5 0.5 0.5 0.5 0.5 0.5 0.5 0.5 0.5 0.5 0.5 0.5 0.5 0.5 0.5 0.5 0.5 0.5 0.5 0.5 0.5 0.5 0.5 0.5 0.5 0.5 0.5 0.5 0.5 0.5 0.5 0.5 0.5 0.5 0.5 0.5 0.5 0.5 0.5 0.5 0.5 0.5 0.5 0.768525 0.942676 0.993307 0.310025 0.987872 0.982014 0.916827 0.0179862 0.00669285 0.014774 0.00816258 0.0218813 0.549834 0.0831727 0.731059 0.90025 0.0691384 0.00669285 0.00669285 0.00669285 0.00669285 0.0831726 0.00669285 0.00669285 0.00669285 0.00669285 0.00669285 0.00669285 0.00669285 0.00669285 0.00669285 0.00669285 0.00669285 0.00669285 0.00669285 0.00669285 0.00669285 0.00669285 0.00669285 0.00669285 0.00669285 0.00669285 0.00669285 0.00669285 0.00669285 0.00669285 0.00669285 0.00669285 0.00669285 0.00669285 0.00669285 0.00669285 0.00669285 0.00669285 0.991837 0.993307 0.993307 0.993307 0.014774 0.973403 0.993307 0.993307 0.00669285 0.00669285 0.014774 0.90025 0.993307 0.993307 0.0218813 0.00669285 0.00669285 0.00669285 0.00669285 0.00669285 0.00669285 0.00669285 0.00669285 0.00669285 0.00669285 0.00669285 0.00669285 0.00669285 0.0179862 0.268941 0.00669285 0.645656 0.0997504 0.858149 0.197816 0.141851 0.268941 0.310026 0.231475 0.197816 0.960834 0.731059 0.768525 0.5 0.5 0.5 0.5 0.5 0.5 0.5 0.5 0.5 0.5 0.5 0.5 0.5 0.5 0.5 0.5 0.5 0.5 0.5 0.5 0.5 0.5 0.5 0.5 0.5 0.5 0.5 0.5 0.5 
0.5 0.5 0.5 0.5 0.5 0.5 0.5 0.5 0.5 0.5 0.5 0.5 0.5 0.5 0.5 0.5 0.5 0.5 0.5 0.5 0.5 0.5 0.5 0.5 0.5 0.5 0.5 0.5 0.5 0.5 0.5 0.5 0.5 0.5 0.5 0.5 0.5 0.5 0.5 0.5 0.5 0.5 0.5 0.5 0.5 0.5 0.5 0.5 0.5 0.5 0.5 0.5 0.5 0.5 0.5 0.5 0.5 0.5 0.5 0.5 0.5 0.5 0.5 0.5 0.5 0.5 0.5 0.5 0.5 0.5 0.5 0.5 0.5 0.5 0.5 0.5 0.5 0.5 0.5 0.5 0.5 0.5 0.5 0.5 0.5 0.5 0.5 0.5 0.5 0.5 0.5 0.5 0.5 0.5 0.5 0.5 0.5 0.5 0.5 0.5 0.5 0.5 0.5 0.5 0.5 0.5 0.5 0.5 0.5 0.5 0.5 0.5 0.5 0.5 0.5 0.5 0.5 0.5 0.5 0.5 0.5 0.5 0.5 0.5 0.5 0.5 0.5 0.5 0.5 0.5 0.5 0.5 0.5 0.5 0.5 0.5 0.5 0.5 0.5 0.5 0.5 0.5 0.5 0.5 0.5 0.5 0.5 0.5 0.5 0.5 0.5 0.5 0.5 0.5 0.5 0.5 0.5 0.5 0.5 0.5 0.5 0.5 0.5 0.5 0.5 0.5 0.5 0.5 0.5 0.5 0.5 0.5 0.973403 0.991837 0.990048 0.993307 0.993307 0.993307 0.985226 0.0691383 0.00669285 0.802184 0.5 0.00669285 0.00669285 0.00669285 0.014774 0.401312 0.141851 0.952574 0.731059 0.00669285 0.00669285 0.00669285 0.00669285 0.90025 0.00669285 0.00669285 0.00669285 0.00669285 0.00669285 0.00669285 0.00669285 0.00669285 0.00669285 0.00669285 0.00669285 0.00669285 0.00669285 0.00669285 0.00669285 0.00669285 0.00669285 0.00669285 0.00669285 0.00669285 0.00669285 0.00669285 0.00669285 0.00669285 0.00669285 0.00669285 0.00669285 0.00669285 0.00669285 0.00669285 0.960834 0.993307 0.731059 0.993307 0.450166 0.00669285 0.993307 0.993307 0.0099518 0.0831727 0.00669285 0.5 0.00669285 0.00669285 0.985226 0.00669285 0.00669285 0.00669285 0.00669285 0.00669285 0.00669285 0.00669285 0.00669285 0.00669285 0.00669285 0.00669285 0.00669285 0.00669285 0.00669285 0.0997504 0.119203 0.832018 0.0121284 0.768525 0.930862 0.731059 0.167982 0.231475 0.268941 0.268941 0.401312 0.450166 0.5 0.5 0.5 0.5 0.5 0.5 0.5 0.5 0.5 0.5 0.5 0.5 0.5 0.5 0.5 0.5 0.5 0.5 0.5 0.5 0.5 0.5 0.5 0.5 0.5 0.5 0.5 0.5 0.5 0.5 0.5 0.5 
0.5 0.5 0.5 0.5 0.5 0.5 0.5 0.5 0.5 0.5 0.5 0.5 0.5 0.5 0.5 0.5 0.5 0.5 0.5 0.5 0.5 0.5 0.5 0.5 0.5 0.5 0.5 0.5 0.5 0.5 0.5 0.5 0.5 0.5 0.5 0.5 0.5 0.5 0.5 0.5 0.5 0.5 0.5 0.5 0.5 0.5 0.5 0.5 0.5 0.5 0.5 0.5 0.5 0.5 0.5 0.5 0.5 0.5 0.5 0.5 0.5 0.5 0.5 0.5 0.5 0.5 0.5 0.5 0.5 0.5 0.5 0.5 0.5 0.5 0.5 0.5 0.5 0.5 0.5 0.5 0.5 0.5 0.5 0.5 0.5 0.5 0.5 0.5 0.5 0.5 0.5 0.5 0.5 0.5 0.5 0.5 0.5 0.5 0.5 0.5 0.5 0.5 0.5 0.5 0.5 0.5 0.5 0.5 0.5 0.5 0.5 0.5 0.5 0.5 0.5 0.5 0.5 0.5 0.5 0.5 0.5 0.5 0.5 0.5 0.5 0.5 0.5 0.5 0.5 0.5 0.5 0.5 0.5 0.5 0.5 0.5 0.5 0.5 0.5 0.5 0.5 0.5 0.5 0.5 0.5 0.5 0.5 0.5 0.5 0.5 0.5 0.5 0.5 0.5 0.5 0.5 0.5 0.5 0.5 0.5 0.5 0.5 0.5 0.5 0.5 0.5 0.5 0.5 0.5 0.5 0.973403 0.993307 0.993307 0.993307 0.993307 0.993307 0.916827 0.0573242 0.0322954 0.00669285 0.00669285 0.00669285 0.00669285 0.00669285 0.00669285 0.00669285 0.00669285 0.401312 0.014774 0.645656 0.993307 0.0691384 0.00669285 0.00669285 0.00669285 0.0121284 0.00669285 0.00669285 0.00669285 0.00669285 0.00669285 0.00669285 0.00669285 0.00669285 0.00669285 0.00669285 0.00669285 0.00669285 0.00669285 0.00669285 0.00669285 0.00669285 0.00669285 0.00669285 0.00669285 0.00669285 0.00669285 0.00669285 0.00669285 0.00669285 0.00669285 0.00669285 0.00669285 0.00669285 0.978119 0.993307 0.993307 0.993307 0.973403 0.0099518 0.00669285 0.00669285 0.00669285 0.993307 0.0179862 0.00669285 0.0218813 0.916827 0.00669285 0.00669285 0.00669285 0.00669285 0.00669285 0.00669285 0.00669285 0.00669285 0.026597 0.00669285 0.00669285 0.00669285 0.00669285 0.00669285 0.00669285 0.00669285 0.00669285 0.00669285 0.00669285 0.00669285 0.0218813 0.0322955 0.942676 0.0831727 0.167982 0.231475 0.450166 0.450166 0.5 0.5 0.5 0.5 0.450166 0.450166 0.768525 0.5 0.5 0.5 0.5 0.5 0.5 0.5 0.5 0.5 0.5 0.5 0.5 0.5 0.5 0.5 0.5 0.5 0.5 0.5 0.5 0.5 0.5 0.5 0.5 0.5 0.5 0.5 
0.5 0.5 0.5 0.5 0.5 0.5 0.5 0.5 0.5 0.5 0.5 0.5 0.5 0.5 0.5 0.5 0.5 0.5 0.5 0.5 0.5 0.5 0.5 0.5 0.5 0.5 0.5 0.5 0.5 0.5 0.5 0.5 0.5 0.5 0.5 0.5 0.5 0.5 0.5 0.5 0.5 0.5 0.5 0.5 0.5 0.5 0.5 0.5 0.5 0.5 0.5 0.5 0.5 0.5 0.5 0.5 0.5 0.5 0.5 0.5 0.5 0.5 0.5 0.5 0.5 0.5 0.5 0.5 0.5 0.5 0.5 0.5 0.5 0.5 0.5 0.5 0.5 0.5 0.5 0.5 0.5 0.5 0.5 0.5 0.5 0.5 0.5 0.5 0.5 0.5 0.5 0.5 0.5 0.5 0.5 0.5 0.5 0.5 0.5 0.5 0.5 0.5 0.5 0.5 0.5 0.5 0.5 0.5 0.5 0.5 0.5 0.5 0.5 0.5 0.5 0.5 0.5 0.5 0.5 0.5 0.5 0.5 0.5 0.5 0.5 0.5 0.5 0.5 0.5 0.5 0.5 0.5 0.5 0.5 0.5 0.5 0.5 0.5 0.5 0.5 0.5 0.5 0.5 0.5 0.5 0.5 0.5 0.5 0.5 0.5 0.5 0.5 0.5 0.5 0.5 0.5 0.5 0.5 0.5 0.5 0.5 0.5 0.5 0.5 0.5 0.5 0.5 0.5 0.993307 0.993307 0.993307 0.993307 0.991837 0.960834 0.310026 0.0322955 0.689975 0.00669285 0.00669285 0.00669285 0.00669285 0.00669285 0.00669285 0.00669285 0.00669285 0.00669285 0.00669285 0.00669285 0.450166 0.310026 0.993307 0.0997505 0.00669285 0.00669285 0.00669285 0.993307 0.00669285 0.00669285 0.00669285 0.00669285 0.00669285 0.00669285 0.00669285 0.00669285 0.00669285 0.00669285 0.00669285 0.00669285 0.00669285 0.00669285 0.00669285 0.00669285 0.00669285 0.00669285 0.00669285 0.00669285 0.00669285 0.00669285 0.00669285 0.00669285 0.00669285 0.00669285 0.00669285 0.00669285 0.450166 0.993307 0.768525 0.00816257 0.00669285 0.993307 0.00669285 0.00669285 0.00669285 0.231475 0.00669285 0.00669285 0.00669285 0.0121284 0.00669285 0.00669285 0.00669285 0.00669285 0.00669285 0.00669285 0.231475 0.00669285 0.00669286 0.0573242 0.00669285 0.00669285 0.00669285 0.00669285 0.00669285 0.00669285 0.00669285 0.00669285 0.00669285 0.00669285 0.00669285 0.0573242 0.991837 0.197816 0.141851 0.197816 0.119203 0.197816 0.167982 0.354344 0.401312 0.450166 0.354344 0.354344 0.973403 0.5 0.5 0.5 0.5 0.5 0.5 0.5 0.5 0.5 0.5 0.5 0.5 0.5 0.5 0.5 0.5 0.5 0.5 0.5 0.5 0.5 0.5 0.5 0.5 0.5 0.5 0.5 
0.5 0.5 0.5 0.5 0.5 0.5 0.5 0.5 0.5 0.5 0.5 0.5 0.5 0.5 0.5 0.5 0.5 0.5 0.5 0.5 0.5 0.5 0.5 0.5 0.5 0.5 0.5 0.5 0.5 0.5 0.5 0.5 0.5 0.5 0.5 0.5 0.5 0.5 0.5 0.5 0.5 0.5 0.5 0.5 0.5 0.5 0.5 0.5 0.5 0.5 0.5 0.5 0.5 0.5 0.5 0.5 0.5 0.5 0.5 0.5 0.5 0.5 0.5 0.5 0.5 0.5 0.5 0.5 0.5 0.5 0.5 0.5 0.5 0.5 0.5 0.5 0.5 0.5 0.5 0.5 0.5 0.5 0.5 0.5 0.5 0.5 0.5 0.5 0.5 0.5 0.5 0.5 0.5 0.5 0.5 0.5 0.5 0.5 0.5 0.5 0.5 0.5 0.5 0.5 0.5 0.5 0.5 0.5 0.5 0.5 0.5 0.5 0.5 0.5 0.5 0.5 0.5 0.5 0.5 0.5 0.5 0.5 0.5 0.5 0.5 0.5 0.5 0.5 0.5 0.5 0.5 0.5 0.5 0.5 0.5 0.5 0.5 0.5 0.5 0.5 0.5 0.5 0.5 0.5 0.5 0.5 0.5 0.5 0.5 0.5 0.5 0.5 0.5 0.5 0.5 0.5 0.5 0.5 0.5 0.5 0.5 0.5 0.5 0.5 0.5 0.916827 0.993307 0.993307 0.993307 0.990048 0.967705 0.967705 0.401312 0.197816 0.00669285 0.00669285 0.0121284 0.00669285 0.00669285 0.00669285 0.00669285 0.00669285 0.00669285 0.00669285 0.00669285 0.00669285 0.00669285 0.00669285 0.197816 0.310026 0.993307 0.598688 0.0691384 0.00669285 0.00669285 0.993307 0.00669285 0.00669285 0.00669285 0.00669285 0.00669285 0.00669285 0.00669285 0.00669285 0.00669285 0.00669285 0.00669285 0.00669285 0.00669285 0.00669285 0.00669285 0.00669285 0.00669285 0.00669285 0.00669285 0.00669285 0.00669285 0.00669285 0.00669285 0.00669285 0.00669285 0.00669285 0.00669285 0.00669285 0.00669285 0.952574 0.014774 0.00669285 0.00669285 0.00669285 0.00669285 0.00669285 0.00669285 0.00669285 0.00669285 0.00669285 0.00669285 0.00669285 0.00669285 0.00669285 0.00669285 0.00669285 0.00669285 0.231475 0.401312 0.197816 0.00669285 0.00669285 0.00669285 0.00669285 0.00669285 0.00669285 0.00669285 0.00669285 0.00669285 0.00669285 0.00669285 0.00669285 0.00669285 0.00669285 0.993307 0.993307 0.401312 0.268941 0.167982 0.0691384 0.119203 0.0831727 0.0831727 0.268941 0.880797 0.401312 0.916827 0.5 0.5 0.5 0.5 0.5 0.5 0.5 0.5 0.5 0.5 0.5 0.5 0.5 0.5 0.5 0.5 0.5 0.5 0.5 0.5 0.5 0.5 0.5 0.5 0.5 0.5 0.5 
0.5 0.5 0.5 0.5 0.5 0.5 0.5 0.5 0.5 0.5 0.5 0.5 0.5 0.5 0.5 0.5 0.5 0.5 0.5 0.5 0.5 0.5 0.5 0.5 0.5 0.5 0.5 0.5 0.5 0.5 0.5 0.5 0.5 0.5 0.5 0.5 0.5 0.5 0.5 0.5 0.5 0.5 0.5 0.5 0.5 0.5 0.5 0.5 0.5 0.5 0.5 0.5 0.5 0.5 0.5 0.5 0.5 0.5 0.5 0.5 0.5 0.5 0.5 0.5 0.5 0.5 0.5 0.5 0.5 0.5 0.5 0.5 0.5 0.5 0.5 0.5 0.5 0.5 0.5 0.5 0.5 0.5 0.5 0.5 0.5 0.5 0.5 0.5 0.5 0.5 0.5 0.5 0.5 0.5 0.5 0.5 0.5 0.5 0.5 0.5 0.5 0.5 0.5 0.5 0.5 0.5 0.5 0.5 0.5 0.5 0.5 0.5 0.5 0.5 0.5 0.5 0.5 0.5 0.5 0.5 0.5 0.5 0.5 0.5 0.5 0.5 0.5 0.5 0.5 0.5 0.5 0.5 0.5 0.5 0.5 0.5 0.5 0.5 0.5 0.5 0.5 0.5 0.5 0.5 0.5 0.5 0.5 0.5 0.5 0.5 0.5 0.5 0.5 0.5 0.5 0.5 0.5 0.5 0.5 0.5 0.5 0.5 0.768525 0.993307 0.993307 0.985226 0.993307 0.942676 0.802184 0.880797 0.990048 0.689975 0.0573242 0.0573242 0.00669285 0.00669285 0.00669285 0.00669285 0.00669285 0.00669285 0.00669285 0.00669285 0.00669285 0.00669285 0.00669285 0.00669285 0.00669285 0.00669285 0.0474259 0.354344 0.993307 0.952574 0.119203 0.967705 0.993307 0.993307 0.00669285 0.00669285 0.00669285 0.00669285 0.00669285 0.00669285 0.00669285 0.00669285 0.00669285 0.00669285 0.00669285 0.00669285 0.00669285 0.00669285 0.00669285 0.00669285 0.00669285 0.00669285 0.00669285 0.00669285 0.00669285 0.00669285 0.00669285 0.00669285 0.00669285 0.00669285 0.00669285 0.00669285 0.00669285 0.00669285 0.00669285 0.00669285 0.00669285 0.00669285 0.00669285 0.00669285 0.00669285 0.00669285 0.00669285 0.00669285 0.00669285 0.00669285 0.00669285 0.00669285 0.00669285 0.00669285 0.00669285 0.014774 0.0121284 0.00669285 0.00669285 0.00669285 0.00669285 0.00669285 0.00669285 0.993307 0.993307 0.00669285 0.00669285 0.00669285 0.00669285 0.00669285 0.00669285 0.993307 0.993307 0.832018 0.993307 0.645656 0.354344 0.354344 0.231475 0.167982 0.231475 0.0997505 0.993307 0.5 0.5 0.5 0.5 0.5 0.5 0.5 0.5 0.5 0.5 0.5 0.5 0.5 0.5 0.5 0.5 0.5 0.5 0.5 0.5 0.5 0.5 0.5 0.5 0.5 0.5 0.5 0.5 0.5 
0.5 0.5 0.5 0.5 0.5 0.5 0.5 0.5 0.5 0.5 0.5 0.5 0.5 0.5 0.5 0.5 0.5 0.5 0.5 0.5 0.5 0.5 0.5 0.5 0.5 0.5 0.5 0.5 0.5 0.5 0.5 0.5 0.5 0.5 0.5 0.5 0.5 0.5 0.5 0.5 0.5 0.5 0.5 0.5 0.5 0.5 0.5 0.5 0.5 0.5 0.5 0.5 0.5 0.5 0.5 0.5 0.5 0.5 0.5 0.5 0.5 0.5 0.5 0.5 0.5 0.5 0.5 0.5 0.5 0.5 0.5 0.5 0.5 0.5 0.5 0.5 0.5 0.5 0.5 0.5 0.5 0.5 0.5 0.5 0.5 0.5 0.5 0.5 0.5 0.5 0.5 0.5 0.5 0.5 0.5 0.5 0.5 0.5 0.5 0.5 0.5 0.5 0.5 0.5 0.5 0.5 0.5 0.5 0.5 0.5 0.5 0.5 0.5 0.5 0.5 0.5 0.5 0.5 0.5 0.5 0.5 0.5 0.5 0.5 0.5 0.5 0.5 0.5 0.5 0.5 0.5 0.5 0.5 0.5 0.5 0.5 0.5 0.5 0.5 0.5 0.5 0.5 0.5 0.5 0.5 0.5 0.5 0.5 0.5 0.5 0.5 0.5 0.5 0.5 0.5 0.5 0.5 0.5 0.5 0.916827 0.993307 0.993307 0.993307 0.993307 0.987872 0.0391657 0.167982 0.942676 0.952574 0.90025 0.549834 0.00669285 0.00669285 0.00669285 0.00669285 0.00669285 0.00669285 0.00669285 0.00669285 0.00669285 0.00669285 0.00669285 0.00669285 0.00669285 0.00669285 0.00669285 0.00669285 0.00669285 0.00669285 0.231475 0.310026 0.973403 0.0573242 0.993307 0.993307 0.00669285 0.00669285 0.00669285 0.00669285 0.00669285 0.00669285 0.00669285 0.00669285 0.00669285 0.00669285 0.00669285 0.00669285 0.00669285 0.00669285 0.00669285 0.00669285 0.00669285 0.00669285 0.00669285 0.00669285 0.00669285 0.00669285 0.00669285 0.00669285 0.00669285 0.00669285 0.00669285 0.00669285 0.00669285 0.00669285 0.00669285 0.00669285 0.00669285 0.00669285 0.00669285 0.00669285 0.00669285 0.00669285 0.00669285 0.00669285 0.00669285 0.00669285 0.00669285 0.00669285 0.00669285 0.00669285 0.00669285 0.00669285 0.00669285 0.00669285 0.00669285 0.00669285 0.00669285 0.00669285 0.00669285 0.00669285 0.00669285 0.00816257 0.014774 0.0121284 0.00669285 0.00669285 0.00669285 0.993307 0.993307 0.993307 0.689974 0.401312 0.401312 0.401312 0.5 0.5 0.354344 0.197816 0.354344 0.930862 0.990048 0.768525 0.5 0.5 0.5 0.5 0.5 0.5 0.5 0.5 0.5 0.5 0.5 0.5 0.5 0.5 0.5 0.5 0.5 0.5 0.5 0.5 0.5 0.5 0.5 0.5 0.5 0.5 0.5 
0.5 0.5 0.5 0.5 0.5 0.5 0.5 0.5 0.5 0.5 0.5 0.5 0.5 0.5 0.5 0.5 0.5 0.5 0.5 0.5 0.5 0.5 0.5 0.5 0.5 0.5 0.5 0.5 0.5 0.5 0.5 0.5 0.5 0.5 0.5 0.5 0.5 0.5 0.5 0.5 0.5 0.5 0.5 0.5 0.5 0.5 0.5 0.5 0.5 0.5 0.5 0.5 0.5 0.5 0.5 0.5 0.5 0.5 0.5 0.5 0.5 0.5 0.5 0.5 0.5 0.5 0.5 0.5 0.5 0.5 0.5 0.5 0.5 0.5 0.5 0.5 0.5 0.5 0.5 0.5 0.5 0.5 0.5 0.5 0.5 0.5 0.5 0.5 0.5 0.5 0.5 0.5 0.5 0.5 0.5 0.5 0.5 0.5 0.5 0.5 0.5 0.5 0.5 0.5 0.5 0.5 0.5 0.5 0.5 0.5 0.5 0.5 0.5 0.5 0.5 0.5 0.5 0.5 0.5 0.5 0.5 0.5 0.5 0.5 0.5 0.5 0.5 0.5 0.5 0.5 0.5 0.5 0.5 0.5 0.5 0.5 0.5 0.5 0.5 0.5 0.5 0.5 0.5 0.5 0.5 0.5 0.5 0.5 0.5 0.5 0.5 0.5 0.5 0.5 0.5 0.5 0.5 0.993307 0.993307 0.993307 0.993307 0.982014 0.942676 0.141851 0.0218813 0.0831727 0.0391657 0.0474259 0.0997504 0.00669285 0.00669285 0.00669285 0.00669285 0.00669285 0.00669285 0.00669285 0.00669285 0.00669285 0.00669285 0.00669285 0.00669285 0.00669285 0.00669285 0.00669285 0.00669285 0.00669285 0.00669285 0.00669285 0.00669285 0.014774 0.916827 0.90025 0.00669285 0.0218813 0.993307 0.993307 0.268941 0.00669285 0.00669285 0.00669285 0.00669285 0.00669285 0.00669285 0.00669285 0.00669285 0.00669285 0.00669285 0.00669285 0.00669285 0.00669285 0.00669285 0.00669285 0.00669285 0.00669285 0.00669285 0.00669285 0.00669285 0.00669285 0.00669285 0.00669285 0.00669285 0.00669285 0.00669285 0.00669285 0.00669285 0.00669285 0.00669285 0.00669285 0.00669285 0.00669285 0.00669285 0.00669285 0.00669285 0.00669285 0.00669285 0.00669285 0.00669285 0.00669285 0.00669285 0.00669285 0.00669285 0.00669285 0.00669285 0.00669285 0.00669285 0.00669285 0.00669285 0.00669285 0.014774 0.014774 0.00669285 0.00669285 0.014774 0.026597 0.0218813 0.0179862 0.00669285 0.952574 0.993307 0.993307 0.268941 0.401312 0.354344 0.310026 0.310026 0.310026 0.268941 0.354344 0.401312 0.401312 0.598688 0.967705 0.450166 0.768525 0.5 0.5 0.5 0.5 0.5 0.5 0.5 0.5 0.5 0.5 0.5 0.5 0.5 0.5 0.5 0.5 0.5 0.5 0.5 0.5 0.5 0.5 0.5 0.5 0.5 0.5 
0.5 0.5 0.5 0.5 0.5 0.5 0.5 0.5 0.5 0.5 0.5 0.5 0.5 0.5 0.5 0.5 0.5 0.5 0.5 0.5 0.5 0.5 0.5 0.5 0.5 0.5 0.5 0.5 0.5 0.5 0.5 0.5 0.5 0.5 0.5 0.5 0.5 0.5 0.5 0.5 0.5 0.5 0.5 0.5 0.5 0.5 0.5 0.5 0.5 0.5 0.5 0.5 0.5 0.5 0.5 0.5 0.5 0.5 0.5 0.5 0.5 0.5 0.5 0.5 0.5 0.5 0.5 0.5 0.5 0.5 0.5 0.5 0.5 0.5 0.5 0.5 0.5 0.5 0.5 0.5 0.5 0.5 0.5 0.5 0.5 0.5 0.5 0.5 0.5 0.5 0.5 0.5 0.5 0.5 0.5 0.5 0.5 0.5 0.5 0.5 0.5 0.5 0.5 0.5 0.5 0.5 0.5 0.5 0.5 0.5 0.5 0.5 0.5 0.5 0.5 0.5 0.5 0.5 0.5 0.5 0.5 0.5 0.5 0.5 0.5 0.5 0.5 0.5 0.5 0.5 0.5 0.5 0.5 0.5 0.5 0.5 0.5 0.5 0.5 0.5 0.5 0.5 0.5 0.5 0.5 0.5 0.5 0.5 0.5 0.5 0.5 0.5 0.5 0.5 0.5 0.5 0.916827 0.993307 0.985226 0.952574 0.197816 0.0831727 0.119203 0.0691384 0.00816258 0.00669285 0.0691384 0.00669285 0.00669285 0.00669285 0.00669285 0.00669285 0.00669285 0.00669285 0.00669285 0.00669285 0.00669285 0.00669285 0.00669285 0.00669285 0.00669285 0.00669285 0.00669285 0.00669285 0.00669285 0.00669285 0.00669285 0.00669285 0.00669285 0.026597 0.167982 0.598688 0.0218813 0.00669285 0.00669285 0.00669285 0.00669285 0.00669285 0.00669285 0.00669285 0.00669285 0.00669285 0.00669285 0.00669285 0.00669285 0.00669285 0.00669285 0.00669285 0.00669285 0.00669285 0.00669285 0.00669285 0.00669285 0.00669285 0.00669285 0.00669285 0.00669285 0.00669285 0.00669285 0.00669285 0.00669285 0.00669285 0.00669285 0.00669285 0.00669285 0.00669285 0.00669285 0.00669285 0.00669285 0.00669285 0.00669285 0.00669285 0.00669285 0.00669285 0.00669285 0.00669285 0.00669285 0.00669285 0.00669285 0.00669285 0.00669285 0.00669285 0.0121284 0.0691384 0.0322954 0.00669285 0.00669285 0.00816257 0.141851 0.0322954 0.026597 0.00669285 0.00669285 0.00669285 0.0573242 0.0391657 0.0322954 0.978119 0.993307 0.231475 0.231475 0.141851 0.197816 0.197816 0.268941 0.268941 0.310026 0.310026 0.310026 0.310026 0.354344 0.973403 0.5 0.5 0.5 0.5 0.5 0.5 0.5 0.5 0.5 0.5 0.5 0.5 0.5 0.5 0.5 0.5 0.5 0.5 0.5 0.5 0.5 0.5 0.5 0.5 0.5 0.5 0.5 0.5 
0.5 0.5 0.5 0.5 0.5 0.5 0.5 0.5 0.5 0.5 0.5 0.5 0.5 0.5 0.5 0.5 0.5 0.5 0.5 0.5 0.5 0.5 0.5 0.5 0.5 0.5 0.5 0.5 0.5 0.5 0.5 0.5 0.5 0.5 0.5 0.5 0.5 0.5 0.5 0.5 0.5 0.5 0.5 0.5 0.5 0.5 0.5 0.5 0.5 0.5 0.5 0.5 0.5 0.5 0.5 0.5 0.5 0.5 0.5 0.5 0.5 0.5 0.5 0.5 0.5 0.5 0.5 0.5 0.5 0.5 0.5 0.5 0.5 0.5 0.5 0.5 0.5 0.5 0.5 0.5 0.5 0.5 0.5 0.5 0.5 0.5 0.5 0.5 0.5 0.5 0.5 0.5 0.5 0.5 0.5 0.5 0.5 0.5 0.5 0.5 0.5 0.5 0.5 0.5 0.5 0.5 0.5 0.5 0.5 0.5 0.5 0.5 0.5 0.5 0.5 0.5 0.5 0.5 0.5 0.5 0.5 0.5 0.5 0.5 0.5 0.5 0.5 0.5 0.5 0.5 0.5 0.5 0.5 0.5 0.5 0.5 0.5 0.5 0.5 0.5 0.5 0.5 0.5 0.5 0.5 0.5 0.5 0.5 0.5 0.768525 0.993307 0.993307 0.401312 0.90025 0.990048 0.993307 0.993307 0.993307 0.993307 0.0691384 0.0997505 0.00669285 0.00669285 0.00669285 0.00669285 0.00669285 0.00669285 0.00669285 0.00669285 0.00669285 0.00669285 0.00669285 0.00669285 0.00669285 0.00669285 0.00669285 0.00669285 0.00669285 0.00669285 0.00669285 0.00669285 0.00669285 0.00669285 0.00669285 0.00669285 0.00669285 0.00669285 0.00669285 0.00669285 0.00669285 0.00669285 0.00669285 0.00669285 0.991837 0.197816 0.00669285 0.00669285 0.00669285 0.00669285 0.00669285 0.00669285 0.00669285 0.00669285 0.00669285 0.00669285 0.00669285 0.00669285 0.00669285 0.00669285 0.00669285 0.00669285 0.00669285 0.00669285 0.00669285 0.00669285 0.00669285 0.00669285 0.00669285 0.00669285 0.00669285 0.00669285 0.00669285 0.00669285 0.00669285 0.00669285 0.00669285 0.00669285 0.00669285 0.00669285 0.00669285 0.00669285 0.00669285 0.00669285 0.00669285 0.00669285 0.00669285 0.0322955 0.00669285 0.00669285 0.00669285 0.00669285 0.0121284 0.00669285 0.00669285 0.00669285 0.00669285 0.00669285 0.00669285 0.973403 0.354344 0.268941 0.0691384 0.0831727 0.00669285 0.0218813 0.0997505 0.0997505 0.930862 0.90025 0.197816 0.310026 0.310026 0.268941 0.310026 0.354344 0.310026 0.310026 0.310026 0.310026 0.354344 0.354344 0.973403 0.5 0.5 0.5 0.5 0.5 0.5 0.5 0.5 0.5 0.5 0.5 0.5 0.5 0.5 0.5 0.5 0.5 0.5 0.5 0.5 0.5 0.5 0.5 0.5 0.5 0.5 0.5 0.5 
0.5 0.5 0.5 0.5 0.5 0.5 0.5 0.5 0.5 0.5 0.5 0.5 0.5 0.5 0.5 0.5 0.5 0.5 0.5 0.5 0.5 0.5 0.5 0.5 0.5 0.5 0.5 0.5 0.5 0.5 0.5 0.5 0.5 0.5 0.5 0.5 0.5 0.5 0.5 0.5 0.5 0.5 0.5 0.5 0.5 0.5 0.5 0.5 0.5 0.5 0.5 0.5 0.5 0.5 0.5 0.5 0.5 0.5 0.5 0.5 0.5 0.5 0.5 0.5 0.5 0.5 0.5 0.5 0.5 0.5 0.5 0.5 0.5 0.5 0.5 0.5 0.5 0.5 0.5 0.5 0.5 0.5 0.5 0.5 0.5 0.5 0.5 0.5 0.5 0.5 0.5 0.5 0.5 0.5 0.5 0.5 0.5 0.5 0.5 0.5 0.5 0.5 0.5 0.5 0.5 0.5 0.5 0.5 0.5 0.5 0.5 0.5 0.5 0.5 0.5 0.5 0.5 0.5 0.5 0.5 0.5 0.5 0.5 0.5 0.5 0.5 0.5 0.5 0.5 0.5 0.5 0.5 0.5 0.5 0.5 0.5 0.5 0.5 0.5 0.5 0.5 0.5 0.5 0.5 0.5 0.5 0.916827 0.987872 0.993307 0.993307 0.993307 0.952574 0.645656 0.354344 0.967705 0.960834 0.993307 0.993307 0.991837 0.268941 0.00669285 0.00669285 0.00669285 0.00669285 0.00669285 0.00669285 0.00669285 0.00669285 0.00669285 0.00669285 0.00669285 0.00669285 0.00669285 0.00669285 0.00669285 0.00669285 0.00669285 0.00669285 0.00669285 0.00669285 0.00669285 0.00669285 0.00669285 0.00669285 0.00669285 0.00669285 0.00669285 0.00669285 0.00669285 0.00669285 0.00669285 0.00669285 0.00669285 0.993307 0.916827 0.00669285 0.00669285 0.00669285 0.00669285 0.00669285 0.00669285 0.00669285 0.00669285 0.00669285 0.00669285 0.00669285 0.00669285 0.00669285 0.00669285 0.00669285 0.00669285 0.00669285 0.00669285 0.00669285 0.00669285 0.00669285 0.00669285 0.00669285 0.00669285 0.00669285 0.00669285 0.00669285 0.00669285 0.00669285 0.00669285 0.00669285 0.00669285 0.00669285 0.00669285 0.00669285 0.00669285 0.00669285 0.00669285 0.00669285 0.00669285 0.197816 0.0322955 0.00669285 0.00669285 0.00669285 0.00669285 0.0691384 0.0474259 0.0831727 0.119203 0.0391657 0.0121284 0.00669285 0.90025 0.90025 0.119203 0.119203 0.0831727 0.0691384 0.00669285 0.00669285 0.119203 0.119203 0.197816 0.268941 0.167982 0.197816 0.268941 0.310026 0.167982 0.197816 0.310026 0.310026 0.310026 0.268941 0.310026 0.731059 0.450166 0.450166 0.450166 0.450166 0.5 0.5 0.5 0.5 0.5 0.5 0.5 0.5 0.5 0.5 0.5 0.5 0.5 0.5 0.5 0.5 0.5 0.5 0.5 0.5 0.5 0.5 0.5 0.5 
0.5 0.5 0.5 0.5 0.5 0.5 0.5 0.5 0.5 0.5 0.5 0.5 0.5 0.5 0.5 0.5 0.5 0.5 0.5 0.5 0.5 0.5 0.5 0.5 0.5 0.5 0.5 0.5 0.5 0.5 0.5 0.5 0.5 0.5 0.5 0.5 0.5 0.5 0.5 0.5 0.5 0.5 0.5 0.5 0.5 0.5 0.5 0.5 0.5 0.5 0.5 0.5 0.5 0.5 0.5 0.5 0.5 0.5 0.5 0.5 0.5 0.5 0.5 0.5 0.5 0.5 0.5 0.5 0.5 0.5 0.5 0.5 0.5 0.5 0.5 0.5 0.5 0.5 0.5 0.5 0.5 0.5 0.5 0.5 0.5 0.5 0.5 0.5 0.5 0.5 0.5 0.5 0.5 0.5 0.5 0.5 0.5 0.5 0.5 0.5 0.5 0.5 0.5 0.5 0.5 0.5 0.5 0.5 0.5 0.5 0.5 0.5 0.5 0.5 0.5 0.5 0.5 0.5 0.5 0.5 0.5 0.5 0.5 0.5 0.5 0.5 0.5 0.5 0.5 0.5 0.5 0.5 0.5 0.5 0.5 0.5 0.5 0.5 0.5 0.5 0.5 0.5 0.5 0.916827 0.880797 0.993307 0.993307 0.993307 0.5 0.952574 0.973403 0.598688 0.119203 0.5 0.401312 0.880797 0.993307 0.967705 0.90025 0.00669285 0.00669285 0.00669285 0.00669285 0.00669285 0.00669285 0.00669285 0.00669285 0.00669285 0.00669285 0.00669285 0.00669285 0.00669285 0.00669285 0.00669285 0.00669285 0.00669285 0.00669285 0.00669285 0.00669285 0.00669285 0.00669285 0.00669285 0.00669285 0.00669285 0.00669285 0.993307 0.993307 0.993307 0.993307 0.993307 0.993307 0.993307 0.00669285 0.00669285 0.00669285 0.00669285 0.00669285 0.00669285 0.00669285 0.00669285 0.00669285 0.00669285 0.00669285 0.00669285 0.00669285 0.00669285 0.00669285 0.00669285 0.00669285 0.00669285 0.00669285 0.00669285 0.00669285 0.00669285 0.00669285 0.00669285 0.00669285 0.00669285 0.00669285 0.00669285 0.00669285 0.00669285 0.00669285 0.00669285 0.00669285 0.00669285 0.00669285 0.00669285 0.00669285 0.00669285 0.00669285 0.0573242 0.00669285 0.00669285 0.985226 0.310025 0.5 0.00669285 0.00669285 0.00669285 0.00669285 0.00669285 0.026597 0.0179862 0.0322954 0.0322954 0.0573242 0.310026 0.978119 0.231475 0.167982 0.167982 0.141851 0.0997505 0.026597 0.00669285 0.00669285 0.0391657 0.0691384 0.141851 0.268941 0.354344 0.268941 0.268941 0.310026 0.310026 0.197816 0.197816 0.268941 0.310026 0.310026 0.231475 0.354344 0.354344 0.354344 0.354344 0.310026 0.354344 0.450166 0.450166 0.450166 0.450166 0.450166 0.5 0.5 0.5 0.5 0.5 0.5 0.5 0.5 0.5 0.5 0.5 0.5 0.5 0.5 0.5 0.5 0.5 
0.5 0.5 0.5 0.5 0.5 0.5 0.5 0.5 0.5 0.5 0.5 0.5 0.5 0.5 0.5 0.5 0.5 0.5 0.5 0.5 0.5 0.5 0.5 0.5 0.5 0.5 0.5 0.5 0.5 0.5 0.5 0.5 0.5 0.5 0.5 0.5 0.5 0.5 0.5 0.5 0.5 0.5 0.5 0.5 0.5 0.5 0.5 0.5 0.5 0.5 0.5 0.5 0.5 0.5 0.5 0.5 0.5 0.5 0.5 0.5 0.5 0.5 0.5 0.5 0.5 0.5 0.5 0.5 0.5 0.5 0.5 0.5 0.5 0.5 0.5 0.5 0.5 0.5 0.5 0.5 0.5 0.5 0.5 0.5 0.5 0.5 0.5 0.5 0.5 0.5 0.5 0.5 0.5 0.5 0.5 0.5 0.5 0.5 0.5 0.5 0.5 0.5 0.5 0.5 0.5 0.5 0.5 0.5 0.5 0.5 0.5 0.5 0.5 0.5 0.5 0.5 0.5 0.5 0.5 0.5 0.5 0.5 0.5 0.5 0.5 0.5 0.5 0.5 0.5 0.5 0.5 0.5 0.5 0.5 0.5 0.5 0.5 0.5 0.5 0.5 0.916827 0.960834 0.993307 0.993307 0.916827 0.268941 0.952574 0.858149 0.993307 0.731059 0.401312 0.5 0.768525 0.197816 0.310026 0.401312 0.982014 0.549834 0.00669285 0.00669285 0.00669285 0.00669285 0.00669285 0.00669285 0.00669285 0.00669285 0.00669285 0.00669285 0.00669285 0.00669285 0.00669285 0.00669285 0.00669285 0.00669285 0.00669285 0.00669285 0.00669285 0.00669285 0.00669285 0.00669285 0.00669285 0.00669285 0.00669286 0.993307 0.993307 0.90025 0.00669285 0.00669285 0.00669285 0.00669285 0.00669285 0.00669285 0.00669285 0.00669285 0.00669285 0.00669285 0.00669285 0.00669285 0.00669285 0.00669285 0.00669285 0.00669285 0.00669285 0.00669285 0.00669285 0.00669285 0.00669285 0.00669285 0.00669285 0.00669285 0.00669285 0.00669285 0.00669285 0.00669285 0.00669285 0.00669285 0.00669285 0.00669285 0.00669285 0.00669285 0.00669285 0.00669285 0.00669285 0.00669285 0.00669285 0.00669285 0.00669285 0.00669285 0.00669285 0.026597 0.832018 0.731059 0.00669285 0.00669285 0.00669285 0.0121284 0.549834 0.00669285 0.00669285 0.00669285 0.00669285 0.00669285 0.00669285 0.00669285 0.014774 0.0218813 0.0474259 0.942676 0.916827 0.0997505 0.0997505 0.0997505 0.167982 0.119203 0.141851 0.0391657 0.00669285 0.00669285 0.026597 0.0831727 0.0573242 0.0831727 0.119203 0.167982 0.197816 0.197816 0.197816 0.197816 0.141851 0.197816 0.167982 0.197816 0.119203 0.90025 0.645656 0.354344 0.354344 0.310026 0.354344 0.354344 0.354344 0.354344 0.354344 0.310026 0.450166 0.450166 0.450166 0.450166 0.450166 0.450166 0.5 0.5 0.5 0.5 0.5 0.5 0.5 0.5 0.5 0.5 
0.5 0.5 0.5 0.5 0.5 0.5 0.5 0.5 0.5 0.5 0.5 0.5 0.5 0.5 0.5 0.5 0.5 0.5 0.5 0.5 0.5 0.5 0.5 0.5 0.5 0.5 0.5 0.5 0.5 0.5 0.5 0.5 0.5 0.5 0.5 0.5 0.5 0.5 0.5 0.5 0.5 0.5 0.5 0.5 0.5 0.5 0.5 0.5 0.5 0.5 0.5 0.5 0.5 0.5 0.5 0.5 0.5 0.5 0.5 0.5 0.5 0.5 0.5 0.5 0.5 0.5 0.5 0.5 0.5 0.5 0.5 0.5 0.5 0.5 0.5 0.5 0.5 0.5 0.5 0.5 0.5 0.5 0.5 0.5 0.5 0.5 0.5 0.5 0.5 0.5 0.5 0.5 0.5 0.5 0.5 0.5 0.5 0.5 0.5 0.5 0.5 0.5 0.5 0.5 0.5 0.5 0.5 0.5 0.5 0.5 0.5 0.5 0.5 0.5 0.5 0.5 0.5 0.5 0.5 0.5 0.5 0.5 0.5 0.5 0.5 0.5 0.5 0.5 0.5 0.5 0.5 0.5 0.5 0.5 0.5 0.5 0.5 0.916827 0.960834 0.930862 0.231475 0.993307 0.231475 0.268941 0.401312 0.987872 0.990048 0.916827 0.598688 0.90025 0.916827 0.450166 0.119203 0.0691384 0.119203 0.268941 0.354344 0.0474259 0.00669285 0.00669285 0.00669285 0.00669285 0.00669285 0.00669285 0.00669285 0.00669285 0.00669285 0.00669285 0.00669285 0.00669285 0.00669285 0.00669285 0.00669285 0.00669285 0.00669285 0.00669285 0.00669285 0.00669285 0.00669285 0.00669285 0.00669285 0.00669285 0.00669285 0.993307 0.993307 0.00669285 0.00669285 0.00669285 0.00669285 0.00669285 0.00669285 0.00669285 0.00669285 0.00669285 0.00669285 0.00669285 0.00669285 0.00669285 0.00669285 0.00669285 0.00669285 0.00669285 0.00669285 0.00669285 0.00669285 0.00669285 0.00669285 0.00669285 0.00669285 0.00669285 0.00669285 0.00669285 0.00669285 0.00669285 0.00669285 0.00669285 0.00669285 0.00669285 0.00669285 0.00669285 0.00669285 0.00669285 0.00669285 0.00669285 0.00669285 0.00669285 0.014774 0.0179862 0.354344 0.00669285 0.00669285 0.0391657 0.00669285 0.00669285 0.00669285 0.00669285 0.689975 0.00669285 0.00669285 0.00669285 0.00669285 0.00669285 0.00669285 0.0121284 0.00669285 0.00669285 0.00669285 0.231475 0.0997505 0.0831727 0.141851 0.141851 0.141851 0.141851 0.0831727 0.0573242 0.0573242 0.00669285 0.00669285 0.00816257 0.026597 0.0691384 0.0831727 0.119203 0.119203 0.141851 0.197816 0.197816 0.310026 0.197816 0.197816 0.167982 0.982014 0.967705 0.645656 0.354344 0.354344 0.354344 0.231475 0.310026 0.354344 0.354344 0.354344 0.354344 0.354344 0.354344 0.354344 0.354344 0.354344 0.354344 0.354344 0.450166 0.450166 0.450166 0.450166 0.450166 0.450166 0.450166 0.5 0.5 
0.5 0.5 0.5 0.5 0.5 0.5 0.5 0.5 0.5 0.5 0.5 0.5 0.5 0.5 0.5 0.5 0.5 0.5 0.5 0.5 0.5 0.5 0.5 0.5 0.5 0.5 0.5 0.5 0.5 0.5 0.5 0.5 0.5 0.5 0.5 0.5 0.5 0.5 0.5 0.5 0.5 0.5 0.5 0.5 0.5 0.5 0.5 0.5 0.5 0.5 0.5 0.5 0.5 0.5 0.5 0.5 0.5 0.5 0.5 0.5 0.5 0.5 0.5 0.5 0.5 0.5 0.5 0.5 0.5 0.5 0.5 0.5 0.5 0.5 0.5 0.5 0.5 0.5 0.5 0.5 0.5 0.5 0.5 0.5 0.5 0.5 0.5 0.5 0.5 0.5 0.5 0.5 0.5 0.5 0.5 0.5 0.5 0.5 0.5 0.5 0.5 0.5 0.5 0.5 0.5 0.5 0.5 0.5 0.5 0.5 0.5 0.5 0.5 0.5 0.5 0.5 0.5 0.5 0.5 0.5 0.5 0.5 0.5 0.5 0.5 0.5 0.5 0.5 0.5 0.5 0.5 0.5 0.5 0.768525 0.90025 0.858149 0.832018 0.310026 0.401312 0.5 0.960834 0.978119 0.990048 0.993307 0.993307 0.768525 0.930862 0.880797 0.802184 0.450166 0.014774 0.00669285 0.00669285 0.00669285 0.141851 0.689975 0.268941 0.00669285 0.00669285 0.00669285 0.00669285 0.00669285 0.00669285 0.00669285 0.00669285 0.00669285 0.00669285 0.00669285 0.00669285 0.00669285 0.00669285 0.00669285 0.00669285 0.00669285 0.00669285 0.00669285 0.00669285 0.00669285 0.00669285 0.00669285 0.00669285 0.00669285 0.354344 0.00669285 0.00669285 0.00669285 0.00669285 0.00669285 0.00669285 0.00669285 0.00669285 0.00669285 0.00669285 0.00669285 0.00669285 0.00669285 0.00669285 0.00669285 0.00669285 0.00669285 0.00669285 0.00669285 0.00669285 0.00669285 0.00669285 0.00669285 0.00669285 0.00669285 0.00669285 0.00669285 0.00669285 0.00669285 0.00669285 0.00669285 0.00669285 0.00669285 0.00669285 0.00669285 0.00669285 0.00669285 0.00669285 0.00816258 0.00669285 0.0179862 0.00669285 0.014774 0.952574 0.952574 0.916827 0.960834 0.00669285 0.00669285 0.00669285 0.00669285 0.00669285 0.00669285 0.00669285 0.00669285 0.00669285 0.00669285 0.00669285 0.00669285 0.00669285 0.00669285 0.026597 0.0474259 0.0121284 0.00816257 0.0691384 0.0831727 0.0997505 0.197816 0.119203 0.310026 0.310026 0.450166 0.310026 0.197816 0.197816 0.00669285 0.00669285 0.0474259 0.0997505 0.0691384 0.119203 0.167982 0.197816 0.310026 0.197816 0.231475 0.598688 0.310026 0.645656 0.5 0.5 0.5 0.5 0.5 0.5 0.401312 0.354344 0.354344 0.354344 0.354344 0.231475 0.310026 0.354344 0.354344 0.354344 0.354344 0.450166 0.354344 0.354344 0.354344 0.354344 0.354344 0.354344 0.401312 0.450166 0.450166 
0.5 0.5 0.5 0.5 0.5 0.5 0.5 0.5 0.5 0.5 0.5 0.5 0.5 0.5 0.5 0.5 0.5 0.5 0.5 0.5 0.5 0.5 0.5 0.5 0.5 0.5 0.5 0.5 0.5 0.5 0.5 0.5 0.5 0.5 0.5 0.5 0.5 0.5 0.5 0.5 0.5 0.5 0.5 0.5 0.5 0.5 0.5 0.5 0.5 0.5 0.5 0.5 0.5 0.5 0.5 0.5 0.5 0.5 0.5 0.5 0.5 0.5 0.5 0.5 0.5 0.5 0.5 0.5 0.5 0.5 0.5 0.5 0.5 0.5 0.5 0.5 0.5 0.5 0.5 0.5 0.5 0.5 0.5 0.5 0.5 0.5 0.5 0.5 0.5 0.5 0.5 0.5 0.5 0.5 0.5 0.5 0.5 0.5 0.5 0.5 0.5 0.5 0.5 0.5 0.5 0.5 0.5 0.5 0.5 0.5 0.5 0.5 0.5 0.5 0.5 0.5 0.5 0.5 0.5 0.5 0.5 0.5 0.5 0.5 0.5 0.5 0.5 0.5 0.5 0.5 0.768525 0.731059 0.960834 0.549834 0.268941 0.310026 0.401312 0.858149 0.982014 0.973403 0.993307 0.991837 0.993307 0.952574 0.967705 0.967705 0.802184 0.231475 0.00669285 0.00669286 0.00669285 0.00669285 0.00669285 0.00669285 0.00669285 0.00669285 0.00669285 0.00669285 0.00669285 0.00669285 0.00669285 0.00669285 0.00669285 0.00669285 0.00669285 0.00669285 0.00669285 0.00669285 0.00669285 0.00669285 0.00669285 0.00669285 0.00669285 0.00669285 0.00669285 0.00669285 0.00669285 0.00669285 0.00669285 0.00669285 0.0218813 0.990048 0.993307 0.00669285 0.00669285 0.00669285 0.00669285 0.00669285 0.00669285 0.00669285 0.00669285 0.00669285 0.00669285 0.00669285 0.00669285 0.00669285 0.00669285 0.00669285 0.00669285 0.00669285 0.00669285 0.00669285 0.00669285 0.00669285 0.00669285 0.00669285 0.00669285 0.00669285 0.00669285 0.00669285 0.00669285 0.00669285 0.00669285 0.00669285 0.00669285 0.00669285 0.00669285 0.00669285 0.00669285 0.858149 0.993307 0.993307 0.978119 0.858149 0.0099518 0.598688 0.990048 0.993307 0.993307 0.942676 0.0391657 0.00669285 0.00669285 0.00669285 0.00669285 0.00669285 0.00669285 0.00669285 0.00669285 0.00669285 0.00669285 0.00669285 0.00669285 0.00669285 0.026597 0.026597 0.0179862 0.0322954 0.0179862 0.119203 0.119203 0.0997505 0.141851 0.0997505 0.119203 0.119203 0.197816 0.141851 0.141851 0.354344 0.014774 0.0121284 0.119203 0.231475 0.197816 0.231475 0.197816 0.119203 0.141851 0.197816 0.167982 0.268941 0.401312 0.268941 0.310026 0.354344 0.354344 0.5 0.5 0.5 0.5 0.5 0.5 0.5 0.5 0.401312 0.354344 0.354344 0.354344 0.354344 0.310026 0.354344 0.354344 0.354344 0.354344 0.354344 0.5 0.450166 0.354344 0.354344 
0.5 0.5 0.5 0.5 0.5 0.5 0.5 0.5 0.5 0.5 0.5 0.5 0.5 0.5 0.5 0.5 0.5 0.5 0.5 0.5 0.5 0.5 0.5 0.5 0.5 0.5 0.5 0.5 0.5 0.5 0.5 0.5 0.5 0.5 0.5 0.5 0.5 0.5 0.5 0.5 0.5 0.5 0.5 0.5 0.5 0.5 0.5 0.5 0.5 0.5 0.5 0.5 0.5 0.5 0.5 0.5 0.5 0.5 0.5 0.5 0.5 0.5 0.5 0.5 0.5 0.5 0.5 0.5 0.5 0.5 0.5 0.5 0.5 0.5 0.5 0.5 0.5 0.5 0.5 0.5 0.5 0.5 0.5 0.5 0.5 0.5 0.5 0.5 0.5 0.5 0.5 0.5 0.5 0.5 0.5 0.5 0.5 0.5 0.5 0.5 0.5 0.5 0.5 0.5 0.5 0.5 0.5 0.5 0.5 0.5 0.5 0.5 0.5 0.5 0.5 0.5 0.5 0.5 0.5 0.5 0.5 0.5 0.5 0.5 0.5 0.5 0.5 0.916827 0.689974 0.858149 0.549834 0.231475 0.310026 0.450166 0.450166 0.990048 0.978119 0.967705 0.993307 0.993307 0.942676 0.952574 0.973403 0.930862 0.768525 0.450166 0.00669285 0.00669285 0.00669285 0.00669285 0.00669285 0.00669285 0.00669285 0.00669285 0.00669285 0.00669285 0.00669285 0.00669285 0.00669285 0.00669285 0.00669285 0.00669285 0.00669285 0.00669285 0.00669285 0.00669285 0.00669285 0.00669285 0.00669285 0.00669285 0.00669285 0.00669285 0.00669285 0.00669285 0.00669285 0.00669285 0.00669285 0.00669285 0.00669285 0.00669285 0.00669285 0.0474259 0.645656 0.00669285 0.00669285 0.00669285 0.00669285 0.00669285 0.00669285 0.00669285 0.00669285 0.00669285 0.00669285 0.00669285 0.00669285 0.00669285 0.00669285 0.00669285 0.00669285 0.00669285 0.00669285 0.00669285 0.00669285 0.00669285 0.00669285 0.00669285 0.00669285 0.00669285 0.00669285 0.00669285 0.00669285 0.00669285 0.00669285 0.00669285 0.00669285 0.00669285 0.768525 0.00669285 0.00669286 0.991837 0.993307 0.993307 0.689974 0.993307 0.993307 0.0573242 0.985226 0.90025 0.5 0.268941 0.197816 0.0691384 0.0179862 0.00669285 0.00669285 0.0121284 0.00669285 0.0218813 0.645656 0.00669285 0.00669285 0.00669285 0.645656 0.0831727 0.645656 0.00669285 0.0218813 0.00816257 0.00669285 0.0218813 0.0831727 0.119203 0.268941 0.141851 0.167982 0.141851 0.119203 0.197816 0.0997505 0.0474259 0.141851 0.00669285 0.00669285 0.119203 0.141851 0.231475 0.197816 0.450166 0.401312 0.310026 0.310026 0.197816 0.119203 0.231475 0.197816 0.167982 0.268941 0.268941 0.310026 0.354344 0.354344 0.354344 0.5 0.5 0.5 0.5 0.5 0.5 0.5 0.5 0.401312 0.354344 0.354344 0.354344 0.354344 0.354344 0.310026 0.354344 0.354344 0.354344 
0.5 0.5 0.5 0.5 0.5 0.5 0.5 0.5 0.5 0.5 0.5 0.5 0.5 0.5 0.5 0.5 0.5 0.5 0.5 0.5 0.5 0.5 0.5 0.5 0.5 0.5 0.5 0.5 0.5 0.5 0.5 0.5 0.5 0.5 0.5 0.5 0.5 0.5 0.5 0.5 0.5 0.5 0.5 0.5 0.5 0.5 0.5 0.5 0.5 0.5 0.5 0.5 0.5 0.5 0.5 0.5 0.5 0.5 0.5 0.5 0.5 0.5 0.5 0.5 0.5 0.5 0.5 0.5 0.5 0.5 0.5 0.5 0.5 0.5 0.5 0.5 0.5 0.5 0.5 0.5 0.5 0.5 0.5 0.5 0.5 0.5 0.5 0.5 0.5 0.5 0.5 0.5 0.5 0.5 0.5 0.5 0.5 0.5 0.5 0.5 0.5 0.5 0.5 0.5 0.5 0.5 0.5 0.5 0.5 0.5 0.5 0.5 0.5 0.5 0.5 0.5 0.5 0.5 0.5 0.5 0.5 0.5 0.5 0.5 0.5 0.5 0.768525 0.450166 0.450166 0.450166 0.450166 0.5 0.689974 0.978119 0.978119 0.993307 0.993307 0.993307 0.930862 0.930862 0.942676 0.90025 0.167982 0.014774 0.141851 0.00669285 0.00669285 0.00669285 0.00669285 0.00669285 0.00669285 0.00669285 0.00669285 0.00669285 0.00669285 0.00669285 0.00669285 0.00669285 0.00669285 0.00669285 0.00669285 0.00669285 0.00669285 0.00669285 0.00669285 0.00669285 0.00669285 0.00669285 0.00669285 0.00669285 0.00669285 0.00669285 0.00669285 0.00669285 0.00669285 0.00669285 0.00669285 0.00669285 0.00669285 0.00669285 0.00669285 0.00669285 0.00669285 0.00669285 0.00669285 0.00669285 0.00669285 0.00669285 0.00669285 0.00669285 0.00669285 0.00669285 0.00669285 0.00669285 0.00669285 0.00669285 0.00669285 0.00669285 0.00669285 0.401312 0.00669285 0.00669285 0.90025 0.993307 0.768525 0.00669285 0.00669285 0.00669285 0.00669285 0.00669285 0.00669285 0.00669285 0.00669285 0.00669285 0.00669285 0.00669285 0.00669285 0.00669285 0.00669285 0.960834 0.993307 0.993307 0.119203 0.026597 0.197816 0.0997504 0.0997504 0.401312 0.5 0.5 0.268941 0.0831727 0.167982 0.00669285 0.00669285 0.00669285 0.00669285 0.0121284 0.00669285 0.0218813 0.880797 0.802184 0.858149 0.731059 0.858149 0.119203 0.0691384 0.0099518 0.00669285 0.00669285 0.00816257 0.026597 0.0391657 0.119203 0.119203 0.268941 0.231475 0.167982 0.231475 0.167982 0.0573242 0.0691384 0.014774 0.00669285 0.0831727 0.0997505 0.231475 0.231475 0.310026 0.354344 0.401312 0.450166 0.450166 0.310026 0.310026 0.310026 0.197816 0.197816 0.167982 0.167982 0.268941 0.268941 0.167982 0.354344 0.354344 0.354344 0.354344 0.5 0.5 0.5 0.5 0.5 0.5 0.5 0.5 0.5 0.401312 0.354344 0.354344 0.354344 
0.5 0.5 0.5 0.5 0.5 0.5 0.5 0.5 0.5 0.5 0.5 0.5 0.5 0.5 0.5 0.5 0.5 0.5 0.5 0.5 0.5 0.5 0.5 0.5 0.5 0.5 0.5 0.5 0.5 0.5 0.5 0.5 0.5 0.5 0.5 0.5 0.5 0.5 0.5 0.5 0.5 0.5 0.5 0.5 0.5 0.5 0.5 0.5 0.5 0.5 0.5 0.5 0.5 0.5 0.5 0.5 0.5 0.5 0.5 0.5 0.5 0.5 0.5 0.5 0.5 0.5 0.5 0.5 0.5 0.5 0.5 0.5 0.5 0.5 0.5 0.5 0.5 0.5 0.5 0.5 0.5 0.5 0.5 0.5 0.5 0.5 0.5 0.5 0.5 0.5 0.5 0.5 0.5 0.5 0.5 0.5 0.5 0.5 0.5 0.5 0.5 0.5 0.5 0.5 0.5 0.5 0.5 0.5 0.5 0.5 0.5 0.5 0.5 0.5 0.5 0.5 0.5 0.5 0.5 0.5 0.5 0.5 0.5 0.5 0.5 0.5 0.5 0.5 0.5 0.973403 0.991837 0.991837 0.993307 0.993307 0.993307 0.982014 0.982014 0.967705 0.982014 0.90025 0.00669285 0.00669285 0.00669285 0.00669285 0.00669285 0.00669285 0.00669285 0.00669285 0.00669285 0.00669285 0.00669285 0.00669285 0.00669285 0.00669285 0.00669285 0.00669285 0.00669285 0.00669285 0.00669285 0.00669285 0.00669285 0.00669285 0.00669285 0.00669285 0.00669285 0.00669285 0.00669285 0.00669285 0.00669285 0.00669285 0.00669285 0.00669285 0.00669285 0.00669285 0.00669285 0.00669285 0.00669285 0.00669285 0.00669285 0.00669285 0.00669285 0.00669285 0.00669285 0.00669285 0.00669285 0.00669285 0.00669285 0.00669285 0.00669285 0.00669285 0.00669285 0.00669285 0.00669285 0.00669285 0.00669285 0.310026 0.00669285 0.00669285 0.00669285 0.00669285 0.993307 0.993307 0.993307 0.993307 0.993307 0.00669285 0.00669285 0.00669285 0.00669285 0.00669285 0.00816258 0.960834 0.731059 0.00995181 0.00669285 0.00669285 0.00669285 0.00669285 0.00669285 0.00669285 0.960834 0.0997505 0.119203 0.0691384 0.0831727 0.167982 0.0322954 0.119203 0.5 0.5 0.310026 0.310026 0.916827 0.0573241 0.0121284 0.0391657 0.354344 0.0179862 0.167982 0.0099518 0.802184 0.880797 0.0179862 0.0322954 0.026597 0.0322954 0.880797 0.0573242 0.0179862 0.0218813 0.00669285 0.014774 0.00816257 0.00816257 0.0322954 0.0573242 0.0691384 0.197816 0.231475 0.197816 0.167982 0.197816 0.0831727 0.197816 0.00669285 0.00669285 0.0691384 0.0691384 0.197816 0.268941 0.310026 0.268941 0.401312 0.354344 0.401312 0.450166 0.450166 0.354344 0.90025 0.731059 0.310026 0.310026 0.310026 0.141851 0.268941 0.268941 0.268941 0.197816 0.231475 0.354344 0.354344 0.5 0.5 0.5 0.5 0.5 0.5 0.5 0.5 0.5 
0.5 0.5 0.5 0.5 0.5 0.5 0.5 0.5 0.5 0.5 0.5 0.5 0.5 0.5 0.5 0.5 0.5 0.5 0.5 0.5 0.5 0.5 0.5 0.5 0.5 0.5 0.5 0.5 0.5 0.5 0.5 0.5 0.5 0.5 0.5 0.5 0.5 0.5 0.5 0.5 0.5 0.5 0.5 0.5 0.5 0.5 0.5 0.5 0.5 0.5 0.5 0.5 0.5 0.5 0.5 0.5 0.5 0.5 0.5 0.5 0.5 0.5 0.5 0.5 0.5 0.5 0.5 0.5 0.5 0.5 0.5 0.5 0.5 0.5 0.5 0.5 0.5 0.5 0.5 0.5 0.5 0.5 0.5 0.5 0.5 0.5 0.5 0.5 0.5 0.5 0.5 0.5 0.5 0.5 0.5 0.5 0.5 0.5 0.5 0.5 0.5 0.5 0.5 0.5 0.5 0.5 0.5 0.5 0.5 0.5 0.5 0.5 0.5 0.5 0.5 0.5 0.5 0.5 0.5 0.5 0.5 0.5 0.5 0.5 0.5 0.5 0.973403 0.991837 0.993307 0.987872 0.993307 0.993307 0.993307 0.982014 0.985226 0.978119 0.880797 0.00669285 0.026597 0.197816 0.00669285 0.00669285 0.00669285 0.00669285 0.00669285 0.00669285 0.00669285 0.00669285 0.00669285 0.00669285 0.00669285 0.00669285 0.00669285 0.00669285 0.00669285 0.00669285 0.00669285 0.00669285 0.00669285 0.00669285 0.00669285 0.00669285 0.00669285 0.00669285 0.00669285 0.00669285 0.00669285 0.00669285 0.00669285 0.00669285 0.00669285 0.00669285 0.00669285 0.00669285 0.00669285 0.00669285 0.00669285 0.00669285 0.00669285 0.00669285 0.00669285 0.00669285 0.00669285 0.00669285 0.00669285 0.00669285 0.00669285 0.00669285 0.00669285 0.00669285 0.00669285 0.00669285 0.00669285 0.00669285 0.00669285 0.401312 0.00669285 0.00669285 0.00669285 0.00669285 0.978119 0.993307 0.993307 0.973403 0.993307 0.00669285 0.00669285 0.00669285 0.00669285 0.00669285 0.916827 0.982014 0.731059 0.00669285 0.00669285 0.00669285 0.00669285 0.00669285 0.00669285 0.00669285 0.00669285 0.00669285 0.00669285 0.00669285 0.0573242 0.197816 0.119203 0.0322954 0.5 0.5 0.5 0.268941 0.167982 0.268941 0.00669285 0.00669285 0.0099518 0.0474259 0.768525 0.231475 0.268941 0.0218813 0.0831727 0.197816 0.119203 0.0691384 0.0831727 0.0391657 0.0997505 0.026597 0.0179862 0.0391657 0.0831727 0.0474259 0.026597 0.0099518 0.0179862 0.0474259 0.026597 0.0997505 0.268941 0.167982 0.119203 0.0691384 0.167982 0.00669285 0.00669285 0.0474259 0.0831727 0.119203 0.0997505 0.197816 0.310026 0.354344 0.310026 0.598688 0.768525 0.450166 0.768525 0.5 0.5 0.5 0.5 0.5 0.310026 0.310026 0.310026 0.268941 0.354344 0.231475 0.268941 0.197816 0.231475 0.952574 0.354344 0.5 0.5 0.5 0.5 0.5 
0.5 0.5 0.5 0.5 0.5 0.5 0.5 0.5 0.5 0.5 0.5 0.5 0.5 0.5 0.5 0.5 0.5 0.5 0.5 0.5 0.5 0.5 0.5 0.5 0.5 0.5 0.5 0.5 0.5 0.5 0.5 0.5 0.5 0.5 0.5 0.5 0.5 0.5 0.5 0.5 0.5 0.5 0.5 0.5 0.5 0.5 0.5 0.5 0.5 0.5 0.5 0.5 0.5 0.5 0.5 0.5 0.5 0.5 0.5 0.5 0.5 0.5 0.5 0.5 0.5 0.5 0.5 0.5 0.5 0.5 0.5 0.5 0.5 0.5 0.5 0.5 0.5 0.5 0.5 0.5 0.5 0.5 0.5 0.5 0.5 0.5 0.5 0.5 0.5 0.5 0.5 0.5 0.5 0.5 0.5 0.5 0.5 0.5 0.5 0.5 0.5 0.5 0.5 0.5 0.5 0.5 0.5 0.5 0.5 0.5 0.5 0.5 0.5 0.5 0.5 0.5 0.5 0.5 0.5 0.5 0.5 0.5 0.5 0.768525 0.991837 0.991837 0.987872 0.993307 0.993307 0.993307 0.985226 0.985226 0.978119 0.978119 0.549834 0.0831727 0.0997505 0.354344 0.00669285 0.00669285 0.00669285 0.00669285 0.00669285 0.00669285 0.00669285 0.00669285 0.00669285 0.00669285 0.00669285 0.00669285 0.00669285 0.00669285 0.00669285 0.00669285 0.00669285 0.00669285 0.00669285 0.00669285 0.00669285 0.00669285 0.00669285 0.00669285 0.00669285 0.00669285 0.00669285 0.00669285 0.00669285 0.00669285 0.00669285 0.00669285 0.00669285 0.00669285 0.00669285 0.00669285 0.00669285 0.00669285 0.00669285 0.00669285 0.00669285 0.00669285 0.00669285 0.00669285 0.00669285 0.00669285 0.00669285 0.00669285 0.00669285 0.00669285 0.00669285 0.00669285 0.00669285 0.00669285 0.00669285 0.00669285 0.00669285 0.268941 0.00669285 0.00669285 0.00669285 0.00669285 0.973403 0.993307 0.973403 0.916827 0.993307 0.993307 0.993307 0.993307 0.00669285 0.00669285 0.00669285 0.5 0.5 0.0121284 0.00669285 0.00669285 0.00669285 0.00669285 0.00669285 0.00669285 0.00669285 0.00669285 0.00669285 0.00669285 0.00669285 0.00669285 0.0391657 0.0831727 0.549834 0.993307 0.5 0.310026 0.450166 0.880797 0.0474259 0.00816257 0.00669285 0.0573242 0.141851 0.167982 0.0997505 0.310026 0.450166 0.5 0.141851 0.645656 0.0322954 0.0691384 0.0691384 0.0322954 0.0474259 0.231475 0.0218813 0.141851 0.0831727 0.0573242 0.0831727 0.0179862 0.0573242 0.0218813 0.026597 0.0573242 0.0474259 0.119203 0.0831727 0.0831727 0.00669285 0.0179862 0.0691384 0.0573242 0.119203 0.197816 0.0997505 0.197816 0.197816 0.310026 0.231475 0.354344 0.354344 0.354344 0.354344 0.5 0.5 0.5 0.5 0.5 0.5 0.5 0.354344 0.354344 0.310026 0.268941 0.354344 0.689974 0.731059 0.354344 0.354344 0.354344 0.354344 0.354344 
0.5 0.5 0.5 0.5 0.5 0.5 0.5 0.5 0.5 0.5 0.5 0.5 0.5 0.5 0.5 0.5 0.5 0.5 0.5 0.5 0.5 0.5 0.5 0.5 0.5 0.5 0.5 0.5 0.5 0.5 0.5 0.5 0.5 0.5 0.5 0.5 0.5 0.5 0.5 0.5 0.5 0.5 0.5 0.5 0.5 0.5 0.5 0.5 0.5 0.5 0.5 0.5 0.5 0.5 0.5 0.5 0.5 0.5 0.5 0.5 0.5 0.5 0.5 0.5 0.5 0.5 0.5 0.5 0.5 0.5 0.5 0.5 0.5 0.5 0.5 0.5 0.5 0.5 0.5 0.5 0.5 0.5 0.5 0.5 0.5 0.5 0.5 0.5 0.5 0.5 0.5 0.5 0.5 0.5 0.5 0.5 0.5 0.5 0.5 0.5 0.5 0.5 0.5 0.5 0.5 0.5 0.5 0.5 0.5 0.5 0.5 0.5 0.5 0.5 0.5 0.5 0.5 0.5 0.5 0.5 0.5 0.916827 0.993307 0.993307 0.991837 0.967705 0.993307 0.993307 0.987872 0.973403 0.985226 0.0573242 0.00669285 0.0573242 0.310026 0.00669285 0.00669285 0.00669285 0.00669285 0.00669285 0.00669285 0.00669285 0.00669285 0.00669285 0.00669285 0.00669285 0.00669285 0.00669285 0.00669285 0.00669285 0.00669285 0.00669285 0.00669285 0.00669285 0.00669285 0.00669285 0.00669285 0.00669285 0.00669285 0.00669285 0.00669285 0.00669285 0.00669285 0.00669285 0.00669285 0.00669285 0.00669285 0.00669285 0.00669285 0.00669285 0.00669285 0.00669285 0.00669285 0.00669285 0.00669285 0.00669285 0.00669285 0.00669285 0.00669285 0.00669285 0.00669285 0.00669285 0.00669285 0.00669285 0.00669285 0.00669285 0.00669285 0.00669285 0.00669285 0.00669285 0.00669285 0.00669285 0.00669285 0.00669285 0.00669285 0.00669285 0.598688 0.014774 0.00669285 0.0121284 0.689975 0.978119 0.5 0.5 0.5 0.993307 0.973403 0.991837 0.00669285 0.00669285 0.00669285 0.00669285 0.00669285 0.00669285 0.00669285 0.00669285 0.00669285 0.00669285 0.00669285 0.00669285 0.00669285 0.00669285 0.00669285 0.00669285 0.00669285 0.00669285 0.00669285 0.00669285 0.0573242 0.354344 0.973403 0.5 0.310026 0.689974 0.354344 0.014774 0.00669285 0.0121284 0.167982 0.0997505 0.167982 0.987872 0.598688 0.167982 0.268941 0.0474259 0.167982 0.119203 0.0691384 0.0691384 0.0322954 0.5 0.942676 0.916827 0.119203 0.141851 0.0691384 0.0573242 0.0691384 0.0997505 0.0573242 0.0391657 0.141851 0.0691384 0.0474259 0.0573242 0.0573242 0.00669285 0.00669285 0.197816 0.167982 0.141851 0.141851 0.0691384 0.354344 0.231475 0.942676 0.598688 0.310026 0.354344 0.354344 0.354344 0.354344 0.354344 0.354344 0.5 0.5 0.5 0.5 0.5 0.5 0.5 0.354344 0.354344 0.973403 0.450166 0.450166 0.450166 0.450166 0.450166 
0.5 0.5 0.5 0.5 0.5 0.5 0.5 0.5 0.5 0.5 0.5 0.5 0.5 0.5 0.5 0.5 0.5 0.5 0.5 0.5 0.5 0.5 0.5 0.5 0.5 0.5 0.5 0.5 0.5 0.5 0.5 0.5 0.5 0.5 0.5 0.5 0.5 0.5 0.5 0.5 0.5 0.5 0.5 0.5 0.5 0.5 0.5 0.5 0.5 0.5 0.5 0.5 0.5 0.5 0.5 0.5 0.5 0.5 0.5 0.5 0.5 0.5 0.5 0.5 0.5 0.5 0.5 0.5 0.5 0.5 0.5 0.5 0.5 0.5 0.5 0.5 0.5 0.5 0.5 0.5 0.5 0.5 0.5 0.5 0.5 0.5 0.5 0.5 0.5 0.5 0.5 0.5 0.5 0.5 0.5 0.5 0.5 0.5 0.5 0.5 0.5 0.5 0.5 0.5 0.5 0.5 0.5 0.5 0.5 0.5 0.5 0.5 0.5 0.5 0.5 0.5 0.5 0.5 0.973403 0.991837 0.991837 0.991837 0.990048 0.993307 0.993307 0.993307 0.987872 0.993307 0.90025 0.00669286 0.0179862 0.167982 0.00669285 0.00669285 0.00669285 0.00669285 0.00669285 0.00669285 0.00669285 0.00669285 0.00669285 0.00669285 0.00669285 0.00669285 0.00669285 0.00669285 0.00669285 0.00669285 0.00669285 0.00669285 0.00669285 0.00669285 0.00669285 0.00669285 0.00669285 0.00669285 0.00669285 0.00669285 0.00669285 0.00669285 0.00669285 0.00669285 0.00669285 0.00669285 0.00669285 0.00669285 0.00669285 0.00669285 0.00669285 0.00669285 0.00669285 0.00669285 0.00669285 0.00669285 0.00669285 0.00669285 0.00669285 0.00669285 0.00669285 0.00669285 0.00669285 0.00669285 0.00669285 0.00669285 0.00669285 0.00669285 0.00669285 0.00669285 0.00669285 0.00669285 0.00669285 0.00669285 0.00669285 0.00669285 0.00669285 0.00669285 0.00669285 0.689975 0.960834 0.993307 0.0831727 0.993307 0.5 0.5 0.5 0.993307 0.993307 0.967705 0.00669285 0.00669285 0.00669285 0.00669285 0.00669285 0.00669285 0.00669285 0.00669285 0.00669285 0.00669285 0.00669285 0.00669285 0.00669285 0.00669285 0.00669285 0.00669285 0.00669285 0.00669285 0.00669285 0.014774 0.0179862 0.993307 0.993307 0.5 0.450166 0.310026 0.119203 0.0997505 0.00669285 0.00669285 0.0831727 0.141851 0.354344 0.167982 0.5 0.310026 0.231475 0.197816 0.0831727 0.0997505 0.0997505 0.0997505 0.0691384 0.354344 0.689974 0.0997505 0.141851 0.141851 0.141851 0.197816 0.0997505 0.0474259 0.0691384 0.167982 0.0474259 0.0691384 0.0691384 0.0997505 0.0831727 0.0997505 0.167982 0.00669285 0.00669285 0.0474259 0.0997505 0.268941 0.0691384 0.982014 0.401312 0.310026 0.310026 0.310026 0.354344 0.310026 0.310026 0.310026 0.310026 0.354344 0.354344 0.354344 0.354344 0.354344 0.5 0.5 0.5 0.5 0.5 0.5 0.5 0.5 0.5 0.5 
0.5 0.5 0.5 0.5 0.5 0.5 0.5 0.5 0.5 0.5 0.5 0.5 0.5 0.5 0.5 0.5 0.5 0.5 0.5 0.5 0.5 0.5 0.5 0.5 0.5 0.5 0.5 0.5 0.5 0.5 0.5 0.5 0.5 0.5 0.5 0.5 0.5 0.5 0.5 0.5 0.5 0.5 0.5 0.5 0.5 0.5 0.5 0.5 0.5 0.5 0.5 0.5 0.5 0.5 0.5 0.5 0.5 0.5 0.5 0.5 0.5 0.5 0.5 0.5 0.5 0.5 0.5 0.5 0.5 0.5 0.5 0.5 0.5 0.5 0.5 0.5 0.5 0.5 0.5 0.5 0.5 0.5 0.5 0.5 0.5 0.5 0.5 0.5 0.5 0.5 0.5 0.5 0.5 0.5 0.5 0.5 0.5 0.5 0.5 0.5 0.5 0.5 0.5 0.5 0.5 0.5 0.5 0.5 0.5 0.5 0.5 0.5 0.768525 0.973403 0.991837 0.768525 0.991837 0.991837 0.991837 0.987872 0.993307 0.993307 0.993307 0.952574 0.987872 0.973403 0.0691384 0.00669285 0.0218813 0.0691384 0.0474259 0.00669285 0.00669285 0.00669285 0.00669285 0.00669285 0.00669285 0.00669285 0.00669285 0.00669285 0.00669285 0.00669285 0.00669285 0.00669285 0.00669285 0.00816258 0.00669285 0.00669285 0.00669285 0.00669285 0.00669285 0.00669285 0.00669285 0.00669285 0.00669285 0.00669285 0.00669285 0.00669285 0.00669285 0.00669285 0.00669285 0.00669285 0.00669285 0.00669285 0.00669285 0.00669285 0.00669285 0.00669285 0.00669285 0.00669285 0.00669285 0.00669285 0.00669285 0.00669285 0.00669285 0.00669285 0.00669285 0.00669285 0.00669285 0.00669285 0.00669285 0.00669285 0.00669285 0.00669285 0.00669285 0.00669285 0.00669285 0.00669285 0.00669285 0.00669285 0.00669285 0.00669285 0.00669285 0.00669285 0.00669285 0.00669285 0.00669285 0.0179862 0.978119 0.967705 0.5 0.991837 0.5 0.5 0.5 0.5 0.5 0.5 0.00669285 0.00669285 0.00669285 0.00669285 0.00669285 0.00669285 0.00669285 0.00669285 0.00669285 0.00669285 0.00669285 0.00669285 0.00669285 0.00669285 0.00669285 0.00669285 0.00669285 0.00669285 0.00669285 0.00669285 0.960834 0.993307 0.268941 0.310026 0.5 0.310026 0.231475 0.141851 0.0691384 0.00669285 0.0322954 0.0831727 0.197816 0.401312 0.167982 0.5 0.354344 0.354344 0.310026 0.197816 0.231475 0.167982 0.141851 0.0831727 0.119203 0.0831727 0.0322954 0.119203 0.268941 0.167982 0.119203 0.167982 0.141851 0.0391657 0.0831727 0.119203 0.167982 0.0573242 0.0691384 0.0474259 0.197816 0.119203 0.00669285 0.00669285 0.0573242 0.5 0.916827 0.5 0.268941 0.354344 0.354344 0.310026 0.310026 0.310026 0.310026 0.310026 0.310026 0.268941 0.310026 0.310026 0.310026 0.310026 0.310026 0.354344 0.354344 0.354344 0.5 0.5 0.5 0.5 0.5 0.5 
0.5 0.5 0.5 0.5 0.5 0.5 0.5 0.5 0.5 0.5 0.5 0.5 0.5 0.5 0.5 0.5 0.5 0.5 0.5 0.5 0.5 0.5 0.5 0.5 0.5 0.5 0.5 0.5 0.5 0.5 0.5 0.5 0.5 0.5 0.5 0.5 0.5 0.5 0.5 0.5 0.5 0.5 0.5 0.5 0.5 0.5 0.5 0.5 0.5 0.5 0.5 0.5 0.5 0.5 0.5 0.5 0.5 0.5 0.5 0.5 0.5 0.5 0.5 0.5 0.5 0.5 0.5 0.5 0.5 0.5 0.5 0.5 0.5 0.5 0.5 0.5 0.5 0.5 0.5 0.5 0.5 0.5 0.5 0.5 0.5 0.5 0.5 0.5 0.5 0.5 0.5 0.5 0.5 0.5 0.5 0.5 0.5 0.5 0.5 0.5 0.5 0.5 0.5 0.5 0.5 0.5 0.5 0.5 0.5 0.5 0.916827 0.991837 0.993307 0.645656 0.354344 0.942676 0.993307 0.993307 0.993307 0.993307 0.990048 0.987872 0.952574 0.982014 0.014774 0.00669285 0.0218813 0.00669285 0.00816258 0.00669285 0.00669285 0.00669285 0.00669285 0.00669285 0.00669285 0.00669285 0.00669285 0.00669285 0.00669285 0.00669285 0.00669285 0.00669285 0.00669285 0.00669285 0.00669285 0.978119 0.00669285 0.00669285 0.00669285 0.00669285 0.00669285 0.00669285 0.00669285 0.00669285 0.00669285 0.00669285 0.00669285 0.00669285 0.00669285 0.00669285 0.00669285 0.00669285 0.00669285 0.00669285 0.00669285 0.00669285 0.00669285 0.00669285 0.00669285 0.00669285 0.00669285 0.00669285 0.00669285 0.00669285 0.00669285 0.00669285 0.00669285 0.00669285 0.00669285 0.00669285 0.00669285 0.00669285 0.00669285 0.00669285 0.00669285 0.00669285 0.00669285 0.00669285 0.00669285 0.00669285 0.00669285 0.00669285 0.00669285 0.00669285 0.00669285 0.00669285 0.00669285 0.00669285 0.987872 0.0474259 0.5 0.990048 0.5 0.5 0.5 0.5 0.5 0.5 0.0474259 0.00669285 0.00669285 0.00669285 0.00669285 0.00669285 0.00669285 0.00669285 0.00669285 0.00669285 0.00669285 0.00669285 0.00669285 0.00669285 0.00669285 0.00669285 0.00669285 0.00669285 0.00669285 0.00669285 0.978119 0.268941 0.987872 0.731059 0.310026 0.268941 0.141851 0.167982 0.167982 0.0179862 0.00669285 0.0997505 0.0831727 0.310026 0.880797 0.231475 0.354344 0.973403 0.689974 0.268941 0.197816 0.141851 0.231475 0.167982 0.0997505 0.0997505 0.268941 0.0691384 0.0322954 0.0997505 0.197816 0.268941 0.167982 0.141851 0.141851 0.0573242 0.0391657 0.119203 0.167982 0.119203 0.268941 0.167982 0.197816 0.00669285 0.0099518 0.310026 0.310026 0.167982 0.802184 0.310026 0.401312 0.5 0.450166 0.354344 0.354344 0.354344 0.354344 0.268941 0.310026 0.310026 0.310026 0.401312 0.310026 0.310026 0.310026 0.310026 0.310026 0.310026 0.310026 0.354344 0.354344 0.5 
0.5 0.5 0.5 0.5 0.5 0.5 0.5 0.5 0.5 0.5 0.5 0.5 0.5 0.5 0.5 0.5 0.5 0.5 0.5 0.5 0.5 0.5 0.5 0.5 0.5 0.5 0.5 0.5 0.5 0.5 0.5 0.5 0.5 0.5 0.5 0.5 0.5 0.5 0.5 0.5 0.5 0.5 0.5 0.5 0.5 0.5 0.5 0.5 0.5 0.5 0.5 0.5 0.5 0.5 0.5 0.5 0.5 0.5 0.5 0.5 0.5 0.5 0.5 0.5 0.5 0.5 0.5 0.5 0.5 0.5 0.5 0.5 0.5 0.5 0.5 0.5 0.5 0.5 0.5 0.5 0.5 0.5 0.5 0.5 0.5 0.5 0.5 0.5 0.5 0.5 0.5 0.5 0.5 0.5 0.5 0.5 0.5 0.5 0.5 0.5 0.5 0.5 0.5 0.5 0.5 0.5 0.5 0.5 0.5 0.993307 0.987872 0.982014 0.768525 0.985226 0.987872 0.991837 0.993307 0.993307 0.985226 0.990048 0.978119 0.00669285 0.00669285 0.0218813 0.0691384 0.0391657 0.00669285 0.00669285 0.00669285 0.00669285 0.00669285 0.00669285 0.00669285 0.00669285 0.00669285 0.00669285 0.00669285 0.00669285 0.00669285 0.00669285 0.00669285 0.00669285 0.00669285 0.00669285 0.026597 0.00816257 0.00669285 0.00669285 0.00669285 0.00669285 0.00669285 0.00669285 0.00669285 0.00669285 0.00669285 0.00669285 0.00669285 0.00669285 0.00669285 0.00669285 0.00669285 0.00669285 0.00669285 0.00669285 0.00669285 0.00669285 0.00669285 0.00669285 0.00669285 0.00669285 0.00669285 0.00669285 0.00669285 0.00669285 0.00669285 0.00669285 0.00669285 0.00669285 0.00669285 0.00669285 0.00669285 0.00669285 0.00669285 0.00669285 0.00669285 0.00669285 0.00669285 0.00669285 0.00669285 0.00669285 0.00669285 0.00669285 0.00669285 0.00669285 0.00669285 0.00669285 0.00669285 0.0218813 0.832018 0.993307 0.982014 0.0831727 0.5 0.5 0.5 0.5 0.5 0.5 0.401312 0.00669285 0.00669285 0.00669285 0.00669285 0.00669285 0.00669285 0.00669285 0.00669285 0.0391657 0.00669285 0.00669285 0.00669285 0.00669285 0.00669285 0.00669285 0.00669285 0.00669285 0.00669285 0.401312 0.00669285 0.0179862 0.967705 0.268941 0.268941 0.401312 0.0831727 0.119203 0.119203 0.026597 0.00669285 0.0691384 0.0997505 0.354344 0.973403 0.401312 0.354344 0.354344 0.5 0.5 0.268941 0.450166 0.167982 0.231475 0.310026 0.231475 0.0831727 0.167982 0.0997505 0.0691384 0.0997505 0.0997505 0.141851 0.401312 0.231475 0.141851 0.231475 0.0831727 0.0391657 0.0573242 0.0997505 0.0573242 0.0573242 0.167982 0.00816257 0.0322955 0.689974 0.119203 0.5 0.858149 0.880797 0.401312 0.5 0.5 0.5 0.5 0.5 0.450166 0.354344 0.354344 0.354344 0.268941 0.268941 0.310026 0.310026 0.401312 0.268941 0.268941 0.310026 0.310026 0.450166 0.310026 
0.5 0.5 0.5 0.5 0.5 0.5 0.5 0.5 0.5 0.5 0.5 0.5 0.5 0.5 0.5 0.5 0.5 0.5 0.5 0.5 0.5 0.5 0.5 0.5 0.5 0.5 0.5 0.5 0.5 0.5 0.5 0.5 0.5 0.5 0.5 0.5 0.5 0.5 0.5 0.5 0.5 0.5 0.5 0.5 0.5 0.5 0.5 0.5 0.5 0.5 0.5 0.5 0.5 0.5 0.5 0.5 0.5 0.5 0.5 0.5 0.5 0.5 0.5 0.5 0.5 0.5 0.5 0.5 0.5 0.5 0.5 0.5 0.5 0.5 0.5 0.5 0.5 0.5 0.5 0.5 0.5 0.5 0.5 0.5 0.5 0.5 0.5 0.5 0.5 0.5 0.5 0.5 0.5 0.5 0.5 0.5 0.5 0.5 0.5 0.5 0.5 0.5 0.5 0.5 0.5 0.5 0.916827 0.993307 0.993307 0.993307 0.993307 0.993307 0.978119 0.549834 0.978119 0.993307 0.990048 0.985226 0.832018 0.00669285 0.00669285 0.026597 0.0391657 0.0322955 0.00669285 0.00669285 0.00669285 0.00669285 0.00669285 0.00669285 0.00669285 0.00669285 0.00669285 0.00669285 0.00669285 0.00669285 0.00669285 0.00669285 0.00669285 0.00669285 0.00669285 0.00669285 0.00669285 0.00669285 0.00669285 0.00669285 0.00669285 0.00669285 0.00669285 0.00669285 0.00669285 0.00669285 0.00669285 0.00669285 0.00669285 0.00669285 0.00669285 0.00669285 0.00669285 0.00669285 0.00669285 0.00669285 0.00669285 0.00669285 0.00669285 0.00669285 0.00669285 0.00669285 0.00669285 0.00669285 0.00669285 0.00669285 0.00669285 0.00669285 0.00669285 0.00669285 0.00669285 0.00669285 0.00669285 0.00669285 0.00669285 0.00669285 0.00669285 0.00669285 0.00669285 0.00669285 0.00669285 0.00669285 0.00669285 0.00669285 0.00669285 0.00669285 0.00669285 0.00669285 0.00669285 0.00669285 0.00669285 0.985226 0.993307 0.90025 0.916827 0.0391657 0.450166 0.5 0.5 0.5 0.5 0.5 0.450166 0.00669285 0.00669285 0.00669285 0.00669285 0.00669285 0.00669285 0.00816258 0.689974 0.952574 0.0218813 0.00669285 0.00669285 0.00669285 0.645656 0.00669285 0.00669285 0.00669285 0.00669285 0.00669285 0.00669285 0.0322955 0.0831727 0.401312 0.0997505 0.119203 0.167982 0.0573242 0.231475 0.00816257 0.00669285 0.0573242 0.0691384 0.0573242 0.401312 0.401312 0.5 0.354344 0.268941 0.5 0.5 0.268941 0.310026 0.231475 0.141851 0.231475 0.354344 0.167982 0.141851 0.231475 0.0691384 0.141851 0.0831727 0.0831727 0.167982 0.231475 0.268941 0.141851 0.167982 0.0997505 0.0573242 0.0691384 0.0997505 0.0691384 0.119203 0.00669285 0.00669285 0.014774 0.310026 0.900249 0.354344 0.354344 0.401312 0.5 0.5 0.5 0.5 0.5 0.5 0.5 0.5 0.5 0.450166 0.354344 0.354344 0.268941 0.268941 0.268941 0.268941 0.401312 0.268941 0.268941 
0.5 0.5 0.5 0.5 0.5 0.5 0.5 0.5 0.5 0.5 0.5 0.5 0.5 0.5 0.5 0.5 0.5 0.5 0.5 0.5 0.5 0.5 0.5 0.5 0.5 0.5 0.5 0.5 0.5 0.5 0.5 0.5 0.5 0.5 0.5 0.5 0.5 0.5 0.5 0.5 0.5 0.5 0.5 0.5 0.5 0.5 0.5 0.5 0.5 0.5 0.5 0.5 0.5 0.5 0.5 0.5 0.5 0.5 0.5 0.5 0.5 0.5 0.5 0.5 0.5 0.5 0.5 0.5 0.5 0.5 0.5 0.5 0.5 0.5 0.5 0.5 0.5 0.5 0.5 0.5 0.5 0.5 0.5 0.5 0.5 0.5 0.5 0.5 0.5 0.5 0.5 0.5 0.5 0.5 0.5 0.5 0.5 0.5 0.5 0.5 0.5 0.5 0.5 0.5 0.5 0.993307 0.993307 0.993307 0.990048 0.993307 0.985226 0.990048 0.967705 0.973403 0.990048 0.768525 0.0997505 0.00669285 0.00669285 0.119203 0.0474259 0.00816258 0.00669285 0.00669285 0.00669285 0.00669285 0.00669285 0.00669285 0.00669285 0.00669285 0.00669285 0.00669285 0.00669285 0.00669285 0.00669285 0.00669285 0.00669285 0.00669285 0.00669285 0.00669285 0.00669285 0.00669285 0.00669285 0.00669285 0.00669285 0.00669285 0.00669285 0.00669285 0.00669285 0.00669285 0.00669285 0.00669285 0.00669285 0.00669285 0.00669285 0.00669285 0.00669285 0.00669285 0.00669285 0.00669285 0.00669285 0.00669285 0.00669285 0.00669285 0.00669285 0.00669285 0.00669285 0.00669285 0.00669285 0.00669285 0.00669285 0.00669285 0.00669285 0.00669285 0.00669285 0.00669285 0.00669285 0.00669285 0.00669285 0.00669285 0.00669285 0.00669285 0.00669285 0.00669285 0.00669285 0.00669285 0.00669285 0.00669285 0.00669285 0.00669285 0.00669285 0.00669285 0.00669285 0.00669285 0.00669285 0.00669285 0.00669285 0.0121284 0.993307 0.993307 0.993307 0.014774 0.450166 0.5 0.5 0.5 0.5 0.450166 0.354344 0.0121284 0.00669285 0.00669285 0.00669285 0.00669285 0.00669285 0.401313 0.991837 0.014774 0.0474259 0.0691384 0.598688 0.960834 0.0474258 0.00669285 0.00669285 0.00669285 0.00669285 0.00669285 0.00669285 0.0179862 0.0474259 0.00816257 0.0179862 0.197816 0.0691384 0.026597 0.167982 0.0831727 0.00816257 0.00669285 0.0573242 0.0997505 0.0831727 0.450166 0.401312 0.5 0.450166 0.268941 0.354344 0.5 0.401312 0.310026 0.310026 0.167982 0.231475 0.268941 0.354344 0.141851 0.268941 0.119203 0.141851 0.141851 0.0691384 0.167982 0.197816 0.231475 0.354344 0.231475 0.167982 0.0691384 0.0474259 0.0997505 0.0474259 0.0997505 0.119203 0.310025 0.0997505 0.858149 0.858149 0.401312 0.354344 0.310026 0.401312 0.5 0.5 0.5 0.5 0.5 0.5 0.5 0.5 0.5 0.5 0.5 0.5 0.5 0.450166 0.268941 0.268941 0.268941 
0.5 0.5 0.5 0.5 0.5 0.5 0.5 0.5 0.5 0.5 0.5 0.5 0.5 0.5 0.5 0.5 0.5 0.5 0.5 0.5 0.5 0.5 0.5 0.5 0.5 0.5 0.5 0.5 0.5 0.5 0.5 0.5 0.5 0.5 0.5 0.5 0.5 0.5 0.5 0.5 0.5 0.5 0.5 0.5 0.5 0.5 0.5 0.5 0.5 0.5 0.5 0.5 0.5 0.5 0.5 0.5 0.5 0.5 0.5 0.5 0.5 0.5 0.5 0.5 0.5 0.5 0.5 0.5 0.5 0.5 0.5 0.5 0.5 0.5 0.5 0.5 0.5 0.5 0.5 0.5 0.5 0.5 0.5 0.5 0.5 0.5 0.5 0.5 0.5 0.5 0.5 0.5 0.5 0.5 0.5 0.5 0.5 0.5 0.5 0.5 0.5 0.5 0.5 0.768525 0.993307 0.993307 0.993307 0.978119 0.987872 0.5 0.985226 0.960834 0.0997505 0.026597 0.167982 0.00669285 0.00669285 0.0121284 0.0691384 0.00669285 0.00669285 0.00669285 0.00669285 0.00669285 0.00669285 0.00669285 0.00669285 0.00669285 0.00669285 0.00669285 0.00669285 0.00669285 0.00669285 0.00669285 0.00669285 0.00669285 0.00669285 0.00669285 0.00669285 0.00669285 0.00669285 0.00669285 0.00669285 0.00669285 0.00669285 0.00669285 0.00669285 0.00669285 0.00669285 0.00669285 0.00669285 0.00669285 0.00669285 0.00669285 0.00669285 0.00669285 0.00669285 0.00669285 0.00669285 0.00669285 0.00669285 0.00669285 0.00669285 0.00669285 0.00669285 0.00669285 0.00669285 0.00669285 0.00669285 0.00669285 0.00669285 0.00669285 0.00669285 0.00669285 0.00669285 0.00669285 0.00669285 0.00669285 0.00669285 0.00669285 0.00669285 0.00669285 0.00669285 0.00669285 0.00669285 0.00669285 0.00669285 0.00669285 0.00669285 0.00669285 0.00669285 0.00669285 0.00669285 0.00669285 0.00669285 0.00669285 0.00669285 0.014774 0.978119 0.832018 0.967705 0.0573241 0.231475 0.5 0.5 0.5 0.5 0.450166 0.310026 0.014774 0.00669285 0.00669285 0.00669285 0.00669285 0.0474259 0.00669285 0.00669285 0.0179862 0.197816 0.0831727 0.0997505 0.00669285 0.00816257 0.00669285 0.00669285 0.00669285 0.00669285 0.00669285 0.00669285 0.00669285 0.00669285 0.00669285 0.026597 0.00816257 0.141851 0.167982 0.0573242 0.268941 0.00669285 0.00669285 0.014774 0.0391657 0.141851 0.141851 0.354344 0.5 0.5 0.450166 0.401312 0.354344 0.5 0.401312 0.268941 0.450166 0.167982 0.167982 0.354344 0.354344 0.268941 0.141851 0.167982 0.0691384 0.141851 0.197816 0.0573242 0.167982 0.354344 0.310026 0.197816 0.645656 0.268941 0.197816 0.0573242 0.0831727 0.310026 0.993307 0.993307 0.993307 0.973403 0.354344 0.401312 0.450166 0.401312 0.401312 0.5 0.5 0.5 0.5 0.5 0.5 0.5 0.5 0.5 0.5 0.5 0.5 0.5 0.5 0.5 0.5 
0.5 0.5 0.5 0.5 0.5 0.5 0.5 0.5 0.5 0.5 0.5 0.5 0.5 0.5 0.5 0.5 0.5 0.5 0.5 0.5 0.5 0.5 0.5 0.5 0.5 0.5 0.5 0.5 0.5 0.5 0.5 0.5 0.5 0.5 0.5 0.5 0.5 0.5 0.5 0.5 0.5 0.5 0.5 0.5 0.5 0.5 0.5 0.5 0.5 0.5 0.5 0.5 0.5 0.5 0.5 0.5 0.5 0.5 0.5 0.5 0.5 0.5 0.5 0.5 0.5 0.5 0.5 0.5 0.5 0.5 0.5 0.5 0.5 0.5 0.5 0.5 0.5 0.5 0.5 0.5 0.5 0.5 0.5 0.5 0.5 0.5 0.5 0.5 0.5 0.5 0.5 0.5 0.5 0.5 0.5 0.5 0.5 0.5 0.5 0.5 0.5 0.991837 0.916827 0.987872 0.993307 0.993307 0.993307 0.549834 0.141851 0.0573242 0.00669285 0.0322955 0.00669285 0.00669285 0.00669285 0.00669285 0.014774 0.00669285 0.00669285 0.00669285 0.00669285 0.00669285 0.00669285 0.00669285 0.00669285 0.00669285 0.00669285 0.00669285 0.00669285 0.00669285 0.00669285 0.00669285 0.00669285 0.00669285 0.00669285 0.00669285 0.00669285 0.00669285 0.00669285 0.00669285 0.00669285 0.00669285 0.00669285 0.00669285 0.00669285 0.00669285 0.00669285 0.00669285 0.00669285 0.00669285 0.00669285 0.00669285 0.00669285 0.00669285 0.00669285 0.00669285 0.00669285 0.00669285 0.00669285 0.00669285 0.00669285 0.00669285 0.00669285 0.00669285 0.00669285 0.00669285 0.00669285 0.00669285 0.00669285 0.00669285 0.00669285 0.00669285 0.00669285 0.00669285 0.00669285 0.00669285 0.00669285 0.00669285 0.00669285 0.00669285 0.00669285 0.00669285 0.00669285 0.00669285 0.00669285 0.00669285 0.00669285 0.00669285 0.00669285 0.00669285 0.00669285 0.00669285 0.00669285 0.00669285 0.00669285 0.00669285 0.00669285 0.00669285 0.993307 0.942676 0.942676 0.802184 0.026597 0.450166 0.5 0.5 0.450166 0.354344 0.268941 0.0831727 0.00669285 0.00669285 0.00669285 0.00669285 0.00669285 0.00669285 0.00669285 0.167982 0.0099518 0.197816 0.167982 0.0474259 0.00669285 0.00816257 0.00669285 0.00669285 0.00669285 0.00669285 0.00669285 0.0322955 0.00669285 0.00669285 0.0179862 0.0691384 0.00669285 0.00669285 0.0474259 0.167982 0.00669285 0.00669285 0.0391657 0.0474259 0.026597 0.0322954 0.231475 0.354344 0.5 0.5 0.450166 0.401312 0.973403 0.5 0.5 0.268941 0.310026 0.354344 0.167982 0.231475 0.268941 0.354344 0.310026 0.401312 0.231475 0.0573242 0.231475 0.119203 0.450166 0.141851 0.310026 0.310026 0.197816 0.354344 0.268941 0.549834 0.993307 0.993307 0.880797 0.916827 0.5 0.5 0.354344 0.268941 0.354344 0.354344 0.310026 0.401312 0.5 0.5 0.5 0.5 0.5 0.5 0.5 0.5 0.5 0.5 0.5 0.5 0.5 0.5 
0.5 0.5 0.5 0.5 0.5 0.5 0.5 0.5 0.5 0.5 0.5 0.5 0.5 0.5 0.5 0.5 0.5 0.5 0.5 0.5 0.5 0.5 0.5 0.5 0.5 0.5 0.5 0.5 0.5 0.5 0.5 0.5 0.5 0.5 0.5 0.5 0.5 0.5 0.5 0.5 0.5 0.5 0.5 0.5 0.5 0.5 0.5 0.5 0.5 0.5 0.5 0.5 0.5 0.5 0.5 0.5 0.5 0.5 0.5 0.5 0.5 0.5 0.5 0.5 0.5 0.5 0.5 0.5 0.5 0.5 0.5 0.5 0.5 0.5 0.5 0.5 0.5 0.5 0.5 0.5 0.5 0.5 0.5 0.5 0.5 0.5 0.5 0.5 0.5 0.5 0.5 0.5 0.5 0.5 0.5 0.5 0.5 0.916827 0.991837 0.993307 0.985226 0.985226 0.993307 0.993307 0.960834 0.973403 0.0179862 0.119203 0.00669285 0.119203 0.0831727 0.00669285 0.00669285 0.00669285 0.00669285 0.00669285 0.00669285 0.00669285 0.00669285 0.00669285 0.00669285 0.00669285 0.00669285 0.00669285 0.00669285 0.00669285 0.00669285 0.00669285 0.00669285 0.00669285 0.00669285 0.00669285 0.00669285 0.00669285 0.00669285 0.00669285 0.00669285 0.00669285 0.00669285 0.00669285 0.00669285 0.00669285 0.00669285 0.00669285 0.00669285 0.00669285 0.00669285 0.00669285 0.00669285 0.00669285 0.00669285 0.00669285 0.00669285 0.00669285 0.00669285 0.00669285 0.00669285 0.00669285 0.00669285 0.00669285 0.00669285 0.00669285 0.00669285 0.00669285 0.00669285 0.00669285 0.00669285 0.00669285 0.00669285 0.00669285 0.00669285 0.00669285 0.00669285 0.00669285 0.00669285 0.00669285 0.00669285 0.00669285 0.00669285 0.00669285 0.00669285 0.00669285 0.00669285 0.00669285 0.00669285 0.00669285 0.00669285 0.00669285 0.00669285 0.00669285 0.00669285 0.00669285 0.00669285 0.00669285 0.00669285 0.00669285 0.00669285 0.00669285 0.141851 0.990048 0.858149 0.832018 0.0391657 0.731059 0.5 0.5 0.450166 0.310026 0.197816 0.0121284 0.00669285 0.00669285 0.00669285 0.00669285 0.00669285 0.00669285 0.00669285 0.0099518 0.00669285 0.5 0.141851 0.450166 0.0218813 0.00669285 0.00816257 0.0099518 0.0099518 0.00669285 0.00669285 0.00669285 0.00669285 0.00669285 0.00669285 0.00669285 0.0218813 0.0099518 0.00669285 0.0573242 0.0322954 0.00669285 0.0218813 0.0997505 0.0573242 0.0391657 0.119203 0.0691384 0.310026 0.5 0.5 0.450166 0.401312 0.5 0.5 0.5 0.401312 0.310026 0.310026 0.167982 0.231475 0.354344 0.354344 0.310026 0.231475 0.354344 0.141851 0.0997505 0.141851 0.141851 0.167982 0.167982 0.310026 0.310026 0.985226 0.991837 0.973403 0.973403 0.5 0.5 0.5 0.5 0.5 0.5 0.354344 0.401312 0.450166 0.401312 0.401312 0.5 0.5 0.5 0.5 0.5 0.5 0.5 0.5 0.5 0.5 0.5 0.5 0.5 
0.5 0.5 0.5 0.5 0.5 0.5 0.5 0.5 0.5 0.5 0.5 0.5 0.5 0.5 0.5 0.5 0.5 0.5 0.5 0.5 0.5 0.5 0.5 0.5 0.5 0.5 0.5 0.5 0.5 0.5 0.5 0.5 0.5 0.5 0.5 0.5 0.5 0.5 0.5 0.5 0.5 0.5 0.5 0.5 0.5 0.5 0.5 0.5 0.5 0.5 0.5 0.5 0.5 0.5 0.5 0.5 0.5 0.5 0.5 0.5 0.5 0.5 0.5 0.5 0.5 0.5 0.5 0.5 0.5 0.5 0.5 0.5 0.5 0.5 0.5 0.5 0.5 0.5 0.5 0.5 0.5 0.5 0.5 0.5 0.5 0.5 0.5 0.5 0.5 0.5 0.5 0.5 0.5 0.5 0.768525 0.990048 0.960834 0.993307 0.993307 0.993307 0.993307 0.993307 0.982014 0.598688 0.354344 0.167982 0.00669285 0.167982 0.00669285 0.00669285 0.00669285 0.00669285 0.00669285 0.00669285 0.00669285 0.00669285 0.00669285 0.00669285 0.00669285 0.00669285 0.00669285 0.00669285 0.00669285 0.00669285 0.00669285 0.00669285 0.00669285 0.00669285 0.00669285 0.00669285 0.00669285 0.00669285 0.00669285 0.00669285 0.00669285 0.00669285 0.00669285 0.00669285 0.00669285 0.00669285 0.00669285 0.00669285 0.00669285 0.00669285 0.00669285 0.00669285 0.00669285 0.00669285 0.00669285 0.00669285 0.00669285 0.00669285 0.00669285 0.00669285 0.00669285 0.00669285 0.00669285 0.00669285 0.00669285 0.00669285 0.00669285 0.00669285 0.00669285 0.00669285 0.00669285 0.00669285 0.00669285 0.00669285 0.00669285 0.00669285 0.00669285 0.00669285 0.00669285 0.00669285 0.00669285 0.00669285 0.00669285 0.00669285 0.00669285 0.00669285 0.00669285 0.00669285 0.00669285 0.00669285 0.00669285 0.00669285 0.00669285 0.00669285 0.00669285 0.00669285 0.00669285 0.00669285 0.00669285 0.00669285 0.00669285 0.00669285 0.00669285 0.00669285 0.00669285 0.987872 0.942676 0.916827 0.0831727 0.197816 0.5 0.450166 0.354344 0.268941 0.167982 0.00816257 0.00669285 0.00669285 0.00669285 0.880797 0.014774 0.0691384 0.00669285 0.00669285 0.00669285 0.0997505 0.268941 0.167982 0.310026 0.0322954 0.00669285 0.00669285 0.00669285 0.00669285 0.268941 0.00669285 0.00669285 0.00669285 0.00669285 0.00669285 0.00669285 0.00669285 0.0099518 0.00669285 0.014774 0.0121284 0.00669285 0.0322954 0.026597 0.0573242 0.354344 0.197816 0.960834 0.310026 0.354344 0.401312 0.450166 0.401312 0.5 0.5 0.5 0.401312 0.354344 0.450166 0.268941 0.167982 0.141851 0.310026 0.354344 0.310026 0.401312 0.450166 0.167982 0.167982 0.197816 0.900249 0.858149 0.231475 0.967705 0.5 0.5 0.5 0.5 0.5 0.5 0.5 0.5 0.5 0.5 0.354344 0.401312 0.450166 0.401312 0.401312 0.5 0.5 0.5 0.5 0.5 0.5 0.5 0.5 0.5 0.5 0.5 0.5 
0.5 0.5 0.5 0.5 0.5 0.5 0.5 0.5 0.5 0.5 0.5 0.5 0.5 0.5 0.5 0.5 0.5 0.5 0.5 0.5 0.5 0.5 0.5 0.5 0.5 0.5 0.5 0.5 0.5 0.5 0.5 0.5 0.5 0.5 0.5 0.5 0.5 0.5 0.5 0.5 0.5 0.5 0.5 0.5 0.5 0.5 0.5 0.5 0.5 0.5 0.5 0.5 0.5 0.5 0.5 0.5 0.5 0.5 0.5 0.5 0.5 0.5 0.5 0.5 0.5 0.5 0.5 0.5 0.5 0.5 0.5 0.5 0.5 0.5 0.5 0.5 0.5 0.5 0.5 0.5 0.5 0.5 0.5 0.5 0.5 0.5 0.5 0.5 0.5 0.5 0.5 0.5 0.5 0.973403 0.993307 0.858149 0.993307 0.991837 0.993307 0.982014 0.985226 0.916827 0.768525 0.880797 0.014774 0.00669285 0.00669285 0.0997505 0.00669285 0.00669285 0.00669285 0.00669285 0.00669285 0.00669285 0.00669285 0.00669285 0.00669285 0.00669285 0.00669285 0.00669285 0.00669285 0.00669285 0.00669285 0.00669285 0.00669285 0.00669285 0.00669285 0.00669285 0.00669285 0.00669285 0.00669285 0.00669285 0.00669285 0.00669285 0.00669285 0.00669285 0.00669285 0.00669285 0.00669285 0.00669285 0.00669285 0.00669285 0.00669285 0.00669285 0.00669285 0.00669285 0.00669285 0.00669285 0.00669285 0.00669285 0.00669285 0.00669285 0.00669285 0.00669285 0.00669285 0.00669285 0.00669285 0.00669285 0.00669285 0.00669285 0.00669285 0.00669285 0.00669285 0.00669285 0.00669285 0.00669285 0.00669285 0.00669285 0.00669285 0.00669285 0.00669285 0.00669285 0.00669285 0.00669285 0.00669285 0.00669285 0.00669285 0.00669285 0.00669285 0.00669285 0.00669285 0.00669285 0.00669285 0.00669285 0.00669285 0.00669285 0.00669285 0.00669285 0.00669285 0.00669285 0.00669285 0.00669285 0.00669285 0.00669285 0.00669285 0.00669285 0.00669285 0.00669285 0.00669285 0.952574 0.990048 0.952574 0.197816 0.0121284 0.354344 0.450166 0.310026 0.197816 0.0573242 0.00669285 0.0322954 0.990048 0.993307 0.993307 0.689975 0.689975 0.014774 0.645656 0.0691384 0.00669285 0.310026 0.141851 0.450166 0.167982 0.0391657 0.00669285 0.00669285 0.930862 0.00816257 0.450166 0.960834 0.978119 0.00669285 0.00669285 0.00816257 0.0218813 0.00669285 0.0573242 0.014774 0.00669285 0.00669285 0.0218813 0.5 0.993307 0.993307 0.598688 0.197816 0.197816 0.354344 0.450166 0.689974 0.90025 0.401312 0.5 0.5 0.5 0.401312 0.354344 0.450166 0.354344 0.401312 0.167982 0.354344 0.310026 0.310026 0.231475 0.354344 0.310026 0.689974 0.549834 0.231475 0.310026 0.354344 0.689974 0.450166 0.5 0.5 0.5 0.5 0.5 0.5 0.5 0.5 0.5 0.354344 0.268941 0.354344 0.354344 0.310026 0.401312 0.5 0.5 0.5 0.5 0.5 0.5 0.5 0.5 0.5 0.5 
0.5 0.5 0.5 0.5 0.5 0.5 0.5 0.5 0.5 0.5 0.5 0.5 0.5 0.5 0.5 0.5 0.5 0.5 0.5 0.5 0.5 0.5 0.5 0.5 0.5 0.5 0.5 0.5 0.5 0.5 0.5 0.5 0.5 0.5 0.5 0.5 0.5 0.5 0.5 0.5 0.5 0.5 0.5 0.5 0.5 0.5 0.5 0.5 0.5 0.5 0.5 0.5 0.5 0.5 0.5 0.5 0.5 0.5 0.5 0.5 0.5 0.5 0.5 0.5 0.5 0.5 0.5 0.5 0.5 0.5 0.5 0.5 0.5 0.5 0.5 0.5 0.5 0.5 0.5 0.5 0.5 0.5 0.5 0.5 0.5 0.5 0.5 0.5 0.5 0.5 0.5 0.5 0.973403 0.993307 0.993307 0.993307 0.973403 0.987872 0.987872 0.967705 0.689975 0.549834 0.310026 0.00669285 0.0121284 0.0997505 0.0391657 0.00995181 0.00669285 0.00669285 0.00669285 0.00669285 0.00669285 0.00669285 0.00669285 0.00669285 0.00669285 0.00669285 0.00669285 0.00669285 0.00669285 0.00669285 0.00669285 0.00669285 0.00669285 0.00669285 0.00669285 0.00669285 0.00669285 0.00669285 0.00669285 0.00669285 0.00669285 0.00669285 0.00669285 0.00669285 0.00669285 0.00669285 0.00669285 0.00669285 0.00669285 0.00669285 0.00669285 0.00669285 0.00669285 0.00669285 0.00669285 0.00669285 0.00669285 0.00669285 0.00669285 0.00669285 0.00669285 0.00669285 0.00669285 0.00669285 0.00669285 0.00669285 0.00669285 0.00669285 0.00669285 0.00669285 0.00669285 0.00669285 0.00669285 0.00669285 0.00669285 0.00669285 0.00669285 0.00669285 0.00669285 0.00669285 0.00669285 0.00669285 0.00669285 0.00669285 0.00669285 0.00669285 0.00669285 0.00669285 0.00669285 0.00669285 0.00669285 0.00669285 0.00669285 0.00669285 0.00669285 0.00669285 0.00669285 0.00669285 0.00669285 0.00669285 0.00669285 0.00669285 0.00669285 0.00669285 0.00669285 0.00669285 0.00669285 0.197816 0.991837 0.942676 0.880797 0.00669285 0.354344 0.973403 0.268941 0.231475 0.0218813 0.00669285 0.197816 0.990048 0.026597 0.973403 0.880797 0.598688 0.880797 0.0179862 0.00669285 0.00669285 0.119203 0.141851 0.450166 0.310026 0.231475 0.401312 0.354344 0.549834 0.978119 0.990048 0.90025 0.231475 0.0099518 0.00669285 0.0322954 0.00669285 0.00816257 0.00669285 0.014774 0.00669285 0.00669285 0.00669285 0.0121284 0.0691384 0.0831727 0.450166 0.310026 0.231475 0.268941 0.880797 0.916827 0.5 0.450166 0.401312 0.5 0.5 0.5 0.401312 0.268941 0.310026 0.354344 0.268941 0.231475 0.268941 0.645656 0.450166 0.310026 0.401312 0.450166 0.310026 0.167982 0.231475 0.231475 0.967705 0.731059 0.768525 0.5 0.5 0.5 0.5 0.5 0.5 0.5 0.5 0.5 0.5 0.354344 0.401312 0.768525 0.916827 0.916827 0.5 0.5 0.5 0.5 0.5 0.5 0.5 0.5 0.5 
0.5 0.5 0.5 0.5 0.5 0.5 0.5 0.5 0.5 0.5 0.5 0.5 0.5 0.5 0.5 0.5 0.5 0.5 0.5 0.5 0.5 0.5 0.5 0.5 0.5 0.5 0.5 0.5 0.5 0.5 0.5 0.5 0.5 0.5 0.5 0.5 0.5 0.5 0.5 0.5 0.5 0.5 0.5 0.5 0.5 0.5 0.5 0.5 0.5 0.5 0.5 0.5 0.5 0.5 0.5 0.5 0.5 0.5 0.5 0.5 0.5 0.5 0.5 0.5 0.5 0.5 0.5 0.5 0.5 0.5 0.5 0.5 0.5 0.5 0.5 0.5 0.5 0.5 0.5 0.5 0.5 0.5 0.5 0.5 0.5 0.5 0.5 0.5 0.5 0.5 0.5 0.5 0.993307 0.993307 0.987872 0.987872 0.987872 0.450166 0.00669285 0.5 0.268941 0.00669285 0.00669285 0.0474259 0.00669285 0.00669285 0.00669285 0.00669285 0.00669285 0.00669285 0.00669285 0.00669285 0.00669285 0.00669285 0.00669285 0.00669285 0.00669285 0.00669285 0.00669285 0.00669285 0.00669285 0.00669285 0.00669285 0.00669285 0.00669285 0.00669285 0.00669285 0.00669285 0.00669285 0.00669285 0.00669285 0.00669285 0.00669285 0.00669285 0.00669285 0.00669285 0.00669285 0.00669285 0.00669285 0.00669285 0.00669285 0.00669285 0.00669285 0.00669285 0.00669285 0.00669285 0.00669285 0.00669285 0.00669285 0.00669285 0.00669285 0.00669285 0.00669285 0.00669285 0.00669285 0.00669285 0.00669285 0.00669285 0.00669285 0.00669285 0.00669285 0.00669285 0.00669285 0.00669285 0.00669285 0.00669285 0.00669285 0.00669285 0.00669285 0.00669285 0.00669285 0.00669285 0.00669285 0.00669285 0.00669285 0.00669285 0.00669285 0.00669285 0.00669285 0.00669285 0.00669285 0.00669285 0.00669285 0.00669285 0.00669285 0.00669285 0.00669285 0.00669285 0.00669285 0.00669285 0.00669285 0.00669285 0.00669285 0.00669285 0.00669285 0.00669285 0.00669285 0.00669285 0.00669285 0.00669285 0.982014 0.978119 0.832018 0.5 0.0474259 0.310026 0.197816 0.141851 0.0179862 0.0179862 0.0099518 0.0322955 0.0831728 0.00669285 0.768525 0.014774 0.802184 0.90025 0.5 0.0474259 0.026597 0.231475 0.197816 0.450166 0.119203 0.450166 0.993307 0.993307 0.978119 0.993307 0.167982 0.0831727 0.014774 0.0218813 0.00669285 0.00669285 0.00669285 0.00669285 0.0218813 0.00669285 0.00669285 0.00669285 0.0322955 0.310026 0.990048 0.90025 0.973403 0.987872 0.991837 0.991837 0.5 0.5 0.5 0.450166 0.354344 0.5 0.5 0.5 0.5 0.401312 0.310026 0.450166 0.268941 0.268941 0.930862 0.310026 0.354344 0.310026 0.231475 0.401312 0.450166 0.268941 0.268941 0.952574 0.354344 0.768525 0.5 0.5 0.5 0.5 0.5 0.5 0.5 0.5 0.5 0.5 0.5 0.973403 0.916827 0.5 0.5 0.5 0.5 0.5 0.5 0.5 0.5 0.5 0.5 0.5 
0.5 0.5 0.5 0.5 0.5 0.5 0.5 0.5 0.5 0.5 0.5 0.5 0.5 0.5 0.5 0.5 0.5 0.5 0.5 0.5 0.5 0.5 0.5 0.5 0.5 0.5 0.5 0.5 0.5 0.5 0.5 0.5 0.5 0.5 0.5 0.5 0.5 0.5 0.5 0.5 0.5 0.5 0.5 0.5 0.5 0.5 0.5 0.5 0.5 0.5 0.5 0.5 0.5 0.5 0.5 0.5 0.5 0.5 0.5 0.5 0.5 0.5 0.5 0.5 0.5 0.5 0.5 0.5 0.5 0.5 0.5 0.5 0.5 0.5 0.5 0.5 0.5 0.5 0.5 0.5 0.5 0.5 0.5 0.5 0.5 0.5 0.5 0.5 0.5 0.5 0.5 0.768525 0.993307 0.993307 0.991837 0.942676 0.689975 0.645656 0.141851 0.00816258 0.00669285 0.00669285 0.00669285 0.00669285 0.00669285 0.00669285 0.00669285 0.00669285 0.00669285 0.00669285 0.00669285 0.00669285 0.00669285 0.00669285 0.00669285 0.00669285 0.00669285 0.00669285 0.00669285 0.00669285 0.00669285 0.00669285 0.00669285 0.00669285 0.00669285 0.00669285 0.00669285 0.00669285 0.00669285 0.00669285 0.00669285 0.00669285 0.00669285 0.00669285 0.00669285 0.00669285 0.00669285 0.00669285 0.00669285 0.00669285 0.00669285 0.00669285 0.00669285 0.00669285 0.00669285 0.00669285 0.00669285 0.00669285 0.00669285 0.00669285 0.00669285 0.00669285 0.00669285 0.00669285 0.00669285 0.00669285 0.00669285 0.00669285 0.00669285 0.00669285 0.00669285 0.00669285 0.00669285 0.00669285 0.00669285 0.00669285 0.00669285 0.00669285 0.00669285 0.00669285 0.00669285 0.00669285 0.00669285 0.00669285 0.00669285 0.00669285 0.00669285 0.00669285 0.00669285 0.00669285 0.00669285 0.00669285 0.00669285 0.00669285 0.00669285 0.00669285 0.00669285 0.00669285 0.00669285 0.00669285 0.00669285 0.00669285 0.00669285 0.00669285 0.00669285 0.00669285 0.00669285 0.00669285 0.00669285 0.00669285 0.731059 0.991837 0.973403 0.141851 0.0691384 0.0997505 0.141851 0.0391657 0.0179862 0.0391657 0.0179862 0.0391657 0.952574 0.0322955 0.942676 0.197816 0.993307 0.993307 0.993307 0.982014 0.930862 0.268941 0.141851 0.768525 0.993307 0.993307 0.973403 0.991837 0.993307 0.5 0.5 0.0831727 0.231475 0.026597 0.0691384 0.0573242 0.0121284 0.0099518 0.00669285 0.0099518 0.00669285 0.00669286 0.0218813 0.0121284 0.993307 0.5 0.450166 0.5 0.401312 0.5 0.5 0.5 0.5 0.5 0.5 0.354344 0.5 0.5 0.5 0.5 0.401312 0.354344 0.450166 0.354344 0.401312 0.354344 0.401312 0.354344 0.450166 0.645656 0.401312 0.450166 0.310026 0.268941 0.401312 0.973403 0.5 0.5 0.5 0.5 0.5 0.5 0.5 0.5 0.5 0.5 0.5 0.5 0.5 0.5 0.5 0.5 0.5 0.5 0.5 0.5 0.5 0.5 0.5 0.5 
0.5 0.5 0.5 0.5 0.5 0.5 0.5 0.5 0.5 0.5 0.5 0.5 0.5 0.5 0.5 0.5 0.5 0.5 0.5 0.5 0.5 0.5 0.5 0.5 0.5 0.5 0.5 0.5 0.5 0.5 0.5 0.5 0.5 0.5 0.5 0.5 0.5 0.5 0.5 0.5 0.5 0.5 0.5 0.5 0.5 0.5 0.5 0.5 0.5 0.5 0.5 0.5 0.5 0.5 0.5 0.5 0.5 0.5 0.5 0.5 0.5 0.5 0.5 0.5 0.5 0.5 0.5 0.5 0.5 0.5 0.5 0.5 0.5 0.5 0.5 0.5 0.5 0.5 0.5 0.5 0.5 0.5 0.5 0.5 0.5 0.5 0.5 0.5 0.5 0.916827 0.987872 0.916827 0.967705 0.978119 0.993307 0.731059 0.268941 0.0391657 0.026597 0.026597 0.00669285 0.00669285 0.00669285 0.00669285 0.00669285 0.00669285 0.00669285 0.00669285 0.00669285 0.00669285 0.00669285 0.00669285 0.00669285 0.00669285 0.00669285 0.00669285 0.00669285 0.00669285 0.00669285 0.00669285 0.00669285 0.00669285 0.00669285 0.00669285 0.00669285 0.00669285 0.00669285 0.00669285 0.00669285 0.00669285 0.00669285 0.00669285 0.00669285 0.00669285 0.00669285 0.00669285 0.00669285 0.00669285 0.00669285 0.00669285 0.00669285 0.00669285 0.00669285 0.00669285 0.00669285 0.00669285 0.00669285 0.00669285 0.00669285 0.00669285 0.00669285 0.00669285 0.00669285 0.00669285 0.00669285 0.00669285 0.00669285 0.00669285 0.00669285 0.00669285 0.00669285 0.00669285 0.00669285 0.00669285 0.00669285 0.00669285 0.00669285 0.00669285 0.00669285 0.00669285 0.00669285 0.00669285 0.00669285 0.00669285 0.00669285 0.00669285 0.00669285 0.00669285 0.00669285 0.00669285 0.00669285 0.00669285 0.00669285 0.00669285 0.00669285 0.00669285 0.00669285 0.00669285 0.00669285 0.00669285 0.00669285 0.00669285 0.00669285 0.00669285 0.00669285 0.00669285 0.00669285 0.00669285 0.00669285 0.00669285 0.310026 0.987872 0.978119 0.880797 0.00669285 0.0573242 0.0997505 0.014774 0.0121284 0.916827 0.0391657 0.960834 0.987872 0.832018 0.978119 0.993307 0.5 0.5 0.993307 0.990048 0.930862 0.167982 0.167982 0.197816 0.5 0.5 0.5 0.5 0.5 0.5 0.5 0.354344 0.141851 0.119203 0.026597 0.119203 0.0474259 0.0179862 0.0831727 0.0121284 0.993307 0.993307 0.0121284 0.141851 0.973403 0.768525 0.310026 0.5 0.401312 0.5 0.5 0.5 0.5 0.5 0.5 0.5 0.354344 0.401312 0.5 0.5 0.5 0.401312 0.354344 0.450166 0.354344 0.268941 0.354344 0.401312 0.401312 0.689974 0.354344 0.268941 0.401312 0.768525 0.973403 0.916827 0.5 0.5 0.5 0.5 0.5 0.5 0.5 0.5 0.5 0.5 0.5 0.5 0.5 0.5 0.5 0.5 0.5 0.5 0.5 0.5 0.5 0.5 0.5 0.5 
0.5 0.5 0.5 0.5 0.5 0.5 0.5 0.5 0.5 0.5 0.5 0.5 0.5 0.5 0.5 0.5 0.5 0.5 0.5 0.5 0.5 0.5 0.5 0.5 0.5 0.5 0.5 0.5 0.5 0.5 0.5 0.5 0.5 0.5 0.5 0.5 0.5 0.5 0.5 0.5 0.5 0.5 0.5 0.5 0.5 0.5 0.5 0.5 0.5 0.5 0.5 0.5 0.5 0.5 0.5 0.5 0.5 0.5 0.5 0.5 0.5 0.5 0.5 0.5 0.5 0.5 0.5 0.5 0.5 0.5 0.5 0.5 0.5 0.5 0.5 0.5 0.5 0.5 0.5 0.5 0.5 0.5 0.5 0.5 0.5 0.5 0.5 0.5 0.5 0.993307 0.231475 0.5 0.978119 0.993307 0.993307 0.310026 0.00669285 0.0121284 0.00669285 0.00669285 0.00669285 0.00669285 0.00669285 0.00669285 0.00669285 0.00669285 0.00669285 0.00669285 0.00669285 0.00669285 0.00669285 0.00669285 0.00669285 0.00669285 0.00669285 0.00669285 0.00669285 0.00669285 0.00669285 0.00669285 0.00669285 0.00669285 0.00669285 0.00669285 0.00669285 0.00669285 0.00669285 0.00669285 0.00669285 0.00669285 0.00669285 0.00669285 0.00669285 0.00669285 0.00669285 0.00669285 0.00669285 0.00669285 0.00669285 0.00669285 0.00669285 0.00669285 0.00669285 0.00669285 0.00669285 0.00669285 0.00669285 0.00669285 0.00669285 0.00669285 0.00669285 0.00669285 0.00669285 0.00669285 0.00669285 0.00669285 0.00669285 0.00669285 0.00669285 0.00669285 0.00669285 0.00669285 0.00669285 0.00669285 0.00669285 0.00669285 0.00669285 0.00669285 0.00669285 0.00669285 0.00669285 0.00669285 0.00669285 0.00669285 0.00669285 0.00669285 0.00669285 0.00669285 0.00669285 0.00669285 0.00669285 0.00669285 0.00669285 0.00669285 0.00669285 0.00669285 0.00669285 0.00669285 0.00669285 0.00669285 0.00669285 0.00669285 0.00669285 0.00669285 0.00669285 0.00669285 0.00669285 0.00669285 0.00669285 0.00669285 0.0831727 0.978119 0.993307 0.952574 0.268941 0.0691384 0.0179862 0.026597 0.0179862 0.0391657 0.119203 0.231475 0.916827 0.993307 0.993307 0.993307 0.5 0.5 0.5 0.5 0.268941 0.960834 0.993307 0.990048 0.5 0.5 0.5 0.5 0.5 0.5 0.5 0.5 0.354344 0.0691384 0.0997505 0.141851 0.0573242 0.0322954 0.0099518 0.00816257 0.00669285 0.0573242 0.0218813 0.197816 0.167982 0.993307 0.310026 0.450166 0.5 0.401312 0.5 0.5 0.5 0.5 0.5 0.5 0.5 0.450166 0.401312 0.5 0.5 0.5 0.401312 0.268941 0.310026 0.450166 0.268941 0.268941 0.268941 0.401312 0.916827 0.5 0.973403 0.916827 0.5 0.5 0.5 0.5 0.5 0.5 0.5 0.5 0.5 0.5 0.5 0.5 0.5 0.5 0.5 0.5 0.5 0.5 0.5 0.5 0.5 0.5 0.5 0.5 0.5 0.5 
0.5 0.5 0.5 0.5 0.5 0.5 0.5 0.5 0.5 0.5 0.5 0.5 0.5 0.5 0.5 0.5 0.5 0.5 0.5 0.5 0.5 0.5 0.5 0.5 0.5 0.5 0.5 0.5 0.5 0.5 0.5 0.5 0.5 0.5 0.5 0.5 0.5 0.5 0.5 0.5 0.5 0.5 0.5 0.5 0.5 0.5 0.5 0.5 0.5 0.5 0.5 0.5 0.5 0.5 0.5 0.5 0.5 0.5 0.5 0.5 0.5 0.5 0.5 0.5 0.5 0.5 0.5 0.5 0.5 0.5 0.5 0.5 0.5 0.5 0.5 0.5 0.5 0.5 0.5 0.5 0.5 0.5 0.5 0.5 0.5 0.5 0.5 0.5 0.5 0.768525 0.991837 0.982014 0.982014 0.993307 0.930862 0.141851 0.00816257 0.00669285 0.00669285 0.00669285 0.00669285 0.00669285 0.00669285 0.00669285 0.00669285 0.00669285 0.00669285 0.00669285 0.00669285 0.00669285 0.00669285 0.00669285 0.00669285 0.00669285 0.00669285 0.00669285 0.00669285 0.00669285 0.00669285 0.00669285 0.00669285 0.00669285 0.00669285 0.00669285 0.00669285 0.00669285 0.00669285 0.00669285 0.00669285 0.00669285 0.00669285 0.00669285 0.00669285 0.00669285 0.00669285 0.00669285 0.00669285 0.00669285 0.00669285 0.00669285 0.00669285 0.00669285 0.00669285 0.00669285 0.00669285 0.00669285 0.00669285 0.00669285 0.00669285 0.00669285 0.00669285 0.00669285 0.00669285 0.00669285 0.00669285 0.00669285 0.00669285 0.00669285 0.00669285 0.00669285 0.00669285 0.00669285 0.00669285 0.00669285 0.00669285 0.00669285 0.00669285 0.00669285 0.00669285 0.00669285 0.00669285 0.00669285 0.00669285 0.00669285 0.00669285 0.00669285 0.00669285 0.00669285 0.00669285 0.00669285 0.00669285 0.00669285 0.00669285 0.00669285 0.00669285 0.00669285 0.00669285 0.00669285 0.00669285 0.00669285 0.00669285 0.00669285 0.00669285 0.00669285 0.00669285 0.00669285 0.00669285 0.00669285 0.00669285 0.00669285 0.00669285 0.802184 0.991837 0.942676 0.0121284 0.0121284 0.310026 0.942676 0.598688 0.0322954 0.268941 0.197816 0.5 0.231475 0.5 0.5 0.5 0.5 0.5 0.5 0.916827 0.993307 0.916827 0.993307 0.5 0.5 0.5 0.5 0.5 0.5 0.5 0.5 0.5 0.354344 0.0322954 0.119203 0.119203 0.0691384 0.141851 0.0997505 0.0474259 0.0121284 0.268941 0.5 0.0099518 0.985226 0.645656 0.310026 0.5 0.401312 0.5 0.5 0.5 0.5 0.5 0.5 0.5 0.5 0.450166 0.401312 0.5 0.5 0.5 0.5 0.401312 0.354344 0.450166 0.973403 0.916827 0.973403 0.916827 0.5 0.5 0.5 0.5 0.5 0.5 0.5 0.5 0.5 0.5 0.5 0.5 0.5 0.5 0.5 0.5 0.5 0.5 0.5 0.5 0.5 0.5 0.5 0.5 0.5 0.5 0.5 0.5 0.5 
0.5 0.5 0.5 0.5 0.5 0.5 0.5 0.5 0.5 0.5 0.5 0.5 0.5 0.5 0.5 0.5 0.5 0.5 0.5 0.5 0.5 0.5 0.5 0.5 0.5 0.5 0.5 0.5 0.5 0.5 0.5 0.5 0.5 0.5 0.5 0.5 0.5 0.5 0.5 0.5 0.5 0.5 0.5 0.5 0.5 0.5 0.5 0.5 0.5 0.5 0.5 0.5 0.5 0.5 0.5 0.5 0.5 0.5 0.5 0.5 0.5 0.5 0.5 0.5 0.5 0.5 0.5 0.5 0.5 0.5 0.5 0.5 0.5 0.5 0.5 0.5 0.5 0.5 0.5 0.5 0.5 0.5 0.5 0.5 0.5 0.5 0.5 0.5 0.5 0.5 0.993307 0.982014 0.310025 0.832019 0.952574 0.689975 0.00669285 0.00669285 0.00669285 0.00669285 0.00669285 0.00669285 0.00669285 0.00669285 0.00669285 0.00669285 0.00669285 0.00669285 0.00669285 0.00669285 0.00669285 0.00669285 0.00669285 0.00669285 0.00669285 0.00669285 0.00669285 0.00669285 0.00669285 0.00669285 0.00669285 0.00669285 0.00669285 0.00669285 0.00669285 0.00669285 0.00669285 0.00669285 0.00669285 0.00669285 0.00669285 0.00669285 0.00669285 0.00669285 0.00669285 0.00669285 0.00669285 0.00669285 0.00669285 0.00669285 0.00669285 0.00669285 0.00669285 0.00669285 0.00669285 0.00669285 0.00669285 0.00669285 0.00669285 0.00669285 0.00669285 0.00669285 0.00669285 0.00669285 0.00669285 0.00669285 0.00669285 0.00669285 0.00669285 0.00669285 0.00669285 0.00669285 0.00669285 0.00669285 0.00669285 0.00669285 0.00669285 0.00669285 0.00669285 0.00669285 0.00669285 0.00669285 0.00669285 0.00669285 0.00669285 0.00669285 0.00669285 0.00669285 0.00669285 0.00669285 0.00669285 0.00669285 0.00669285 0.00669285 0.00669285 0.00669285 0.00669285 0.00669285 0.00669285 0.00669285 0.00669285 0.00669285 0.00669285 0.00669285 0.00669285 0.00669285 0.00669285 0.00669285 0.00669285 0.00669285 0.00669285 0.645656 0.987872 0.952574 0.354344 0.930862 0.973403 0.354344 0.119203 0.0218813 0.0831727 0.354344 0.5 0.231475 0.5 0.5 0.5 0.5 0.5 0.5 0.5 0.5 0.5 0.5 0.5 0.5 0.5 0.5 0.5 0.5 0.5 0.5 0.5 0.354344 0.141851 0.119203 0.119203 0.141851 0.167982 0.141851 0.0831727 0.0218813 0.549834 0.0997505 0.0474259 0.942676 0.993307 0.310026 0.450166 0.5 0.401312 0.5 0.5 0.5 0.5 0.5 0.5 0.5 0.5 0.450166 0.401312 0.5 0.5 0.5 0.5 0.916827 0.973403 0.768525 0.5 0.5 0.5 0.5 0.5 0.5 0.5 0.5 0.5 0.5 0.5 0.5 0.5 0.5 0.5 0.5 0.5 0.5 0.5 0.5 0.5 0.5 0.5 0.5 0.5 0.5 0.5 0.5 0.5 0.5 0.5 0.5 
0.5 0.5 0.5 0.5 0.5 0.5 0.5 0.5 0.5 0.5 0.5 0.5 0.5 0.5 0.5 0.5 0.5 0.5 0.5 0.5 0.5 0.5 0.5 0.5 0.5 0.5 0.5 0.5 0.5 0.5 0.5 0.5 0.5 0.5 0.5 0.5 0.5 0.5 0.5 0.5 0.5 0.5 0.5 0.5 0.5 0.5 0.5 0.5 0.5 0.5 0.5 0.5 0.5 0.5 0.5 0.5 0.5 0.5 0.5 0.5 0.5 0.5 0.5 0.5 0.5 0.5 0.5 0.5 0.5 0.5 0.5 0.5 0.5 0.5 0.5 0.5 0.5 0.5 0.5 0.5 0.5 0.5 0.5 0.5 0.5 0.5 0.5 0.5 0.5 0.5 0.5 0.993307 0.880797 0.880797 0.930862 0.450166 0.00669285 0.00669285 0.00669285 0.00669285 0.00669285 0.00669285 0.00669285 0.00669285 0.00669285 0.00669285 0.00669285 0.00669285 0.00669285 0.00669285 0.00669285 0.00669285 0.00669285 0.00669285 0.00669285 0.00669285 0.00669285 0.00669285 0.00669285 0.00669285 0.00669285 0.00669285 0.00669285 0.00669285 0.00669285 0.00669285 0.00669285 0.00669285 0.00669285 0.00669285 0.00669285 0.00669285 0.00669285 0.00669285 0.00669285 0.00669285 0.00669285 0.00669285 0.00669285 0.00669285 0.00669285 0.00669285 0.00669285 0.00669285 0.00669285 0.00669285 0.00669285 0.00669285 0.00669285 0.00669285 0.00669285 0.00669285 0.00669285 0.00669285 0.00669285 0.00669285 0.00669285 0.00669285 0.00669285 0.00669285 0.00669285 0.00669285 0.00669285 0.00669285 0.00669285 0.00669285 0.00669285 0.00669285 0.00669285 0.00669285 0.00669285 0.00669285 0.00669285 0.00669285 0.00669285 0.00669285 0.00669285 0.00669285 0.00669285 0.00669285 0.00669285 0.00669285 0.00669285 0.00669285 0.00669285 0.00669285 0.00669285 0.00669285 0.00669285 0.00669285 0.00669285 0.00669285 0.00669285 0.00669285 0.00669285 0.00669285 0.0218813 0.00669285 0.00669285 0.00669285 0.00669285 0.401312 0.987872 0.985226 0.952574 0.00669285 0.0474259 0.0474259 0.0218813 0.141851 0.0831727 0.689974 0.5 0.231475 0.5 0.5 0.5 0.5 0.5 0.5 0.5 0.5 0.5 0.5 0.5 0.5 0.5 0.5 0.5 0.5 0.5 0.5 0.5 0.5 0.197816 0.0997505 0.0691384 0.141851 0.141851 0.197816 0.141851 0.0831727 0.354344 0.0179862 0.00669285 0.942676 0.993307 0.354344 0.310026 0.5 0.401312 0.5 0.5 0.5 0.5 0.5 0.5 0.5 0.5 0.5 0.450166 0.401312 0.5 0.5 0.5 0.5 0.5 0.5 0.5 0.5 0.5 0.5 0.5 0.5 0.5 0.5 0.5 0.5 0.5 0.5 0.5 0.5 0.5 0.5 0.5 0.5 0.5 0.5 0.5 0.5 0.5 0.5 0.5 0.5 0.5 0.5 0.5 0.5 0.5 0.5 
0.5 0.5 0.5 0.5 0.5 0.5 0.5 0.5 0.5 0.5 0.5 0.5 0.5 0.5 0.5 0.5 0.5 0.5 0.5 0.5 0.5 0.5 0.5 0.5 0.5 0.5 0.5 0.5 0.5 0.5 0.5 0.5 0.5 0.5 0.5 0.5 0.5 0.5 0.5 0.5 0.5 0.5 0.5 0.5 0.5 0.5 0.5 0.5 0.5 0.5 0.5 0.5 0.5 0.5 0.5 0.5 0.5 0.5 0.5 0.5 0.5 0.5 0.5 0.5 0.5 0.5 0.5 0.5 0.5 0.5 0.5 0.5 0.5 0.5 0.5 0.5 0.5 0.5 0.5 0.5 0.5 0.5 0.5 0.5 0.5 0.5 0.5 0.5 0.5 0.5 0.993307 0.993307 0.967705 0.689974 0.952574 0.026597 0.167982 0.119203 0.00669285 0.00669285 0.00669285 0.00669285 0.00669285 0.00669285 0.00669285 0.00669285 0.00669285 0.00669285 0.00669285 0.00669285 0.00669285 0.00669285 0.00669285 0.00669285 0.00669285 0.00669285 0.00669285 0.00669285 0.00669285 0.00669285 0.00669285 0.00669285 0.00669285 0.00669285 0.00669285 0.00669285 0.00669285 0.00669285 0.00669285 0.00669285 0.00669285 0.00669285 0.00669285 0.00669285 0.00669285 0.00669285 0.00669285 0.00669285 0.00669285 0.00669285 0.00669285 0.00669285 0.00669285 0.00669285 0.00669285 0.00669285 0.00669285 0.00669285 0.00669285 0.00669285 0.00669285 0.00669285 0.00669285 0.00669285 0.00669285 0.00669285 0.00669285 0.00669285 0.00669285 0.00669285 0.00669285 0.00669285 0.00669285 0.00669285 0.00669285 0.00669285 0.00669285 0.00669285 0.00669285 0.00669285 0.00669285 0.00669285 0.00669285 0.00669285 0.00669285 0.00669285 0.00669285 0.00669285 0.00669285 0.00669285 0.00669285 0.00669285 0.00669285 0.00669285 0.00669285 0.00669285 0.00669285 0.00669285 0.00669285 0.00669285 0.00669285 0.00669285 0.00669285 0.00669285 0.00669285 0.00669285 0.450166 0.993307 0.993307 0.960834 0.990048 0.014774 0.993307 0.993307 0.880797 0.450166 0.952574 0.0691384 0.014774 0.119203 0.268941 0.401312 0.5 0.231475 0.5 0.5 0.5 0.5 0.5 0.5 0.5 0.5 0.5 0.5 0.5 0.5 0.5 0.5 0.5 0.5 0.5 0.5 0.5 0.5 0.5 0.0997505 0.119203 0.119203 0.141851 0.354344 0.268941 0.231475 0.231475 0.0218813 0.197816 0.0474259 0.993307 0.268941 0.310026 0.450166 0.5 0.401312 0.5 0.5 0.5 0.5 0.5 0.5 0.5 0.5 0.5 0.768525 0.916827 0.5 0.5 0.5 0.5 0.5 0.5 0.5 0.5 0.5 0.5 0.5 0.5 0.5 0.5 0.5 0.5 0.5 0.5 0.5 0.5 0.5 0.5 0.5 0.5 0.5 0.5 0.5 0.5 0.5 0.5 0.5 0.5 0.5 0.5 0.5 0.5 0.5 
0.5 0.5 0.5 0.5 0.5 0.5 0.5 0.5 0.5 0.5 0.5 0.5 0.5 0.5 0.5 0.5 0.5 0.5 0.5 0.5 0.5 0.5 0.5 0.5 0.5 0.5 0.5 0.5 0.5 0.5 0.5 0.5 0.5 0.5 0.5 0.5 0.5 0.5 0.5 0.5 0.5 0.5 0.5 0.5 0.5 0.5 0.5 0.5 0.5 0.5 0.5 0.5 0.5 0.5 0.5 0.5 0.5 0.5 0.5 0.5 0.5 0.5 0.5 0.5 0.5 0.5 0.5 0.5 0.5 0.5 0.5 0.5 0.5 0.5 0.5 0.5 0.5 0.5 0.5 0.5 0.5 0.5 0.5 0.5 0.5 0.5 0.5 0.5 0.5 0.5 0.5 0.978119 0.880797 0.0831727 0.960834 0.5 0.90025 0.167982 0.00669285 0.00669285 0.00669285 0.00669285 0.00669285 0.00669285 0.00669285 0.00669285 0.00669285 0.00669285 0.00669285 0.00669285 0.00669285 0.00669285 0.00669285 0.00669285 0.00669285 0.00669285 0.00669285 0.00669285 0.00669285 0.00669285 0.00669285 0.00669285 0.00669285 0.00669285 0.00669285 0.00669285 0.00669285 0.00669285 0.00669285 0.00669285 0.00669285 0.00669285 0.00669285 0.00669285 0.00669285 0.00669285 0.00669285 0.00669285 0.00669285 0.00669285 0.00669285 0.00669285 0.00669285 0.00669285 0.00669285 0.00669285 0.00669285 0.00669285 0.00669285 0.00669285 0.00669285 0.00669285 0.00669285 0.00669285 0.00669285 0.00669285 0.00669285 0.00669285 0.00669285 0.00669285 0.00669285 0.00669285 0.00669285 0.00669285 0.00669285 0.00669285 0.00669285 0.00669285 0.00669285 0.00669285 0.00669285 0.00669285 0.00669285 0.00669285 0.00669285 0.00669285 0.00669285 0.00669285 0.00669285 0.00669285 0.00669285 0.00669285 0.00669285 0.00669285 0.00669285 0.00669285 0.00669285 0.00669285 0.00669285 0.00669285 0.00669285 0.00669285 0.00669285 0.00669285 0.00669285 0.993307 0.993307 0.993307 0.990048 0.982014 0.982014 0.00669285 0.880797 0.993307 0.768525 0.268941 0.960834 0.268941 0.026597 0.141851 0.310026 0.916827 0.5 0.231475 0.5 0.5 0.5 0.5 0.5 0.5 0.5 0.5 0.5 0.5 0.5 0.5 0.5 0.5 0.5 0.5 0.5 0.5 0.5 0.5 0.5 0.310026 0.0391657 0.197816 0.167982 0.310026 0.450166 0.268941 0.231475 0.858149 0.598688 0.0831727 0.993307 0.985226 0.231475 0.450166 0.5 0.401312 0.5 0.5 0.5 0.5 0.5 0.5 0.5 0.5 0.5 0.5 0.5 0.5 0.5 0.5 0.5 0.5 0.5 0.5 0.5 0.5 0.5 0.5 0.5 0.5 0.5 0.5 0.5 0.5 0.5 0.5 0.5 0.5 0.5 0.5 0.5 0.5 0.5 0.5 0.5 0.5 0.5 0.5 0.5 0.5 0.5 0.5 0.5 0.5 
0.5 0.5 0.5 0.5 0.5 0.5 0.5 0.5 0.5 0.5 0.5 0.5 0.5 0.5 0.5 0.5 0.5 0.5 0.5 0.5 0.5 0.5 0.5 0.5 0.5 0.5 0.5 0.5 0.5 0.5 0.5 0.5 0.5 0.5 0.5 0.5 0.5 0.5 0.5 0.5 0.5 0.5 0.5 0.5 0.5 0.5 0.5 0.5 0.5 0.5 0.5 0.5 0.5 0.5 0.5 0.5 0.5 0.5 0.5 0.5 0.5 0.5 0.5 0.5 0.5 0.5 0.5 0.5 0.5 0.5 0.5 0.5 0.5 0.5 0.5 0.5 0.5 0.5 0.5 0.5 0.5 0.5 0.5 0.5 0.5 0.5 0.5 0.5 0.5 0.5 0.5 0.991837 0.990048 0.0179862 0.354344 0.952574 0.900249 0.990048 0.960834 0.00669285 0.00669285 0.00669285 0.00669285 0.00669285 0.00669285 0.00669285 0.00669285 0.00669285 0.00669285 0.00669285 0.00669285 0.00669285 0.00669285 0.00669285 0.00669285 0.00669285 0.00669285 0.00669285 0.00669285 0.00669285 0.00669285 0.00669285 0.00669285 0.00669285 0.00669285 0.00669285 0.00669285 0.00669285 0.00669285 0.00669285 0.00669285 0.00669285 0.00669285 0.00669285 0.00669285 0.00669285 0.00669285 0.00669285 0.00669285 0.00669285 0.00669285 0.00669285 0.00669285 0.00669285 0.00669285 0.00669285 0.00669285 0.00669285 0.00669285 0.00669285 0.00669285 0.00669285 0.00669285 0.00669285 0.00669285 0.00669285 0.00669285 0.00669285 0.00669285 0.00669285 0.00669285 0.00669285 0.00669286 0.026597 0.00669285 0.00669285 0.00669285 0.00669285 0.00669285 0.00669285 0.00669285 0.00669285 0.00669285 0.00669285 0.00669285 0.00669285 0.00669285 0.00669285 0.00669285 0.00669285 0.00669285 0.00669285 0.00669285 0.00669285 0.00669285 0.00669285 0.00669285 0.00669285 0.00669285 0.00669285 0.00669285 0.00669285 0.00669285 0.00669285 0.00669285 0.0691384 0.0831727 0.993307 0.993307 0.993307 0.689974 0.0997505 0.973403 0.991837 0.930862 0.978119 0.802184 0.119203 0.0391657 0.450166 0.310026 0.5 0.5 0.832018 0.5 0.5 0.5 0.5 0.5 0.5 0.5 0.5 0.5 0.5 0.5 0.5 0.5 0.5 0.5 0.5 0.5 0.5 0.5 0.5 0.5 0.310026 0.141851 0.0831727 0.231475 0.310026 0.310026 0.450166 0.268941 0.952574 0.993307 0.993307 0.993307 0.354344 0.268941 0.310026 0.450166 0.5 0.401312 0.5 0.5 0.5 0.5 0.5 0.5 0.5 0.5 0.5 0.5 0.5 0.5 0.5 0.5 0.5 0.5 0.5 0.5 0.5 0.5 0.5 0.5 0.5 0.5 0.5 0.5 0.5 0.5 0.5 0.5 0.5 0.5 0.5 0.5 0.5 0.5 0.5 0.5 0.5 0.5 0.5 0.5 0.5 0.5 0.5 0.5 0.5 
0.5 0.5 0.5 0.5 0.5 0.5 0.5 0.5 0.5 0.5 0.5 0.5 0.5 0.5 0.5 0.5 0.5 0.5 0.5 0.5 0.5 0.5 0.5 0.5 0.5 0.5 0.5 0.5 0.5 0.5 0.5 0.5 0.5 0.5 0.5 0.5 0.5 0.5 0.5 0.5 0.5 0.5 0.5 0.5 0.5 0.5 0.5 0.5 0.5 0.5 0.5 0.5 0.5 0.5 0.5 0.5 0.5 0.5 0.5 0.5 0.5 0.5 0.5 0.5 0.5 0.5 0.5 0.5 0.5 0.5 0.5 0.5 0.5 0.5 0.5 0.5 0.5 0.5 0.5 0.5 0.5 0.5 0.5 0.5 0.5 0.5 0.5 0.5 0.5 0.5 0.5 0.5 0.985226 0.930862 0.0997505 0.880797 0.731059 0.993307 0.0322955 0.00669285 0.00669285 0.00669285 0.00669285 0.00669285 0.00669285 0.00669285 0.00669285 0.00669285 0.00669285 0.00669285 0.00669285 0.00669285 0.00669285 0.00669285 0.00669285 0.00669285 0.00669285 0.00669285 0.00669285 0.00669285 0.00669285 0.00669285 0.00669285 0.00669285 0.00669285 0.00669285 0.00669285 0.00669285 0.00669285 0.00669285 0.00669285 0.00669285 0.00669285 0.00669285 0.00669285 0.00669285 0.00669285 0.00669285 0.00669285 0.00669285 0.00669285 0.00669285 0.00669285 0.00669285 0.00669285 0.00669285 0.00669285 0.00669285 0.00669285 0.00669285 0.00669285 0.00669285 0.00669285 0.00669285 0.00669285 0.00669285 0.00669285 0.00669285 0.00669285 0.00669285 0.00669285 0.026597 0.00669285 0.00669285 0.00669285 0.00669285 0.00669285 0.00669285 0.00669285 0.00669285 0.00669285 0.00669285 0.00669285 0.00669285 0.00669285 0.00669285 0.00669285 0.00669285 0.00669285 0.00669285 0.00669285 0.00669285 0.00669285 0.00669285 0.00669285 0.00669285 0.00669285 0.00669285 0.00669285 0.00669285 0.00669285 0.00669285 0.00669285 0.00669285 0.00669285 0.00669285 0.985226 0.993307 0.990048 0.990048 0.026597 0.354344 0.00669285 0.689974 0.5 0.978119 0.967705 0.645656 0.197816 0.197816 0.991837 0.5 0.5 0.645656 0.5 0.5 0.5 0.5 0.5 0.5 0.5 0.5 0.5 0.5 0.5 0.5 0.5 0.5 0.5 0.5 0.5 0.5 0.5 0.5 0.5 0.5 0.268941 0.0831727 0.0573242 0.310026 0.5 0.310026 0.450166 0.960834 0.689974 0.993307 0.973403 0.973403 0.973403 0.549834 0.450166 0.5 0.401312 0.5 0.5 0.5 0.5 0.5 0.5 0.5 0.5 0.5 0.5 0.5 0.5 0.5 0.5 0.5 0.5 0.5 0.5 0.5 0.5 0.5 0.5 0.5 0.5 0.5 0.5 0.5 0.5 0.5 0.5 0.5 0.5 0.5 0.5 0.5 0.5 0.5 0.5 0.5 0.5 0.5 0.5 0.5 0.5 0.5 0.5 0.5 
0.5 0.5 0.5 0.5 0.5 0.5 0.5 0.5 0.5 0.5 0.5 0.5 0.5 0.5 0.5 0.5 0.5 0.5 0.5 0.5 0.5 0.5 0.5 0.5 0.5 0.5 0.5 0.5 0.5 0.5 0.5 0.5 0.5 0.5 0.5 0.5 0.5 0.5 0.5 0.5 0.5 0.5 0.5 0.5 0.5 0.5 0.5 0.5 0.5 0.5 0.5 0.5 0.5 0.5 0.5 0.5 0.5 0.5 0.5 0.5 0.5 0.5 0.5 0.5 0.5 0.5 0.5 0.5 0.5 0.5 0.5 0.5 0.5 0.5 0.5 0.5 0.5 0.5 0.5 0.5 0.5 0.5 0.5 0.5 0.5 0.5 0.5 0.5 0.5 0.5 0.5 0.5 0.993307 0.982014 0.645656 0.310025 0.973403 0.880797 0.5 0.00669285 0.00669285 0.00669285 0.00669285 0.00669285 0.00669285 0.00669285 0.00669285 0.00669285 0.00669285 0.00669285 0.00669285 0.00669285 0.00669285 0.00669285 0.00669285 0.00669285 0.00669285 0.00669285 0.00669285 0.00669285 0.00669285 0.00669285 0.00669285 0.00669285 0.00669285 0.00669285 0.00669285 0.00669285 0.00669285 0.00669285 0.00669285 0.00669285 0.00669285 0.00669285 0.00669285 0.00669285 0.00669285 0.00669285 0.00669285 0.00669285 0.00669285 0.00669285 0.00669285 0.00669285 0.00669285 0.00669285 0.00669285 0.00669285 0.00669285 0.00669285 0.00669285 0.00669285 0.00669285 0.00669285 0.00669285 0.00669285 0.00669285 0.026597 0.014774 0.00669285 0.00669285 0.00669285 0.00669285 0.00669285 0.00669285 0.00669285 0.00669285 0.00669285 0.00669285 0.00669285 0.00669285 0.00669285 0.00669285 0.00669285 0.00669285 0.00669285 0.00669285 0.00669285 0.00669285 0.00669285 0.00669285 0.00669285 0.00669285 0.00669285 0.00669285 0.00669285 0.00669285 0.00669285 0.00669285 0.00669285 0.00669285 0.0691384 0.990048 0.00669285 0.00669285 0.00669285 0.119203 0.993307 0.993307 0.990048 0.0179862 0.450166 0.00669285 0.993307 0.930862 0.952574 0.967705 0.982014 0.5 0.450166 0.5 0.5 0.5 0.973403 0.5 0.5 0.5 0.5 0.5 0.5 0.5 0.5 0.5 0.5 0.5 0.5 0.5 0.5 0.5 0.5 0.5 0.5 0.5 0.5 0.5 0.5 0.991837 0.987872 0.354344 0.0997505 0.310026 0.5 0.310026 0.450166 0.991837 0.916827 0.5 0.5 0.5 0.401312 0.354344 0.450166 0.5 0.401312 0.5 0.5 0.5 0.5 0.5 0.5 0.5 0.5 0.5 0.5 0.5 0.5 0.5 0.5 0.5 0.5 0.5 0.5 0.5 0.5 0.5 0.5 0.5 0.5 0.5 0.5 0.5 0.5 0.5 0.5 0.5 0.5 0.5 0.5 0.5 0.5 0.5 0.5 0.5 0.5 0.5 0.5 0.5 0.5 0.5 0.5 
0.5 0.5 0.5 0.5 0.5 0.5 0.5 0.5 0.5 0.5 0.5 0.5 0.5 0.5 0.5 0.5 0.5 0.5 0.5 0.5 0.5 0.5 0.5 0.5 0.5 0.5 0.5 0.5 0.5 0.5 0.5 0.5 0.5 0.5 0.5 0.5 0.5 0.5 0.5 0.5 0.5 0.5 0.5 0.5 0.5 0.5 0.5 0.5 0.5 0.5 0.5 0.5 0.5 0.5 0.5 0.5 0.5 0.5 0.5 0.5 0.5 0.5 0.5 0.5 0.5 0.5 0.5 0.5 0.5 0.5 0.5 0.5 0.5 0.5 0.5 0.5 0.5 0.5 0.5 0.5 0.5 0.5 0.5 0.5 0.5 0.5 0.5 0.5 0.5 0.5 0.5 0.5 0.5 0.985226 0.942676 0.5 0.858149 0.930862 0.5 0.00669285 0.00669285 0.00669285 0.00669285 0.00669285 0.00669285 0.00669285 0.00669285 0.00669285 0.00669285 0.00669285 0.00669285 0.00669285 0.00669285 0.00669285 0.00669285 0.00669285 0.00669285 0.00669285 0.00669285 0.00669285 0.00669285 0.00669285 0.00669285 0.00669285 0.00669285 0.00669285 0.00669285 0.00669285 0.00669285 0.00669285 0.00669285 0.00669285 0.00669285 0.00669285 0.00669285 0.00669285 0.00669285 0.00669285 0.00669285 0.00669285 0.00669285 0.00669285 0.00669285 0.00669285 0.00669285 0.00669285 0.00669285 0.00669285 0.00669285 0.00669285 0.00669285 0.00669285 0.00669285 0.00669285 0.00669285 0.00669285 0.00669285 0.00669285 0.00669285 0.00669285 0.00669285 0.00669285 0.00669285 0.00669285 0.00669285 0.0099518 0.00669285 0.00669285 0.00669285 0.00669285 0.00669285 0.00669285 0.00669285 0.00669285 0.00669285 0.00669285 0.00669285 0.00669285 0.00669285 0.00669285 0.00669285 0.00669285 0.00669285 0.00669285 0.00669285 0.00669285 0.00669285 0.00669285 0.00669285 0.00669285 0.00669285 0.993307 0.00669285 0.00669285 0.00669285 0.0391657 0.985226 0.880797 0.993307 0.993307 0.598688 0.268941 0.0474258 0.0691384 0.310025 0.832018 0.982014 0.985226 0.990048 0.5 0.5 0.5 0.5 0.5 0.5 0.5 0.5 0.5 0.5 0.5 0.5 0.5 0.5 0.5 0.5 0.5 0.5 0.5 0.5 0.5 0.5 0.5 0.5 0.5 0.5 0.5 0.5 0.401312 0.141851 0.645656 0.5 0.991837 0.5 0.991837 0.768525 0.5 0.5 0.5 0.5 0.401312 0.354344 0.450166 0.5 0.401312 0.5 0.5 0.5 0.5 0.5 0.5 0.5 0.5 0.5 0.5 0.5 0.5 0.5 0.5 0.5 0.5 0.5 0.5 0.5 0.5 0.5 0.5 0.5 0.5 0.5 0.5 0.5 0.5 0.5 0.5 0.5 0.5 0.5 0.5 0.5 0.5 0.5 0.5 0.5 0.5 0.5 0.5 0.5 0.5 0.5 0.5 
0.5 0.5 0.5 0.5 0.5 0.5 0.5 0.5 0.5 0.5 0.5 0.5 0.5 0.5 0.5 0.5 0.5 0.5 0.5 0.5 0.5 0.5 0.5 0.5 0.5 0.5 0.5 0.5 0.5 0.5 0.5 0.5 0.5 0.5 0.5 0.5 0.5 0.5 0.5 0.5 0.5 0.5 0.5 0.5 0.5 0.5 0.5 0.5 0.5 0.5 0.5 0.5 0.5 0.5 0.5 0.5 0.5 0.5 0.5 0.5 0.5 0.5 0.5 0.5 0.5 0.5 0.5 0.5 0.5 0.5 0.5 0.5 0.5 0.5 0.5 0.5 0.5 0.5 0.5 0.5 0.5 0.5 0.5 0.5 0.5 0.5 0.5 0.5 0.5 0.5 0.5 0.5 0.5 0.993307 0.985226 0.832018 0.993307 0.952574 0.310026 0.0179862 0.00669285 0.00669285 0.00669285 0.00669285 0.00669285 0.00669285 0.00669285 0.00669285 0.00669285 0.00669285 0.00669285 0.00669285 0.00669285 0.00669285 0.00669285 0.00669285 0.00669285 0.00669285 0.00669285 0.00669285 0.00669285 0.00669285 0.00669285 0.00669285 0.00669285 0.00669285 0.00669285 0.00669285 0.00669285 0.00669285 0.00669285 0.00669285 0.00669285 0.00669285 0.00669285 0.00669285 0.00669285 0.00669285 0.00669285 0.00669285 0.00669285 0.00669285 0.00669285 0.00669285 0.00669285 0.00669285 0.00669285 0.00669285 0.00669285 0.00669285 0.00669285 0.00669285 0.00669285 0.00669285 0.00669285 0.00669285 0.00669285 0.00669285 0.00669285 0.00669285 0.00669285 0.00669285 0.00669285 0.00669285 0.00669285 0.00669285 0.00669285 0.00669285 0.00669285 0.00669285 0.00669285 0.00669285 0.00669285 0.00669285 0.00669285 0.00669285 0.00669285 0.00669285 0.00669285 0.00669285 0.00669285 0.00669285 0.00669285 0.00669285 0.00669285 0.00669285 0.00669285 0.00669285 0.00669285 0.00669285 0.00669285 0.00669285 0.00669285 0.00669285 0.00669285 0.00669285 0.00669285 0.993307 0.993307 0.993307 0.967705 0.0691384 0.00669285 0.026597 0.967705 0.598687 0.967705 0.973403 0.993307 0.645656 0.5 0.5 0.5 0.5 0.5 0.5 0.5 0.5 0.5 0.5 0.5 0.5 0.5 0.5 0.5 0.5 0.5 0.5 0.5 0.5 0.5 0.5 0.5 0.5 0.5 0.5 0.5 0.731059 0.880797 0.993307 0.993307 0.5 0.5 0.5 0.5 0.5 0.5 0.5 0.5 0.5 0.401312 0.354344 0.450166 0.5 0.401312 0.5 0.5 0.5 0.5 0.5 0.5 0.5 0.5 0.5 0.5 0.5 0.5 0.5 0.5 0.5 0.5 0.5 0.5 0.5 0.5 0.5 0.5 0.5 0.5 0.5 0.5 0.5 0.5 0.5 0.5 0.5 0.5 0.5 0.5 0.5 0.5 0.5 0.5 0.5 0.5 0.5 0.5 0.5 0.5 0.5 
0.5 0.5 0.5 0.5 0.5 0.5 0.5 0.5 0.5 0.5 0.5 0.5 0.5 0.5 0.5 0.5 0.5 0.5 0.5 0.5 0.5 0.5 0.5 0.5 0.5 0.5 0.5 0.5 0.5 0.5 0.5 0.5 0.5 0.5 0.5 0.5 0.5 0.5 0.5 0.5 0.5 0.5 0.5 0.5 0.5 0.5 0.5 0.5 0.5 0.5 0.5 0.5 0.5 0.5 0.5 0.5 0.5 0.5 0.5 0.5 0.5 0.5 0.5 0.5 0.5 0.5 0.5 0.5 0.5 0.5 0.5 0.5 0.5 0.5 0.5 0.5 0.5 0.5 0.5 0.5 0.5 0.5 0.5 0.5 0.5 0.5 0.5 0.5 0.5 0.5 0.5 0.5 0.5 0.5 0.993307 0.916827 0.967705 0.991837 0.197816 0.0831727 0.00669285 0.00669285 0.00669285 0.00669285 0.00669285 0.00669285 0.00669285 0.00669285 0.00669285 0.00669285 0.00669285 0.00669285 0.00669285 0.00669285 0.00669285 0.00669285 0.00669285 0.00669285 0.00669285 0.00669285 0.00669285 0.00669285 0.00669285 0.00669285 0.00669285 0.00669285 0.00669285 0.00669285 0.00669285 0.00669285 0.00669285 0.00669285 0.00669285 0.00669285 0.00669285 0.00669285 0.00669285 0.00669285 0.00669285 0.00669285 0.00669285 0.00669285 0.00669285 0.00669285 0.00669285 0.00669285 0.00669285 0.00669285 0.00669285 0.00669285 0.00669285 0.0322955 0.00669285 0.00669285 0.00669285 0.00669285 0.00669285 0.00669285 0.00669285 0.0474259 0.00669285 0.00669285 0.00669285 0.00669285 0.00669285 0.00669285 0.00669285 0.00669285 0.00669285 0.00669285 0.00669285 0.00669285 0.00669285 0.00669285 0.00669285 0.00669285 0.00669285 0.00669285 0.00669285 0.00669285 0.00669285 0.00669285 0.00669285 0.00669285 0.00669285 0.00669285 0.00669285 0.00669285 0.00669285 0.00669285 0.00669285 0.00669285 0.00669285 0.00669285 0.00669285 0.00669285 0.00669285 0.942676 0.952574 0.768525 0.990048 0.00669285 0.00669285 0.00669285 0.916827 0.0391657 0.942676 0.990048 0.268941 0.990048 0.5 0.5 0.5 0.5 0.5 0.5 0.5 0.5 0.5 0.5 0.5 0.5 0.5 0.5 0.5 0.5 0.5 0.5 0.5 0.5 0.5 0.5 0.5 0.5 0.5 0.5 0.5 0.768525 0.916827 0.916827 0.5 0.5 0.5 0.5 0.5 0.5 0.5 0.5 0.5 0.5 0.401312 0.354344 0.450166 0.5 0.401312 0.5 0.5 0.5 0.5 0.5 0.5 0.5 0.5 0.5 0.5 0.5 0.5 0.5 0.5 0.5 0.5 0.5 0.5 0.5 0.5 0.5 0.5 0.5 0.5 0.5 0.5 0.5 0.5 0.5 0.5 0.5 0.5 0.5 0.5 0.5 0.5 0.5 0.5 0.5 0.5 0.5 0.5 0.5 0.5 0.5 
0.5 0.5 0.5 0.5 0.5 0.5 0.5 0.5 0.5 0.5 0.5 0.5 0.5 0.5 0.5 0.5 0.5 0.5 0.5 0.5 0.5 0.5 0.5 0.5 0.5 0.5 0.5 0.5 0.5 0.5 0.5 0.5 0.5 0.5 0.5 0.5 0.5 0.5 0.5 0.5 0.5 0.5 0.5 0.5 0.5 0.5 0.5 0.5 0.5 0.5 0.5 0.5 0.5 0.5 0.5 0.5 0.5 0.5 0.5 0.5 0.5 0.5 0.5 0.5 0.5 0.5 0.5 0.5 0.5 0.5 0.5 0.5 0.5 0.5 0.5 0.5 0.5 0.5 0.5 0.5 0.5 0.5 0.5 0.5 0.5 0.5 0.5 0.5 0.5 0.5 0.5 0.5 0.5 0.5 0.993307 0.960834 0.880797 0.942676 0.549834 0.354344 0.00669285 0.00669285 0.00669285 0.00669285 0.00669285 0.00669285 0.00669285 0.00669285 0.00669285 0.00669285 0.00669285 0.00669285 0.00669285 0.00669285 0.00669285 0.00669285 0.00669285 0.00669285 0.00669285 0.00669285 0.00669285 0.00669285 0.00669285 0.00669285 0.00669285 0.00669285 0.00669285 0.00669285 0.00669285 0.00669285 0.00669285 0.00669285 0.00669285 0.00669285 0.00669285 0.00669285 0.00669285 0.00669285 0.00669285 0.00669285 0.00669285 0.00669285 0.00669285 0.00669285 0.00669285 0.00669285 0.00669285 0.00669285 0.00669285 0.00669285 0.00669285 0.00669285 0.00669285 0.00669285 0.00669285 0.00669285 0.00669285 0.00669285 0.00669285 0.00669285 0.00669285 0.00669285 0.00669285 0.00669285 0.689975 0.00669285 0.0573242 0.00669285 0.00669285 0.00669285 0.00669285 0.00669285 0.00669285 0.00669285 0.00669285 0.00669285 0.00669285 0.00669285 0.00669285 0.00669285 0.00669285 0.00669285 0.00669285 0.00669285 0.00669285 0.00669285 0.00669285 0.00669285 0.00669285 0.00669285 0.00669285 0.00669285 0.00669285 0.00669285 0.00669285 0.00669285 0.00669285 0.832018 0.231475 0.00669285 0.00669285 0.00669285 0.00669285 0.00669285 0.00669285 0.987872 0.993307 0.993307 0.993307 0.731059 0.916827 0.5 0.5 0.5 0.5 0.5 0.5 0.5 0.5 0.5 0.5 0.5 0.5 0.5 0.5 0.5 0.5 0.5 0.5 0.5 0.5 0.5 0.5 0.5 0.5 0.5 0.5 0.5 0.5 0.5 0.5 0.5 0.5 0.5 0.5 0.5 0.5 0.5 0.5 0.5 0.5 0.401312 0.354344 0.450166 0.5 0.401312 0.5 0.5 0.5 0.5 0.5 0.5 0.5 0.5 0.5 0.5 0.5 0.5 0.5 0.5 0.5 0.5 0.5 0.5 0.5 0.5 0.5 0.5 0.5 0.5 0.5 0.5 0.5 0.5 0.5 0.5 0.5 0.5 0.5 0.5 0.5 0.5 0.5 0.5 0.5 0.5 0.5 0.5 0.5 0.5 
0.5 0.5 0.5 0.5 0.5 0.5 0.5 0.5 0.5 0.5 0.5 0.5 0.5 0.5 0.5 0.5 0.5 0.5 0.5 0.5 0.5 0.5 0.5 0.5 0.5 0.5 0.5 0.5 0.5 0.5 0.5 0.5 0.5 0.5 0.5 0.5 0.5 0.5 0.5 0.5 0.5 0.5 0.5 0.5 0.5 0.5 0.5 0.5 0.5 0.5 0.5 0.5 0.5 0.5 0.5 0.5 0.5 0.5 0.5 0.5 0.5 0.5 0.5 0.5 0.5 0.5 0.5 0.5 0.5 0.5 0.5 0.5 0.5 0.5 0.5 0.5 0.5 0.5 0.5 0.5 0.5 0.5 0.5 0.5 0.5 0.5 0.5 0.5 0.5 0.5 0.5 0.5 0.5 0.5 0.993307 0.993307 0.645656 0.0831727 0.973403 0.450166 0.00669285 0.00669285 0.00669285 0.00669285 0.00669285 0.00669285 0.00669285 0.00669285 0.00669285 0.00669285 0.00669285 0.00669285 0.00669285 0.00669285 0.00669285 0.00669285 0.00669285 0.00669285 0.00669285 0.00669285 0.00669285 0.00669285 0.00669285 0.00669285 0.00669285 0.00669285 0.00669285 0.00669285 0.00669285 0.00669285 0.00669285 0.00669285 0.00669285 0.00669285 0.00669285 0.00669285 0.00669285 0.00669285 0.00669285 0.00669285 0.00669285 0.00669285 0.00669285 0.00669285 0.00669285 0.00669285 0.00669285 0.026597 0.00669285 0.00669285 0.00669285 0.00669285 0.00669285 0.0391657 0.00669285 0.00669285 0.00669285 0.00669285 0.141851 0.00669285 0.00669285 0.00669285 0.00669285 0.90025 0.141851 0.00669285 0.00669285 0.00669285 0.00669285 0.00669285 0.00669285 0.00669285 0.00669285 0.00669285 0.00669285 0.00669285 0.00669285 0.00669285 0.00669285 0.00669285 0.00669285 0.00669285 0.00669285 0.00669285 0.00669285 0.00669285 0.00669285 0.00669285 0.00669285 0.00669285 0.00669285 0.00669285 0.00669285 0.00669285 0.00669285 0.00669285 0.00669285 0.00669285 0.014774 0.00669285 0.00669285 0.00669285 0.00669285 0.00669285 0.0218813 0.985226 0.993307 0.993307 0.768525 0.450166 0.401312 0.5 0.5 0.5 0.5 0.5 0.5 0.5 0.5 0.5 0.5 0.5 0.5 0.5 0.5 0.5 0.5 0.5 0.5 0.5 0.5 0.5 0.5 0.5 0.5 0.5 0.5 0.5 0.5 0.5 0.5 0.5 0.5 0.5 0.5 0.5 0.5 0.5 0.5 0.5 0.5 0.401312 0.354344 0.450166 0.5 0.401312 0.5 0.5 0.5 0.5 0.5 0.5 0.5 0.5 0.5 0.5 0.5 0.5 0.5 0.5 0.5 0.5 0.5 0.5 0.5 0.5 0.5 0.5 0.5 0.5 0.5 0.5 0.5 0.5 0.5 0.5 0.5 0.5 0.5 0.5 0.5 0.5 0.5 0.5 0.5 0.5 0.5 0.5 0.5 0.5 
0.5 0.5 0.5 0.5 0.5 0.5 0.5 0.5 0.5 0.5 0.5 0.5 0.5 0.5 0.5 0.5 0.5 0.5 0.5 0.5 0.5 0.5 0.5 0.5 0.5 0.5 0.5 0.5 0.5 0.5 0.5 0.5 0.5 0.5 0.5 0.5 0.5 0.5 0.5 0.5 0.5 0.5 0.5 0.5 0.5 0.5 0.5 0.5 0.5 0.5 0.5 0.5 0.5 0.5 0.5 0.5 0.5 0.5 0.5 0.5 0.5 0.5 0.5 0.5 0.5 0.5 0.5 0.5 0.5 0.5 0.5 0.5 0.5 0.5 0.5 0.5 0.5 0.5 0.5 0.5 0.5 0.5 0.5 0.5 0.5 0.5 0.5 0.5 0.5 0.5 0.5 0.5 0.5 0.5 0.973403 0.993307 0.858149 0.00669285 0.916827 0.900249 0.310025 0.0474259 0.00669285 0.00669285 0.00669285 0.00669285 0.00669285 0.00669285 0.00669285 0.00669285 0.00669285 0.00669285 0.00669285 0.00669285 0.00669285 0.00669285 0.00669285 0.00669285 0.00669285 0.00669285 0.00669285 0.00669285 0.00669285 0.00669285 0.00669285 0.00669285 0.00669285 0.00669285 0.00669285 0.00669285 0.00669285 0.00669285 0.026597 0.00669285 0.00669285 0.00669285 0.00669285 0.00669285 0.00669285 0.00669285 0.00669285 0.00669285 0.00669285 0.00669285 0.00669285 0.00669285 0.00669285 0.00669285 0.00669285 0.026597 0.00669285 0.00816258 0.450166 0.00669285 0.00669285 0.00669285 0.00669285 0.00669285 0.00669285 0.00669285 0.00669285 0.00669285 0.00669285 0.00669285 0.00669285 0.00669285 0.00669285 0.00669285 0.00669285 0.00669285 0.00669285 0.00669285 0.00669285 0.00669285 0.00669285 0.00669285 0.00669285 0.00669285 0.00669285 0.00669285 0.00669285 0.00669285 0.00669285 0.00669285 0.00669285 0.00669285 0.00669285 0.00669285 0.00669285 0.00669285 0.00669285 0.00669285 0.00669285 0.00669285 0.00669285 0.00669285 0.00669285 0.00669285 0.00669285 0.00669285 0.00669285 0.00669285 0.00669285 0.00669285 0.00669285 0.731059 0.987872 0.987872 0.993307 0.401312 0.5 0.5 0.5 0.5 0.5 0.5 0.5 0.5 0.5 0.5 0.5 0.5 0.5 0.5 0.5 0.5 0.5 0.5 0.5 0.5 0.5 0.5 0.5 0.5 0.5 0.5 0.5 0.5 0.5 0.5 0.5 0.5 0.5 0.5 0.5 0.5 0.5 0.5 0.5 0.5 0.5 0.5 0.401312 0.354344 0.450166 0.5 0.401312 0.5 0.5 0.5 0.5 0.5 0.5 0.5 0.5 0.5 0.5 0.5 0.5 0.5 0.5 0.5 0.5 0.5 0.5 0.5 0.5 0.5 0.5 0.5 0.5 0.5 0.5 0.5 0.5 0.5 0.5 0.5 0.5 0.5 0.5 0.5 0.5 0.5 0.5 0.5 0.5 0.5 0.5 0.5 
0.5 0.5 0.5 0.5 0.5 0.5 0.5 0.5 0.5 0.5 0.5 0.5 0.5 0.5 0.5 0.5 0.5 0.5 0.5 0.5 0.5 0.5 0.5 0.5 0.5 0.5 0.5 0.5 0.5 0.5 0.5 0.5 0.5 0.5 0.5 0.5 0.5 0.5 0.5 0.5 0.5 0.5 0.5 0.5 0.5 0.5 0.5 0.5 0.5 0.5 0.5 0.5 0.5 0.5 0.5 0.5 0.5 0.5 0.5 0.5 0.5 0.5 0.5 0.5 0.5 0.5 0.5 0.5 0.5 0.5 0.5 0.5 0.5 0.5 0.5 0.5 0.5 0.5 0.5 0.5 0.5 0.5 0.5 0.5 0.5 0.5 0.5 0.5 0.5 0.5 0.5 0.5 0.5 0.5 0.5 0.993307 0.982014 0.354344 0.141851 0.731059 0.993307 0.549834 0.00669285 0.00669285 0.00669285 0.00669285 0.00669285 0.00669285 0.0179862 0.00669285 0.026597 0.0573242 0.00669285 0.991837 0.00669285 0.00669285 0.00669285 0.00669285 0.00669285 0.00669285 0.00669285 0.00669285 0.00669285 0.00669285 0.00669285 0.00669285 0.00669285 0.00669285 0.00669285 0.00669285 0.00669285 0.00669285 0.00669285 0.00669285 0.00669285 0.00669285 0.00669285 0.0218813 0.00669285 0.0121284 0.00669285 0.00669285 0.00669285 0.00669285 0.00669285 0.00669285 0.5 0.00669285 0.952574 0.00669285 0.00669285 0.00669285 0.00669285 0.141851 0.00669285 0.310026 0.00669285 0.00669285 0.00669285 0.00669285 0.401312 0.00669285 0.00669285 0.00669285 0.00669285 0.00669285 0.00669285 0.00669285 0.00669285 0.00669285 0.00669285 0.00669285 0.00669285 0.00669285 0.00669285 0.00669285 0.00669285 0.00669285 0.00669285 0.00669285 0.00669285 0.00669285 0.00669285 0.00669285 0.00669285 0.00669285 0.00669285 0.00669285 0.00669285 0.00669285 0.00669285 0.00669285 0.00669285 0.00669285 0.00669285 0.00669285 0.00669285 0.00669285 0.00669285 0.00669285 0.00669285 0.00669285 0.00669285 0.00669285 0.00669285 0.00669285 0.990048 0.952574 0.450166 0.993307 0.5 0.5 0.5 0.5 0.5 0.5 0.5 0.5 0.5 0.5 0.5 0.5 0.5 0.5 0.5 0.5 0.5 0.5 0.5 0.5 0.5 0.5 0.5 0.5 0.5 0.5 0.5 0.5 0.5 0.5 0.5 0.5 0.5 0.5 0.5 0.5 0.5 0.5 0.5 0.5 0.5 0.5 0.401312 0.354344 0.768525 0.5 0.401312 0.5 0.5 0.5 0.5 0.5 0.5 0.5 0.5 0.5 0.5 0.5 0.5 0.5 0.5 0.5 0.5 0.5 0.5 0.5 0.5 0.5 0.5 0.5 0.5 0.5 0.5 0.5 0.5 0.5 0.5 0.5 0.5 0.5 0.5 0.5 0.5 0.5 0.5 0.5 0.5 0.5 0.5 0.5 
0.5 0.5 0.5 0.5 0.5 0.5 0.5 0.5 0.5 0.5 0.5 0.5 0.5 0.5 0.5 0.5 0.5 0.5 0.5 0.5 0.5 0.5 0.5 0.5 0.5 0.5 0.5 0.5 0.5 0.5 0.5 0.5 0.5 0.5 0.5 0.5 0.5 0.5 0.5 0.5 0.5 0.5 0.5 0.5 0.5 0.5 0.5 0.5 0.5 0.5 0.5 0.5 0.5 0.5 0.5 0.5 0.5 0.5 0.5 0.5 0.5 0.5 0.5 0.5 0.5 0.5 0.5 0.5 0.5 0.5 0.5 0.5 0.5 0.5 0.5 0.5 0.5 0.5 0.5 0.5 0.5 0.5 0.5 0.5 0.5 0.5 0.5 0.5 0.5 0.5 0.5 0.5 0.5 0.5 0.5 0.993307 0.990048 0.930862 0.00669285 0.858149 0.90025 0.952574 0.00669285 0.00669285 0.00669285 0.00669285 0.00669285 0.00669285 0.00669285 0.00669285 0.00669285 0.00669285 0.802184 0.993307 0.967705 0.00669285 0.00669285 0.00669285 0.00669285 0.00669285 0.00669285 0.00669285 0.00669285 0.00669285 0.00669285 0.00669285 0.00669285 0.00669285 0.00669285 0.00669285 0.00669285 0.00669285 0.00669285 0.00669285 0.00669285 0.00669285 0.00669285 0.0218813 0.00669285 0.00669285 0.00669285 0.00669285 0.00669285 0.00669285 0.00669285 0.00669285 0.00669285 0.00669285 0.014774 0.00669285 0.00669285 0.450166 0.00669285 0.00669285 0.00669285 0.00669285 0.00669285 0.00669285 0.00669285 0.0218813 0.00669285 0.00669285 0.00669285 0.00669285 0.00669285 0.00669285 0.00669285 0.00669285 0.00669285 0.00669285 0.00669285 0.00669285 0.00669285 0.00669285 0.00669285 0.00669285 0.00669285 0.00669285 0.00669285 0.00669285 0.00669285 0.00669285 0.00669285 0.00669285 0.00669285 0.00669285 0.00669285 0.00669285 0.00669285 0.00669285 0.00669285 0.00669285 0.00669285 0.00669285 0.00669285 0.00669285 0.00669285 0.00669285 0.00669285 0.00669285 0.00669285 0.00669285 0.00669285 0.00669285 0.00669285 0.00669285 0.973403 0.990048 0.768525 0.993307 0.5 0.5 0.5 0.5 0.5 0.5 0.5 0.5 0.5 0.5 0.5 0.5 0.5 0.5 0.5 0.5 0.5 0.5 0.5 0.5 0.5 0.5 0.5 0.5 0.5 0.5 0.5 0.5 0.5 0.5 0.5 0.5 0.5 0.5 0.5 0.5 0.5 0.5 0.5 0.5 0.5 0.5 0.5 0.401312 0.354344 0.5 0.5 0.401312 0.5 0.5 0.5 0.5 0.5 0.5 0.5 0.5 0.5 0.5 0.5 0.5 0.5 0.5 0.5 0.5 0.5 0.5 0.5 0.5 0.5 0.5 0.5 0.5 0.5 0.5 0.5 0.5 0.5 0.5 0.5 0.5 0.5 0.5 0.5 0.5 0.5 0.5 0.5 0.5 0.5 0.5 
0.5 0.5 0.5 0.5 0.5 0.5 0.5 0.5 0.5 0.5 0.5 0.5 0.5 0.5 0.5 0.5 0.5 0.5 0.5 0.5 0.5 0.5 0.5 0.5 0.5 0.5 0.5 0.5 0.5 0.5 0.5 0.5 0.5 0.5 0.5 0.5 0.5 0.5 0.5 0.5 0.5 0.5 0.5 0.5 0.5 0.5 0.5 0.5 0.5 0.5 0.5 0.5 0.5 0.5 0.5 0.5 0.5 0.5 0.5 0.5 0.5 0.5 0.5 0.5 0.5 0.5 0.5 0.5 0.5 0.5 0.5 0.5 0.5 0.5 0.5 0.5 0.5 0.5 0.5 0.5 0.5 0.5 0.5 0.5 0.5 0.5 0.5 0.5 0.5 0.5 0.5 0.5 0.5 0.5 0.5 0.5 0.993307 0.960834 0.310025 0.832018 0.982014 0.858149 0.00669285 0.00669285 0.00669285 0.00669285 0.731059 0.0121284 0.00995181 0.978119 0.00669285 0.00669285 0.645656 0.689975 0.197816 0.00669285 0.00669285 0.00669285 0.00669285 0.00669285 0.00669285 0.00669285 0.00669285 0.00669285 0.00669285 0.00669285 0.00669285 0.00669285 0.00669285 0.00669285 0.00669285 0.00669285 0.00669285 0.00669285 0.00669285 0.00669285 0.00669285 0.00669285 0.00669285 0.00669285 0.197816 0.00669285 0.00669285 0.00669285 0.00669285 0.00669285 0.00669285 0.310026 0.00669285 0.00669285 0.014774 0.00669285 0.00669285 0.00669286 0.00669285 0.00669285 0.0322955 0.90025 0.00669285 0.00669285 0.00669285 0.00669285 0.00669285 0.00669285 0.00669285 0.00669285 0.00669285 0.00669285 0.197816 0.00669285 0.00669285 0.00669285 0.00669285 0.00669285 0.00669285 0.00669285 0.00669285 0.00669285 0.00669285 0.00669285 0.00669285 0.00669285 0.00669285 0.00669285 0.00669285 0.00669285 0.00669285 0.00669285 0.00669285 0.00669285 0.00669285 0.00669285 0.00669285 0.00669285 0.00669285 0.00669285 0.00669285 0.00669285 0.00669285 0.00669285 0.00669285 0.00669285 0.00669285 0.00669285 0.00669285 0.00669285 0.00669285 0.987872 0.952574 0.993307 0.5 0.5 0.5 0.5 0.5 0.5 0.5 0.5 0.5 0.5 0.5 0.5 0.5 0.5 0.5 0.5 0.5 0.5 0.5 0.5 0.5 0.5 0.5 0.5 0.5 0.5 0.5 0.5 0.5 0.5 0.5 0.5 0.5 0.5 0.5 0.5 0.5 0.5 0.5 0.5 0.5 0.5 0.5 0.916827 0.973403 0.5 0.5 0.401312 0.5 0.5 0.5 0.5 0.5 0.5 0.5 0.5 0.5 0.5 0.5 0.5 0.5 0.5 0.5 0.5 0.5 0.5 0.5 0.5 0.5 0.5 0.5 0.5 0.5 0.5 0.5 0.5 0.5 0.5 0.5 0.5 0.5 0.5 0.5 0.5 0.5 0.5 0.5 0.5 0.5 0.5 
0.5 0.5 0.5 0.5 0.5 0.5 0.5 0.5 0.5 0.5 0.5 0.5 0.5 0.5 0.5 0.5 0.5 0.5 0.5 0.5 0.5 0.5 0.5 0.5 0.5 0.5 0.5 0.5 0.5 0.5 0.5 0.5 0.5 0.5 0.5 0.5 0.5 0.5 0.5 0.5 0.5 0.5 0.5 0.5 0.5 0.5 0.5 0.5 0.5 0.5 0.5 0.5 0.5 0.5 0.5 0.5 0.5 0.5 0.5 0.5 0.5 0.5 0.5 0.5 0.5 0.5 0.5 0.5 0.5 0.5 0.5 0.5 0.5 0.5 0.5 0.5 0.5 0.5 0.5 0.5 0.5 0.5 0.5 0.5 0.5 0.5 0.5 0.5 0.5 0.5 0.5 0.5 0.5 0.5 0.5 0.5 0.991837 0.985226 0.960834 0.401312 0.880797 0.231475 0.00669285 0.00995181 0.00669285 0.00669285 0.0121284 0.00669285 0.598688 0.942676 0.991837 0.549834 0.0474259 0.645656 0.197816 0.00995181 0.00669285 0.00669285 0.00669285 0.00669285 0.00669285 0.00669285 0.00669285 0.00669285 0.00669285 0.00669285 0.00669285 0.00669285 0.00669285 0.00669285 0.00669285 0.00669285 0.00669285 0.00669285 0.00669285 0.00669285 0.00669285 0.00669285 0.0121284 0.00669285 0.00669285 0.00669285 0.00669285 0.00669285 0.00669285 0.00669285 0.0691384 0.00669285 0.00669285 0.00669285 0.0218813 0.00669285 0.00669285 0.354344 0.00669285 0.00669285 0.00669285 0.00669285 0.00669285 0.00669285 0.00669285 0.00669285 0.00669285 0.00669285 0.00669286 0.00669285 0.00669285 0.00669285 0.00669285 0.00669285 0.00669285 0.00669285 0.00669285 0.00669285 0.00669285 0.00669285 0.00669285 0.00669285 0.00669285 0.00669285 0.00669285 0.00669285 0.00669285 0.00669285 0.00669285 0.00669285 0.00669285 0.00669285 0.00669285 0.00669285 0.00669285 0.00669285 0.00669285 0.00669285 0.00669285 0.00669285 0.00669285 0.00669285 0.00669285 0.00669285 0.00669285 0.00669285 0.00669285 0.00669285 0.00669285 0.00669285 0.141851 0.985226 0.991837 0.991837 0.768525 0.768525 0.768525 0.5 0.5 0.5 0.5 0.5 0.5 0.5 0.5 0.5 0.5 0.5 0.5 0.5 0.5 0.5 0.5 0.5 0.5 0.5 0.5 0.5 0.5 0.5 0.5 0.5 0.5 0.5 0.5 0.5 0.5 0.5 0.5 0.5 0.5 0.5 0.5 0.5 0.5 0.5 0.5 0.5 0.5 0.5 0.5 0.5 0.916827 0.5 0.5 0.5 0.5 0.5 0.5 0.5 0.5 0.5 0.5 0.5 0.5 0.5 0.5 0.5 0.5 0.5 0.5 0.5 0.5 0.5 0.5 0.5 0.5 0.5 0.5 0.5 0.5 0.5 0.5 0.5 0.5 0.5 0.5 0.5 0.5 0.5 0.5 0.5 0.5 0.5 
0.5 0.5 0.5 0.5 0.5 0.5 0.5 0.5 0.5 0.5 0.5 0.5 0.5 0.5 0.5 0.5 0.5 0.5 0.5 0.5 0.5 0.5 0.5 0.5 0.5 0.5 0.5 0.5 0.5 0.5 0.5 0.5 0.5 0.5 0.5 0.5 0.5 0.5 0.5 0.5 0.5 0.5 0.5 0.5 0.5 0.5 0.5 0.5 0.5 0.5 0.5 0.5 0.5 0.5 0.5 0.5 0.5 0.5 0.5 0.5 0.5 0.5 0.5 0.5 0.5 0.5 0.5 0.5 0.5 0.5 0.5 0.5 0.5 0.5 0.5 0.5 0.5 0.5 0.5 0.5 0.5 0.5 0.5 0.5 0.5 0.5 0.5 0.5 0.5 0.5 0.5 0.5 0.5 0.5 0.5 0.5 0.5 0.993307 0.973403 0.768525 0.90025 0.0179862 0.00816257 0.00669285 0.00669285 0.0218813 0.014774 0.167982 0.952574 0.768525 0.689975 0.645656 0.973403 0.645656 0.00669285 0.310026 0.00669285 0.00669285 0.00669285 0.00669285 0.00669285 0.00669285 0.00669285 0.00669285 0.00669285 0.00669285 0.00669285 0.00669285 0.00669285 0.00669285 0.00669285 0.00669285 0.00669285 0.00669285 0.00669285 0.00669285 0.645656 0.00669285 0.00669285 0.00669285 0.00669285 0.00669285 0.00669285 0.00669285 0.00669285 0.00669285 0.00669285 0.00669285 0.0218813 0.689974 0.00669285 0.00669285 0.00669285 0.00669285 0.00669285 0.00669285 0.00669285 0.00669285 0.00669285 0.00669285 0.00669285 0.00669285 0.00669285 0.0121284 0.00669286 0.00669285 0.00669285 0.00669285 0.00669285 0.00669285 0.00669285 0.00669285 0.00669285 0.00669285 0.00669285 0.00669285 0.00669285 0.00669285 0.00669285 0.00669285 0.00669285 0.00669285 0.00669285 0.00669285 0.00669285 0.00669285 0.00669285 0.00669285 0.00669285 0.00669285 0.00669285 0.00669285 0.00669285 0.00669285 0.00669285 0.00669285 0.00669285 0.00669285 0.00669285 0.00669285 0.00669285 0.00669285 0.00669285 0.00669285 0.00669285 0.00669285 0.00669286 0.00669285 0.993307 0.993307 0.990048 0.450166 0.768525 0.5 0.5 0.5 0.5 0.5 0.5 0.5 0.5 0.5 0.5 0.5 0.5 0.5 0.5 0.5 0.5 0.5 0.5 0.5 0.5 0.5 0.5 0.5 0.5 0.5 0.5 0.5 0.5 0.5 0.5 0.5 0.5 0.5 0.5 0.5 0.5 0.5 0.5 0.5 0.5 0.5 0.5 0.5 0.5 0.5 0.5 0.5 0.5 0.5 0.5 0.5 0.5 0.5 0.5 0.5 0.5 0.5 0.5 0.5 0.5 0.5 0.5 0.5 0.5 0.5 0.5 0.5 0.5 0.5 0.5 0.5 0.5 0.5 0.5 0.5 0.5 0.5 0.5 0.5 0.5 0.5 0.5 0.5 0.5 0.5 0.5 0.5 
0.5 0.5 0.5 0.5 0.5 0.5 0.5 0.5 0.5 0.5 0.5 0.5 0.5 0.5 0.5 0.5 0.5 0.5 0.5 0.5 0.5 0.5 0.5 0.5 0.5 0.5 0.5 0.5 0.5 0.5 0.5 0.5 0.5 0.5 0.5 0.5 0.5 0.5 0.5 0.5 0.5 0.5 0.5 0.5 0.5 0.5 0.5 0.5 0.5 0.5 0.5 0.5 0.5 0.5 0.5 0.5 0.5 0.5 0.5 0.5 0.5 0.5 0.5 0.5 0.5 0.5 0.5 0.5 0.5 0.5 0.5 0.5 0.5 0.5 0.5 0.5 0.5 0.5 0.5 0.5 0.5 0.5 0.5 0.5 0.5 0.5 0.5 0.5 0.5 0.5 0.5 0.5 0.5 0.5 0.5 0.5 0.5 0.993307 0.973403 0.993307 0.858149 0.960834 0.00669285 0.00816257 0.0391657 0.802184 0.310026 0.450166 0.5 0.450166 0.990048 0.858149 0.993307 0.0831727 0.0691384 0.354344 0.0322955 0.00669285 0.00669286 0.00669285 0.00669285 0.00669285 0.00669285 0.00669285 0.00669285 0.00669285 0.00669285 0.00669285 0.00669285 0.00669285 0.00669285 0.00669285 0.00669285 0.00669285 0.141851 0.00669285 0.00669285 0.00669285 0.00669285 0.00669285 0.00669285 0.00669285 0.00669285 0.0179862 0.00669285 0.00669285 0.00669285 0.00669285 0.00669285 0.00669285 0.00669285 0.00669285 0.00669285 0.00669285 0.00669285 0.00669285 0.00669285 0.00669285 0.00669285 0.00669285 0.00669285 0.00669285 0.00669285 0.00669285 0.00669285 0.00669285 0.00669285 0.00669285 0.00669285 0.00669285 0.00669285 0.00669285 0.00669285 0.00669285 0.00669285 0.00669285 0.00669285 0.00669285 0.00669285 0.00669285 0.00669285 0.00669285 0.00669285 0.00669285 0.00669285 0.00669285 0.00669285 0.00669285 0.00669285 0.00669285 0.00669285 0.141851 0.310026 0.450166 0.00669285 0.00669285 0.00669285 0.00669285 0.00669285 0.00669285 0.00669285 0.00669285 0.00669285 0.00669285 0.00669285 0.00669285 0.00669285 0.0179862 0.987872 0.450166 0.802184 0.689974 0.768525 0.5 0.5 0.5 0.5 0.5 0.5 0.5 0.5 0.5 0.5 0.5 0.5 0.5 0.5 0.5 0.5 0.5 0.5 0.5 0.5 0.5 0.5 0.5 0.5 0.5 0.5 0.5 0.5 0.5 0.5 0.5 0.5 0.5 0.5 0.5 0.5 0.5 0.5 0.5 0.5 0.5 0.5 0.5 0.5 0.5 0.5 0.5 0.5 0.5 0.5 0.5 0.5 0.5 0.5 0.5 0.5 0.5 0.5 0.5 0.5 0.5 0.5 0.5 0.5 0.5 0.5 0.5 0.5 0.5 0.5 0.5 0.5 0.5 0.5 0.5 0.5 0.5 0.5 0.5 0.5 0.5 0.5 0.5 0.5 0.5 0.5 0.5 
0.5 0.5 0.5 0.5 0.5 0.5 0.5 0.5 0.5 0.5 0.5 0.5 0.5 0.5 0.5 0.5 0.5 0.5 0.5 0.5 0.5 0.5 0.5 0.5 0.5 0.5 0.5 0.5 0.5 0.5 0.5 0.5 0.5 0.5 0.5 0.5 0.5 0.5 0.5 0.5 0.5 0.5 0.5 0.5 0.5 0.5 0.5 0.5 0.5 0.5 0.5 0.5 0.5 0.5 0.5 0.5 0.5 0.5 0.5 0.5 0.5 0.5 0.5 0.5 0.5 0.5 0.5 0.5 0.5 0.5 0.5 0.5 0.5 0.5 0.5 0.5 0.5 0.5 0.5 0.5 0.5 0.5 0.5 0.5 0.5 0.5 0.5 0.5 0.5 0.5 0.5 0.5 0.5 0.5 0.5 0.5 0.5 0.5 0.5 0.993307 0.858149 0.880797 0.0573242 0.645656 0.354344 0.450166 0.5 0.5 0.5 0.5 0.832018 0.985226 0.993307 0.0573242 0.00669285 0.197816 0.0391657 0.00669285 0.00669285 0.00669285 0.00669285 0.00669285 0.00669285 0.00669285 0.00669285 0.00669285 0.00669285 0.00669285 0.00669285 0.00669285 0.00669285 0.00669285 0.00669285 0.00669285 0.00669285 0.00669285 0.00669285 0.00669285 0.00669285 0.00669285 0.00669285 0.00669285 0.00669285 0.00669285 0.00669285 0.00669285 0.014774 0.00669285 0.00669285 0.00669285 0.00669285 0.00669285 0.00669285 0.00669285 0.00669285 0.00669285 0.00669285 0.0997505 0.0831727 0.00669285 0.00669285 0.00669285 0.00669285 0.00669285 0.00669285 0.00669285 0.00669285 0.00669285 0.00669285 0.00669285 0.00669285 0.00669285 0.00669285 0.00669285 0.00669285 0.00669285 0.00669285 0.00669285 0.00669285 0.00669285 0.00669285 0.00669285 0.0179862 0.0322955 0.00669285 0.00669285 0.00669285 0.00669285 0.0121284 0.00669285 0.645656 0.731059 0.167982 0.0322954 0.00669285 0.00669285 0.00669285 0.00669285 0.00669285 0.00669285 0.00669285 0.00669285 0.00669285 0.00669285 0.00669285 0.00669285 0.00669285 0.0573241 0.880797 0.993307 0.930862 0.960834 0.5 0.5 0.5 0.5 0.5 0.5 0.5 0.5 0.5 0.5 0.5 0.5 0.5 0.5 0.5 0.5 0.5 0.5 0.5 0.5 0.5 0.5 0.5 0.5 0.5 0.5 0.5 0.5 0.5 0.5 0.5 0.5 0.5 0.5 0.5 0.5 0.5 0.5 0.5 0.5 0.5 0.5 0.5 0.5 0.5 0.5 0.5 0.5 0.5 0.5 0.5 0.5 0.5 0.5 0.5 0.5 0.5 0.5 0.5 0.5 0.5 0.5 0.5 0.5 0.5 0.5 0.5 0.5 0.5 0.5 0.5 0.5 0.5 0.5 0.5 0.5 0.5 0.5 0.5 0.5 0.5 0.5 0.5 0.5 0.5 0.5 0.5 0.5 
0.5 0.5 0.5 0.5 0.5 0.5 0.5 0.5 0.5 0.5 0.5 0.5 0.5 0.5 0.5 0.5 0.5 0.5 0.5 0.5 0.5 0.5 0.5 0.5 0.5 0.5 0.5 0.5 0.5 0.5 0.5 0.5 0.5 0.5 0.5 0.5 0.5 0.5 0.5 0.5 0.5 0.5 0.5 0.5 0.5 0.5 0.5 0.5 0.5 0.5 0.5 0.5 0.5 0.5 0.5 0.5 0.5 0.5 0.5 0.5 0.5 0.5 0.5 0.5 0.5 0.5 0.5 0.5 0.5 0.5 0.5 0.5 0.5 0.5 0.5 0.5 0.5 0.5 0.5 0.5 0.5 0.5 0.5 0.5 0.5 0.5 0.5 0.5 0.5 0.5 0.5 0.5 0.5 0.5 0.5 0.5 0.5 0.5 0.5 0.916827 0.991837 0.973403 0.689974 0.450166 0.5 0.5 0.5 0.5 0.5 0.991837 0.967705 0.993307 0.993307 0.167982 0.00669285 0.731059 0.00995181 0.00669285 0.00669285 0.00669285 0.00669285 0.00669285 0.00669285 0.00669285 0.00669285 0.00669285 0.00669285 0.00669285 0.00669285 0.00669285 0.00669285 0.00669285 0.00669285 0.00669285 0.00669285 0.00669285 0.00669285 0.00669285 0.0474259 0.0391657 0.00669285 0.00669285 0.00669285 0.00669285 0.00669285 0.00669285 0.00669285 0.00669285 0.00669285 0.00669285 0.00669285 0.00669285 0.00995181 0.00669285 0.00669285 0.00669285 0.00669285 0.00669285 0.00669285 0.00669285 0.00669285 0.00669285 0.00669285 0.00669285 0.00669285 0.00669285 0.00669285 0.00669285 0.00669285 0.00669285 0.00669285 0.00669285 0.00669285 0.00669285 0.00669285 0.00669285 0.00669285 0.00669285 0.0218813 0.993307 0.549834 0.0218813 0.00669285 0.858149 0.401312 0.268941 0.00669285 0.00669285 0.026597 0.141851 0.942676 0.880797 0.0322954 0.00669285 0.00669285 0.00669285 0.00669285 0.00669285 0.00669285 0.00669285 0.00669285 0.00669285 0.00669285 0.00669285 0.0179862 0.0997504 0.880797 0.310026 0.549834 0.991837 0.916827 0.993307 0.5 0.5 0.5 0.5 0.5 0.5 0.5 0.5 0.5 0.5 0.5 0.5 0.5 0.5 0.5 0.5 0.5 0.5 0.5 0.5 0.5 0.5 0.5 0.5 0.5 0.5 0.5 0.5 0.5 0.5 0.5 0.5 0.5 0.5 0.5 0.5 0.5 0.5 0.5 0.5 0.5 0.5 0.5 0.5 0.5 0.5 0.5 0.5 0.5 0.5 0.5 0.5 0.5 0.5 0.5 0.5 0.5 0.5 0.5 0.5 0.5 0.5 0.5 0.5 0.5 0.5 0.5 0.5 0.5 0.5 0.5 0.5 0.5 0.5 0.5 0.5 0.5 0.5 0.5 0.5 0.5 0.5 0.5 0.5 0.5 0.5 0.5 0.5 
0.5 0.5 0.5 0.5 0.5 0.5 0.5 0.5 0.5 0.5 0.5 0.5 0.5 0.5 0.5 0.5 0.5 0.5 0.5 0.5 0.5 0.5 0.5 0.5 0.5 0.5 0.5 0.5 0.5 0.5 0.5 0.5 0.5 0.5 0.5 0.5 0.5 0.5 0.5 0.5 0.5 0.5 0.5 0.5 0.5 0.5 0.5 0.5 0.5 0.5 0.5 0.5 0.5 0.5 0.5 0.5 0.5 0.5 0.5 0.5 0.5 0.5 0.5 0.5 0.5 0.5 0.5 0.5 0.5 0.5 0.5 0.5 0.5 0.5 0.5 0.5 0.5 0.5 0.5 0.5 0.5 0.5 0.5 0.5 0.5 0.5 0.5 0.5 0.5 0.5 0.5 0.5 0.5 0.5 0.5 0.5 0.5 0.5 0.5 0.5 0.5 0.5 0.5 0.5 0.5 0.5 0.5 0.5 0.5 0.768525 0.5 0.993307 0.993307 0.354344 0.00669285 0.00669285 0.197816 0.00669285 0.00669285 0.00669285 0.00669285 0.00669285 0.00669285 0.00669285 0.00669285 0.00669285 0.00669285 0.00669285 0.00669285 0.00669285 0.00669285 0.00669285 0.00669285 0.689974 0.00669285 0.00669285 0.00669285 0.00669285 0.00669285 0.00669285 0.00669285 0.0218813 0.00669285 0.00669285 0.00669285 0.00669285 0.00669285 0.00669285 0.00669285 0.00669285 0.00669285 0.00669285 0.960834 0.00995181 0.00669285 0.00669285 0.00669285 0.00669285 0.00669285 0.00669285 0.00669285 0.00669285 0.00669285 0.00669285 0.00669285 0.00669285 0.00669285 0.00669285 0.00669285 0.00669285 0.00669285 0.00669285 0.00669285 0.00669285 0.00669285 0.00669285 0.00669285 0.0691384 0.993307 0.993307 0.993307 0.993307 0.993307 0.993307 0.401312 0.197816 0.00669285 0.00669285 0.00669285 0.967705 0.993307 0.401312 0.197816 0.119203 0.026597 0.00669285 0.00669285 0.00669285 0.00669285 0.00669285 0.00669285 0.00669285 0.00669285 0.00669285 0.00669285 0.00816257 0.689974 0.967705 0.978119 0.985226 0.450166 0.993307 0.5 0.5 0.5 0.5 0.5 0.5 0.5 0.5 0.5 0.5 0.5 0.5 0.5 0.5 0.5 0.5 0.5 0.5 0.5 0.5 0.5 0.5 0.5 0.5 0.5 0.5 0.5 0.5 0.5 0.5 0.5 0.5 0.5 0.5 0.5 0.5 0.5 0.5 0.5 0.5 0.5 0.5 0.5 0.5 0.5 0.5 0.5 0.5 0.5 0.5 0.5 0.5 0.5 0.5 0.5 0.5 0.5 0.5 0.5 0.5 0.5 0.5 0.5 0.5 0.5 0.5 0.5 0.5 0.5 0.5 0.5 0.5 0.5 0.5 0.5 0.5 0.5 0.5 0.5 0.5 0.5 0.5 0.5 0.5 0.5 0.5 0.5 0.5 
0.5 0.5 0.5 0.5 0.5 0.5 0.5 0.5 0.5 0.5 0.5 0.5 0.5 0.5 0.5 0.5 0.5 0.5 0.5 0.5 0.5 0.5 0.5 0.5 0.5 0.5 0.5 0.5 0.5 0.5 0.5 0.5 0.5 0.5 0.5 0.5 0.5 0.5 0.5 0.5 0.5 0.5 0.5 0.5 0.5 0.5 0.5 0.5 0.5 0.5 0.5 0.5 0.5 0.5 0.5 0.5 0.5 0.5 0.5 0.5 0.5 0.5 0.5 0.5 0.5 0.5 0.5 0.5 0.5 0.5 0.5 0.5 0.5 0.5 0.5 0.5 0.5 0.5 0.5 0.5 0.5 0.5 0.5 0.5 0.5 0.5 0.5 0.5 0.5 0.5 0.5 0.5 0.5 0.5 0.5 0.5 0.5 0.5 0.5 0.5 0.5 0.5 0.5 0.5 0.5 0.5 0.5 0.5 0.5 0.5 0.991837 0.993307 0.993307 0.993307 0.00669285 0.00669285 0.0218813 0.167982 0.00669285 0.00669285 0.00669285 0.00669285 0.00669285 0.00669285 0.00669285 0.00669285 0.00669285 0.00669285 0.00669285 0.00669285 0.00669285 0.00669285 0.00669285 0.00669286 0.00669285 0.00669285 0.0322955 0.00669285 0.00669285 0.00669285 0.00669285 0.00669285 0.00669285 0.00669285 0.00669285 0.00669285 0.00669285 0.00669285 0.00669285 0.00669285 0.00669285 0.00669285 0.00669285 0.00669285 0.00669285 0.00669285 0.00669285 0.00669285 0.00669285 0.00669285 0.00669285 0.00669285 0.00669285 0.00669285 0.00669285 0.00669285 0.00669285 0.00669285 0.00669285 0.00669285 0.00669285 0.00669285 0.00669285 0.00669285 0.00669285 0.00669285 0.0322955 0.231475 0.0573242 0.993307 0.991837 0.991837 0.991837 0.991837 0.982014 0.0474259 0.00669285 0.00669285 0.00669285 0.993307 0.993307 0.5 0.401312 0.354344 0.0322954 0.00669285 0.00669285 0.00669285 0.00669285 0.00669285 0.00669285 0.00669285 0.00669285 0.00669285 0.0218813 0.00669285 0.993307 0.952574 0.952574 0.978119 0.993307 0.549834 0.973403 0.5 0.5 0.5 0.5 0.5 0.5 0.5 0.5 0.5 0.5 0.5 0.5 0.5 0.5 0.5 0.5 0.5 0.5 0.5 0.5 0.5 0.5 0.5 0.5 0.5 0.5 0.5 0.5 0.5 0.5 0.5 0.5 0.5 0.5 0.5 0.5 0.5 0.5 0.5 0.5 0.5 0.5 0.5 0.5 0.5 0.5 0.5 0.5 0.5 0.5 0.5 0.5 0.5 0.5 0.5 0.5 0.5 0.5 0.5 0.5 0.5 0.5 0.5 0.5 0.5 0.5 0.5 0.5 0.5 0.5 0.5 0.5 0.5 0.5 0.5 0.5 0.5 0.5 0.5 0.5 0.5 0.5 0.5 0.5 0.5 0.5 0.5 
0.5 0.5 0.5 0.5 0.5 0.5 0.5 0.5 0.5 0.5 0.5 0.5 0.5 0.5 0.5 0.5 0.5 0.5 0.5 0.5 0.5 0.5 0.5 0.5 0.5 0.5 0.5 0.5 0.5 0.5 0.5 0.5 0.5 0.5 0.5 0.5 0.5 0.5 0.5 0.5 0.5 0.5 0.5 0.5 0.5 0.5 0.5 0.5 0.5 0.5 0.5 0.5 0.5 0.5 0.5 0.5 0.5 0.5 0.5 0.5 0.5 0.5 0.5 0.5 0.5 0.5 0.5 0.5 0.5 0.5 0.5 0.5 0.5 0.5 0.5 0.5 0.5 0.5 0.5 0.5 0.5 0.5 0.5 0.5 0.5 0.5 0.5 0.5 0.5 0.5 0.5 0.5 0.5 0.5 0.5 0.5 0.5 0.5 0.5 0.5 0.5 0.5 0.5 0.5 0.5 0.5 0.5 0.5 0.5 0.5 0.973403 0.858149 0.310026 0.401312 0.0573242 0.00669285 0.00669285 0.141851 0.00669285 0.00669285 0.00669285 0.00669285 0.942676 0.985226 0.930862 0.00669285 0.00669285 0.00669285 0.00669285 0.00669285 0.00669285 0.00669285 0.00669285 0.00669285 0.00669285 0.00669285 0.0218813 0.00669285 0.00669285 0.00669285 0.00669285 0.00669285 0.00669285 0.00669285 0.00669285 0.00669285 0.00669285 0.0691384 0.00669285 0.00669285 0.00669285 0.00669285 0.00669285 0.00669285 0.00669285 0.00669285 0.00669285 0.00669285 0.00669285 0.00669285 0.00669285 0.00669285 0.00669285 0.00669285 0.00669285 0.00669285 0.00669285 0.00669285 0.00669285 0.00669285 0.00669285 0.00669285 0.00669285 0.00669285 0.00669285 0.00669285 0.00816258 0.401312 0.916827 0.987872 0.993307 0.354344 0.354344 0.268941 0.310026 0.014774 0.00669285 0.00669285 0.802184 0.993307 0.880797 0.993307 0.401312 0.231475 0.0573242 0.00669285 0.00669285 0.00669285 0.00669285 0.00669285 0.00669285 0.00669285 0.00669285 0.00669285 0.00669285 0.00669285 0.985226 0.985226 0.967705 0.987872 0.990048 0.450166 0.645656 0.5 0.5 0.5 0.5 0.5 0.5 0.5 0.5 0.5 0.5 0.5 0.5 0.5 0.5 0.5 0.5 0.5 0.5 0.5 0.5 0.5 0.5 0.5 0.5 0.5 0.5 0.5 0.5 0.5 0.5 0.5 0.5 0.5 0.5 0.5 0.5 0.5 0.5 0.5 0.5 0.5 0.5 0.5 0.5 0.5 0.5 0.5 0.5 0.5 0.5 0.5 0.5 0.5 0.5 0.5 0.5 0.5 0.5 0.5 0.5 0.5 0.5 0.5 0.5 0.5 0.5 0.5 0.5 0.5 0.5 0.5 0.5 0.5 0.5 0.5 0.5 0.5 0.5 0.5 0.5 0.5 0.5 0.5 0.5 0.5 0.5 0.5 
0.5 0.5 0.5 0.5 0.5 0.5 0.5 0.5 0.5 0.5 0.5 0.5 0.5 0.5 0.5 0.5 0.5 0.5 0.5 0.5 0.5 0.5 0.5 0.5 0.5 0.5 0.5 0.5 0.5 0.5 0.5 0.5 0.5 0.5 0.5 0.5 0.5 0.5 0.5 0.5 0.5 0.5 0.5 0.5 0.5 0.5 0.5 0.5 0.5 0.5 0.5 0.5 0.5 0.5 0.5 0.5 0.5 0.5 0.5 0.5 0.5 0.5 0.5 0.5 0.5 0.5 0.5 0.5 0.5 0.5 0.5 0.5 0.5 0.5 0.5 0.5 0.5 0.5 0.5 0.5 0.5 0.5 0.5 0.5 0.5 0.5 0.5 0.5 0.5 0.5 0.5 0.5 0.5 0.5 0.5 0.5 0.5 0.5 0.5 0.5 0.5 0.5 0.5 0.5 0.5 0.5 0.5 0.5 0.5 0.5 0.993307 0.960834 0.993307 0.993307 0.993307 0.00669285 0.00669285 0.119203 0.00669285 0.00669285 0.00669285 0.310026 0.987872 0.00669285 0.00669285 0.00669285 0.00669285 0.00669285 0.00669285 0.00669285 0.00669285 0.00669285 0.00669285 0.197816 0.00669285 0.00669285 0.00669285 0.00669285 0.00669285 0.00669285 0.00669285 0.00669285 0.00669285 0.00669285 0.00669285 0.00669285 0.00669285 0.00669285 0.00669285 0.00669285 0.00669285 0.00669285 0.00669285 0.00669285 0.00669285 0.00669285 0.00669285 0.00669285 0.00669285 0.00669285 0.00669285 0.00669285 0.00669285 0.00669285 0.00669285 0.00669285 0.00669285 0.00669285 0.00669285 0.00669285 0.00669285 0.00669285 0.00669285 0.00669285 0.00669285 0.0391657 0.00669285 0.0831727 0.167982 0.993307 0.993307 0.5 0.5 0.401312 0.952574 0.0121284 0.0218813 0.0218813 0.00669285 0.993307 0.993307 0.993307 0.268941 0.0691384 0.00669285 0.00669285 0.00669285 0.00669285 0.00669285 0.00669285 0.00669285 0.00669285 0.00669285 0.00669285 0.00669285 0.00669285 0.00669285 0.993307 0.982014 0.987872 0.985226 0.731059 0.689974 0.5 0.5 0.5 0.5 0.5 0.5 0.5 0.5 0.5 0.5 0.5 0.5 0.5 0.5 0.5 0.5 0.5 0.5 0.5 0.5 0.5 0.5 0.5 0.5 0.5 0.5 0.5 0.5 0.5 0.5 0.5 0.5 0.5 0.5 0.5 0.5 0.5 0.5 0.5 0.5 0.5 0.5 0.5 0.5 0.5 0.5 0.5 0.5 0.5 0.5 0.5 0.5 0.5 0.5 0.5 0.5 0.5 0.5 0.5 0.5 0.5 0.5 0.5 0.5 0.5 0.5 0.5 0.5 0.5 0.5 0.5 0.5 0.5 0.5 0.5 0.5 0.5 0.5 0.5 0.5 0.5 0.5 0.5 0.5 0.5 0.5 0.5 
0.5 0.5 0.5 0.5 0.5 0.5 0.5 0.5 0.5 0.5 0.5 0.5 0.5 0.5 0.5 0.5 0.5 0.5 0.5 0.5 0.5 0.5 0.5 0.5 0.5 0.5 0.5 0.5 0.5 0.5 0.5 0.5 0.5 0.5 0.5 0.5 0.5 0.5 0.5 0.5 0.5 0.5 0.5 0.5 0.5 0.5 0.5 0.5 0.5 0.5 0.5 0.5 0.5 0.5 0.5 0.5 0.5 0.5 0.5 0.5 0.5 0.5 0.5 0.5 0.5 0.5 0.5 0.5 0.5 0.5 0.5 0.5 0.5 0.5 0.5 0.5 0.5 0.5 0.5 0.5 0.5 0.5 0.5 0.5 0.5 0.5 0.5 0.5 0.5 0.5 0.5 0.5 0.5 0.5 0.5 0.5 0.5 0.5 0.5 0.5 0.5 0.5 0.5 0.5 0.5 0.5 0.5 0.5 0.5 0.5 0.5 0.768525 0.952574 0.993307 0.993307 0.00669285 0.00669285 0.0121284 0.354344 0.00669285 0.00669285 0.00669285 0.00669285 0.00669285 0.00669285 0.00669285 0.00669285 0.00669285 0.00669285 0.00669285 0.00669285 0.00669285 0.00669285 0.00669285 0.0218813 0.00669285 0.00669285 0.00669285 0.00669285 0.00669285 0.00669285 0.00669285 0.0691384 0.00669285 0.00669285 0.00669285 0.00669285 0.00669285 0.00669285 0.00669285 0.00669285 0.00669285 0.00669285 0.00669285 0.00669285 0.00669285 0.00669285 0.00669285 0.00669285 0.00669285 0.00669285 0.00669285 0.00669285 0.00669285 0.00669285 0.00669285 0.00669285 0.00669285 0.00669285 0.00669285 0.00669285 0.00669285 0.00669285 0.00669285 0.00669285 0.00669285 0.00669285 0.0322955 0.450166 0.768525 0.993307 0.5 0.5 0.401312 0.973403 0.014774 0.0121284 0.00669285 0.0218813 0.832018 0.930862 0.987872 0.978119 0.0121284 0.00669285 0.00669285 0.00669285 0.00669285 0.00669285 0.00669285 0.00669285 0.00669285 0.00669285 0.00669285 0.00669285 0.00669285 0.00669285 0.993307 0.967705 0.978119 0.987872 0.802184 0.310026 0.967705 0.5 0.5 0.5 0.5 0.5 0.5 0.5 0.5 0.5 0.5 0.5 0.5 0.5 0.5 0.5 0.5 0.5 0.5 0.5 0.5 0.5 0.5 0.5 0.5 0.5 0.5 0.5 0.5 0.5 0.5 0.5 0.5 0.5 0.5 0.5 0.5 0.5 0.5 0.5 0.5 0.5 0.5 0.5 0.5 0.5 0.5 0.5 0.5 0.5 0.5 0.5 0.5 0.5 0.5 0.5 0.5 0.5 0.5 0.5 0.5 0.5 0.5 0.5 0.5 0.5 0.5 0.5 0.5 0.5 0.5 0.5 0.5 0.5 0.5 0.5 0.5 0.5 0.5 0.5 0.5 0.5 0.5 0.5 0.5 0.5 0.5 
0.5 0.5 0.5 0.5 0.5 0.5 0.5 0.5 0.5 0.5 0.5 0.5 0.5 0.5 0.5 0.5 0.5 0.5 0.5 0.5 0.5 0.5 0.5 0.5 0.5 0.5 0.5 0.5 0.5 0.5 0.5 0.5 0.5 0.5 0.5 0.5 0.5 0.5 0.5 0.5 0.5 0.5 0.5 0.5 0.5 0.5 0.5 0.5 0.5 0.5 0.5 0.5 0.5 0.5 0.5 0.5 0.5 0.5 0.5 0.5 0.5 0.5 0.5 0.5 0.5 0.5 0.5 0.5 0.5 0.5 0.5 0.5 0.5 0.5 0.5 0.5 0.5 0.5 0.5 0.5 0.5 0.5 0.5 0.5 0.5 0.5 0.5 0.5 0.5 0.5 0.5 0.5 0.5 0.5 0.5 0.5 0.5 0.5 0.5 0.5 0.5 0.5 0.5 0.5 0.5 0.5 0.5 0.5 0.5 0.5 0.5 0.916827 0.401312 0.991837 0.993307 0.991837 0.354344 0.00669285 0.00669285 0.00669285 0.00669285 0.00669285 0.00669285 0.00669285 0.00669285 0.00669285 0.00669285 0.00669285 0.00669285 0.00669285 0.00669285 0.00669285 0.00669285 0.00669285 0.00669285 0.00669285 0.00669285 0.00669285 0.00669285 0.00669285 0.00669285 0.00669285 0.00669285 0.00669285 0.00669285 0.00669285 0.00669285 0.00669285 0.00669285 0.00669285 0.00669285 0.00669285 0.00669285 0.00669285 0.00669285 0.00669285 0.00669285 0.00669285 0.00669285 0.00669285 0.00669285 0.00669285 0.00669285 0.00669285 0.00669285 0.00669285 0.00669285 0.00669285 0.00669285 0.00669285 0.00669285 0.00669285 0.00669285 0.00669285 0.00669285 0.00669285 0.450166 0.401312 0.598688 0.689975 0.993307 0.985226 0.942676 0.960834 0.985226 0.141851 0.0573241 0.0474259 0.00669285 0.00669285 0.00669285 0.00669285 0.689975 0.00669285 0.00669285 0.00669285 0.00669285 0.00669285 0.00669285 0.00669285 0.00669285 0.00669285 0.00669285 0.00669285 0.00669285 0.00669285 0.00669285 0.930862 0.268941 0.985226 0.987872 0.916827 0.231475 0.197816 0.5 0.5 0.5 0.5 0.5 0.5 0.5 0.5 0.5 0.5 0.5 0.5 0.5 0.5 0.5 0.5 0.5 0.5 0.5 0.5 0.5 0.5 0.5 0.5 0.5 0.5 0.5 0.5 0.5 0.5 0.5 0.5 0.5 0.5 0.5 0.5 0.5 0.5 0.5 0.5 0.5 0.5 0.5 0.5 0.5 0.5 0.5 0.5 0.5 0.5 0.5 0.5 0.5 0.5 0.5 0.5 0.5 0.5 0.5 0.5 0.5 0.5 0.5 0.5 0.5 0.5 0.5 0.5 0.5 0.5 0.5 0.5 0.5 0.5 0.5 0.5 0.5 0.5 0.5 0.5 0.5 0.5 0.5 0.5 0.5 0.5 
0.5 0.5 0.5 0.5 0.5 0.5 0.5 0.5 0.5 0.5 0.5 0.5 0.5 0.5 0.5 0.5 0.5 0.5 0.5 0.5 0.5 0.5 0.5 0.5 0.5 0.5 0.5 0.5 0.5 0.5 0.5 0.5 0.5 0.5 0.5 0.5 0.5 0.5 0.5 0.5 0.5 0.5 0.5 0.5 0.5 0.5 0.5 0.5 0.5 0.5 0.5 0.5 0.5 0.5 0.5 0.5 0.5 0.5 0.5 0.5 0.5 0.5 0.5 0.5 0.5 0.5 0.5 0.5 0.5 0.5 0.5 0.5 0.5 0.5 0.5 0.5 0.5 0.5 0.5 0.5 0.5 0.5 0.5 0.5 0.5 0.5 0.5 0.5 0.5 0.5 0.5 0.5 0.5 0.5 0.5 0.5 0.5 0.5 0.5 0.5 0.5 0.5 0.5 0.5 0.5 0.5 0.5 0.5 0.5 0.5 0.5 0.993307 0.197816 0.973403 0.960834 0.993307 0.731059 0.00669285 0.00669285 0.00669285 0.00669285 0.00669285 0.00669285 0.00669285 0.00669285 0.00669285 0.00669285 0.00669285 0.00669285 0.00669285 0.00669285 0.00669285 0.00669285 0.00669285 0.00669285 0.00669285 0.00669285 0.00669285 0.00669285 0.310025 0.00669285 0.00669285 0.00669285 0.00669285 0.00669285 0.00669285 0.00669285 0.00669285 0.00669285 0.00669285 0.00669285 0.00669285 0.00669285 0.00669285 0.00669285 0.00669285 0.00669285 0.00669285 0.00669285 0.00669285 0.00669285 0.00669285 0.00669285 0.00669285 0.00669285 0.00669285 0.00669285 0.00669285 0.00669285 0.00669285 0.00669285 0.00669285 0.00669285 0.00669285 0.00669285 0.00669285 0.00669285 0.0179862 0.354344 0.401312 0.993307 0.960834 0.967705 0.978119 0.90025 0.549834 0.858149 0.00669285 0.0179862 0.268941 0.00669285 0.00669285 0.00816258 0.0997504 0.00669285 0.0121284 0.00669285 0.00669285 0.00669285 0.00669285 0.00669285 0.00669285 0.00669285 0.00669285 0.00669285 0.00669285 0.00669285 0.0691384 0.985226 0.985226 0.231475 0.598688 0.768525 0.991837 0.90025 0.5 0.5 0.5 0.5 0.5 0.5 0.5 0.5 0.5 0.5 0.5 0.5 0.5 0.5 0.5 0.5 0.5 0.5 0.5 0.5 0.5 0.5 0.5 0.5 0.5 0.5 0.5 0.5 0.5 0.5 0.5 0.5 0.5 0.5 0.5 0.5 0.5 0.5 0.5 0.5 0.5 0.5 0.5 0.5 0.5 0.5 0.5 0.5 0.5 0.5 0.5 0.5 0.5 0.5 0.5 0.5 0.5 0.5 0.5 0.5 0.5 0.5 0.5 0.5 0.5 0.5 0.5 0.5 0.5 0.5 0.5 0.5 0.5 0.5 0.5 0.5 0.5 0.5 0.5 0.5 0.5 0.5 0.5 0.5 0.5 
0.5 0.5 0.5 0.5 0.5 0.5 0.5 0.5 0.5 0.5 0.5 0.5 0.5 0.5 0.5 0.5 0.5 0.5 0.5 0.5 0.5 0.5 0.5 0.5 0.5 0.5 0.5 0.5 0.5 0.5 0.5 0.5 0.5 0.5 0.5 0.5 0.5 0.5 0.5 0.5 0.5 0.5 0.5 0.5 0.5 0.5 0.5 0.5 0.5 0.5 0.5 0.5 0.5 0.5 0.5 0.5 0.5 0.5 0.5 0.5 0.5 0.5 0.5 0.5 0.5 0.5 0.5 0.5 0.5 0.5 0.5 0.5 0.5 0.5 0.5 0.5 0.5 0.5 0.5 0.5 0.5 0.5 0.5 0.5 0.5 0.5 0.5 0.5 0.5 0.5 0.5 0.5 0.5 0.5 0.5 0.5 0.5 0.5 0.5 0.5 0.5 0.5 0.5 0.5 0.5 0.5 0.5 0.5 0.5 0.5 0.5 0.993307 0.768525 0.916827 0.982014 0.450166 0.0997505 0.00669285 0.00669285 0.00669285 0.00669285 0.00669285 0.00669285 0.00669285 0.00669285 0.00669285 0.00669285 0.00669285 0.00669285 0.00669285 0.00669285 0.00669285 0.00669285 0.00669285 0.00669285 0.00669285 0.00669285 0.00669285 0.00669285 0.00669285 0.00669285 0.00669285 0.00669285 0.00669285 0.00669285 0.00669285 0.00669285 0.00669285 0.00669285 0.00669285 0.00669285 0.00669285 0.00669285 0.00669285 0.00669285 0.00669285 0.00669285 0.00669285 0.00669285 0.00669285 0.00669285 0.00669285 0.00669285 0.00669285 0.00669285 0.00669285 0.00669285 0.00669285 0.00669285 0.00669285 0.00669285 0.00669285 0.00669285 0.00669285 0.00669285 0.00669285 0.00669285 0.401312 0.0099518 0.00669285 0.993307 0.0391657 0.00669286 0.0391657 0.450166 0.0573242 0.00669285 0.00669285 0.00669285 0.00669285 0.354344 0.0179862 0.00669285 0.00669285 0.00669285 0.00669285 0.00669285 0.00669285 0.00669285 0.00669285 0.00669285 0.00669285 0.00669285 0.00669285 0.00669285 0.00669285 0.00669285 0.00669285 0.985226 0.197816 0.268941 0.952574 0.119203 0.985226 0.993307 0.973403 0.5 0.5 0.5 0.5 0.5 0.5 0.5 0.5 0.5 0.5 0.5 0.5 0.5 0.5 0.5 0.5 0.5 0.5 0.5 0.5 0.5 0.5 0.5 0.5 0.5 0.5 0.5 0.5 0.5 0.5 0.5 0.5 0.5 0.5 0.5 0.5 0.5 0.5 0.5 0.5 0.5 0.5 0.5 0.5 0.5 0.5 0.5 0.5 0.5 0.5 0.5 0.5 0.5 0.5 0.5 0.5 0.5 0.5 0.5 0.5 0.5 0.5 0.5 0.5 0.5 0.5 0.5 0.5 0.5 0.5 0.5 0.5 0.5 0.5 0.5 0.5 0.5 0.5 0.5 0.5 0.5 0.5 0.5 0.5 
0.5 0.5 0.5 0.5 0.5 0.5 0.5 0.5 0.5 0.5 0.5 0.5 0.5 0.5 0.5 0.5 0.5 0.5 0.5 0.5 0.5 0.5 0.5 0.5 0.5 0.5 0.5 0.5 0.5 0.5 0.5 0.5 0.5 0.5 0.5 0.5 0.5 0.5 0.5 0.5 0.5 0.5 0.5 0.5 0.5 0.5 0.5 0.5 0.5 0.5 0.5 0.5 0.5 0.5 0.5 0.5 0.5 0.5 0.5 0.5 0.5 0.5 0.5 0.5 0.5 0.5 0.5 0.5 0.5 0.5 0.5 0.5 0.5 0.5 0.5 0.5 0.5 0.5 0.5 0.5 0.5 0.5 0.5 0.5 0.5 0.5 0.5 0.5 0.5 0.5 0.5 0.5 0.5 0.5 0.5 0.5 0.5 0.5 0.5 0.5 0.5 0.5 0.5 0.5 0.5 0.5 0.5 0.5 0.5 0.5 0.5 0.5 0.993307 0.952574 0.942676 0.993307 0.0121284 0.00669285 0.00669285 0.00669285 0.00669285 0.00669285 0.00669285 0.00669285 0.00669285 0.00669285 0.00669285 0.00669285 0.00669285 0.00669285 0.00669285 0.00669285 0.00669285 0.00669285 0.00669285 0.00669285 0.00669285 0.00669285 0.00669285 0.00669285 0.00669285 0.00669285 0.00669285 0.00669285 0.00669285 0.00669285 0.00669285 0.00669285 0.00669285 0.00669285 0.00669285 0.00669285 0.00669285 0.00669285 0.00669285 0.00669285 0.00669285 0.00669285 0.00669285 0.00669285 0.00669285 0.00669285 0.00669285 0.00669285 0.00669285 0.00669285 0.00669285 0.00669285 0.00669285 0.00669285 0.00669285 0.00669285 0.00669285 0.00669285 0.00669285 0.00669285 0.00669285 0.00669285 0.00995181 0.00669285 0.00669285 0.00669285 0.00669285 0.00669285 0.00669285 0.00669285 0.00669285 0.00669285 0.00669285 0.00669285 0.00669285 0.00669285 0.00669285 0.00669285 0.00669285 0.00669285 0.00669285 0.00669285 0.00669285 0.00669285 0.00669285 0.00669285 0.00669285 0.00669285 0.00669285 0.00669285 0.00669285 0.00669285 0.354344 0.990048 0.993307 0.993307 0.993307 0.991837 0.880797 0.5 0.5 0.5 0.5 0.5 0.5 0.5 0.5 0.5 0.5 0.5 0.5 0.5 0.5 0.5 0.5 0.5 0.5 0.5 0.5 0.5 0.5 0.5 0.5 0.5 0.5 0.5 0.5 0.5 0.5 0.5 0.5 0.5 0.5 0.5 0.5 0.5 0.5 0.5 0.5 0.5 0.5 0.5 0.5 0.5 0.5 0.5 0.5 0.5 0.5 0.5 0.5 0.5 0.5 0.5 0.5 0.5 0.5 0.5 0.5 0.5 0.5 0.5 0.5 0.5 0.5 0.5 0.5 0.5 0.5 0.5 0.5 0.5 0.5 0.5 0.5 0.5 0.5 0.5 0.5 0.5 0.5 0.5 0.5 0.5 
0.5 0.5 0.5 0.5 0.5 0.5 0.5 0.5 0.5 0.5 0.5 0.5 0.5 0.5 0.5 0.5 0.5 0.5 0.5 0.5 0.5 0.5 0.5 0.5 0.5 0.5 0.5 0.5 0.5 0.5 0.5 0.5 0.5 0.5 0.5 0.5 0.5 0.5 0.5 0.5 0.5 0.5 0.5 0.5 0.5 0.5 0.5 0.5 0.5 0.5 0.5 0.5 0.5 0.5 0.5 0.5 0.5 0.5 0.5 0.5 0.5 0.5 0.5 0.5 0.5 0.5 0.5 0.5 0.5 0.5 0.5 0.5 0.5 0.5 0.5 0.5 0.5 0.5 0.5 0.5 0.5 0.5 0.5 0.5 0.5 0.5 0.5 0.5 0.5 0.5 0.5 0.5 0.5 0.5 0.5 0.5 0.5 0.5 0.5 0.5 0.5 0.5 0.5 0.5 0.5 0.5 0.5 0.5 0.5 0.5 0.5 0.5 0.993307 0.993307 0.5 0.993307 0.930862 0.00669285 0.00669285 0.00669285 0.00669285 0.00669285 0.00669285 0.00669285 0.00669285 0.00669285 0.00669285 0.00669285 0.00669285 0.00669285 0.00669285 0.00669285 0.00669285 0.00669285 0.00669285 0.00669285 0.00669285 0.00669285 0.00669285 0.00669285 0.00669285 0.00669285 0.00669285 0.00669285 0.00669285 0.00669285 0.00669285 0.00669285 0.00669285 0.00669285 0.00669285 0.00669285 0.00669285 0.00669285 0.00669285 0.00669285 0.00669285 0.00669285 0.00669285 0.00669285 0.00669285 0.00669285 0.00669285 0.00669285 0.00669285 0.00669285 0.00669285 0.00669285 0.00669285 0.00669285 0.00669285 0.00669285 0.00669285 0.00669285 0.00669285 0.00669285 0.00669285 0.00669285 0.00669285 0.00669285 0.00669285 0.00669285 0.00669285 0.00669285 0.00669285 0.00669285 0.00669285 0.00669285 0.00669285 0.00669285 0.00669285 0.00669285 0.00669285 0.00669285 0.00669285 0.00669285 0.00669285 0.00669285 0.00669285 0.00669285 0.00669285 0.00669285 0.00669285 0.00669285 0.00816258 0.141851 0.5 0.993307 0.993307 0.993307 0.987872 0.5 0.978119 0.832018 0.990048 0.450166 0.5 0.5 0.5 0.5 0.5 0.5 0.5 0.5 0.5 0.5 0.5 0.5 0.5 0.5 0.5 0.5 0.5 0.5 0.5 0.5 0.5 0.5 0.5 0.5 0.5 0.5 0.5 0.5 0.5 0.5 0.5 0.5 0.5 0.5 0.5 0.5 0.5 0.5 0.5 0.5 0.5 0.5 0.5 0.5 0.5 0.5 0.5 0.5 0.5 0.5 0.5 0.5 0.5 0.5 0.5 0.5 0.5 0.5 0.5 0.5 0.5 0.5 0.5 0.5 0.5 0.5 0.5 0.5 0.5 0.5 0.5 0.5 0.5 0.5 0.5 0.5 0.5 0.5 0.5 0.5 0.5 0.5 0.5 0.5 
0.5 0.5 0.5 0.5 0.5 0.5 0.5 0.5 0.5 0.5 0.5 0.5 0.5 0.5 0.5 0.5 0.5 0.5 0.5 0.5 0.5 0.5 0.5 0.5 0.5 0.5 0.5 0.5 0.5 0.5 0.5 0.5 0.5 0.5 0.5 0.5 0.5 0.5 0.5 0.5 0.5 0.5 0.5 0.5 0.5 0.5 0.5 0.5 0.5 0.5 0.5 0.5 0.5 0.5 0.5 0.5 0.5 0.5 0.5 0.5 0.5 0.5 0.5 0.5 0.5 0.5 0.5 0.5 0.5 0.5 0.5 0.5 0.5 0.5 0.5 0.5 0.5 0.5 0.5 0.5 0.5 0.5 0.5 0.5 0.5 0.5 0.5 0.5 0.5 0.5 0.5 0.5 0.5 0.5 0.5 0.5 0.5 0.5 0.5 0.5 0.5 0.5 0.5 0.5 0.5 0.5 0.5 0.5 0.5 0.5 0.5 0.5 0.916827 0.993307 0.993307 0.916827 0.993307 0.832018 0.00669285 0.00669285 0.00669285 0.00669285 0.00669285 0.00669285 0.00669285 0.00669285 0.00669285 0.00669285 0.00669285 0.00669285 0.00669285 0.00669285 0.00669285 0.00669285 0.00669285 0.00669285 0.00669285 0.00669285 0.00669285 0.00669285 0.00669285 0.00669285 0.00669285 0.00669285 0.00669285 0.00669285 0.00669285 0.00669285 0.00669285 0.00669285 0.00669285 0.00669285 0.00669285 0.00669285 0.00669285 0.00669285 0.00669285 0.00669285 0.00669285 0.00669285 0.00669285 0.00669285 0.00669285 0.00669285 0.00669285 0.00669285 0.00669285 0.00669285 0.00669285 0.00669285 0.00669285 0.00669285 0.00669285 0.00669285 0.00669285 0.00669285 0.00669285 0.00669285 0.00669285 0.00669285 0.00669285 0.00669285 0.00669285 0.00669285 0.00669285 0.00669285 0.00669285 0.00669285 0.00669285 0.00669285 0.00669285 0.00669285 0.00669285 0.00669285 0.00669285 0.00669285 0.00669285 0.00669285 0.00669285 0.00669285 0.00669285 0.00669285 0.0218813 0.00669285 0.549834 0.993307 0.985226 0.993307 0.00669285 0.167982 0.5 0.167982 0.930862 0.354344 0.973403 0.401312 0.5 0.5 0.5 0.5 0.5 0.5 0.5 0.5 0.5 0.5 0.5 0.5 0.5 0.5 0.5 0.5 0.5 0.5 0.5 0.5 0.5 0.5 0.5 0.5 0.5 0.5 0.5 0.5 0.5 0.5 0.5 0.5 0.5 0.5 0.5 0.5 0.5 0.5 0.5 0.5 0.5 0.5 0.5 0.5 0.5 0.5 0.5 0.5 0.5 0.5 0.5 0.5 0.5 0.5 0.5 0.5 0.5 0.5 0.5 0.5 0.5 0.5 0.5 0.5 0.5 0.5 0.5 0.5 0.5 0.5 0.5 0.5 0.5 0.5 0.5 0.5 0.5 0.5 0.5 0.5 0.5 0.5 0.5 0.5 
0.5 0.5 0.5 0.5 0.5 0.5 0.5 0.5 0.5 0.5 0.5 0.5 0.5 0.5 0.5 0.5 0.5 0.5 0.5 0.5 0.5 0.5 0.5 0.5 0.5 0.5 0.5 0.5 0.5 0.5 0.5 0.5 0.5 0.5 0.5 0.5 0.5 0.5 0.5 0.5 0.5 0.5 0.5 0.5 0.5 0.5 0.5 0.5 0.5 0.5 0.5 0.5 0.5 0.5 0.5 0.5 0.5 0.5 0.5 0.5 0.5 0.5 0.5 0.5 0.5 0.5 0.5 0.5 0.5 0.5 0.5 0.5 0.5 0.5 0.5 0.5 0.5 0.5 0.5 0.5 0.5 0.5 0.5 0.5 0.5 0.5 0.5 0.5 0.5 0.5 0.5 0.5 0.5 0.5 0.5 0.5 0.5 0.5 0.5 0.5 0.5 0.5 0.5 0.5 0.5 0.5 0.5 0.5 0.5 0.5 0.5 0.5 0.5 0.993307 0.993307 0.916827 0.993307 0.197816 0.00669285 0.00669285 0.00669285 0.00669285 0.00669285 0.00669285 0.00669285 0.00669285 0.00669285 0.00669285 0.00669285 0.00669285 0.00669285 0.00669285 0.00669285 0.00669285 0.00669285 0.00669285 0.00669285 0.00669285 0.00669285 0.00669285 0.00669285 0.00669285 0.00669285 0.00669285 0.00669285 0.00669285 0.00669285 0.00669285 0.00669285 0.00669285 0.00669285 0.00669285 0.00669285 0.00669285 0.00669285 0.00669285 0.00669285 0.00669285 0.00669285 0.00669285 0.00669285 0.00669285 0.00669285 0.00669285 0.00669285 0.00669285 0.00669285 0.00669285 0.00669285 0.00669285 0.00669285 0.00669285 0.00669285 0.00669285 0.00669285 0.00669285 0.00669285 0.00669285 0.00669285 0.00669285 0.00669285 0.00669285 0.00669285 0.00669285 0.00669285 0.00669285 0.00669285 0.00669285 0.00669285 0.00669285 0.00669285 0.00669285 0.00669285 0.00669285 0.00669285 0.00669285 0.00669285 0.00669285 0.00669285 0.00669285 0.00669285 0.00669285 0.00669285 0.967705 0.731059 0.880797 0.985226 0.993307 0.231475 0.549834 0.960834 0.598688 0.645656 0.973403 0.5 0.450166 0.450166 0.5 0.5 0.5 0.5 0.5 0.5 0.5 0.5 0.5 0.5 0.5 0.5 0.5 0.5 0.5 0.5 0.5 0.5 0.5 0.5 0.5 0.5 0.5 0.5 0.5 0.5 0.5 0.5 0.5 0.5 0.5 0.5 0.5 0.5 0.5 0.5 0.5 0.5 0.5 0.5 0.5 0.5 0.5 0.5 0.5 0.5 0.5 0.5 0.5 0.5 0.5 0.5 0.5 0.5 0.5 0.5 0.5 0.5 0.5 0.5 0.5 0.5 0.5 0.5 0.5 0.5 0.5 0.5 0.5 0.5 0.5 0.5 0.5 0.5 0.5 0.5 0.5 0.5 0.5 0.5 0.5 0.5 0.5 
0.5 0.5 0.5 0.5 0.5 0.5 0.5 0.5 0.5 0.5 0.5 0.5 0.5 0.5 0.5 0.5 0.5 0.5 0.5 0.5 0.5 0.5 0.5 0.5 0.5 0.5 0.5 0.5 0.5 0.5 0.5 0.5 0.5 0.5 0.5 0.5 0.5 0.5 0.5 0.5 0.5 0.5 0.5 0.5 0.5 0.5 0.5 0.5 0.5 0.5 0.5 0.5 0.5 0.5 0.5 0.5 0.5 0.5 0.5 0.5 0.5 0.5 0.5 0.5 0.5 0.5 0.5 0.5 0.5 0.5 0.5 0.5 0.5 0.5 0.5 0.5 0.5 0.5 0.5 0.5 0.5 0.5 0.5 0.5 0.5 0.5 0.5 0.5 0.5 0.5 0.5 0.5 0.5 0.5 0.5 0.5 0.5 0.5 0.5 0.5 0.5 0.5 0.5 0.5 0.5 0.5 0.5 0.5 0.5 0.5 0.5 0.5 0.5 0.993307 0.993307 0.990048 0.993307 0.00669285 0.00669285 0.00669285 0.00669285 0.00669285 0.00669285 0.00669285 0.00669285 0.00669285 0.00669285 0.00669285 0.00669285 0.00669285 0.00669285 0.00669285 0.00669285 0.00669285 0.00669285 0.00669285 0.00669285 0.00669285 0.00669285 0.00669285 0.00669285 0.00669285 0.00669285 0.00669285 0.00669285 0.00669285 0.00669285 0.00669285 0.00669285 0.00669285 0.00669285 0.00669285 0.00669285 0.00669285 0.00669285 0.00669285 0.00669285 0.00669285 0.00669285 0.00669285 0.00669285 0.00669285 0.00669285 0.00669285 0.00669285 0.00669285 0.00669285 0.00669285 0.00669285 0.00669285 0.00669285 0.00669285 0.00669285 0.00669285 0.00669285 0.00669285 0.00669285 0.00669285 0.00669285 0.00669285 0.00669285 0.00669285 0.00669285 0.00669285 0.00669285 0.00669285 0.00669285 0.00669285 0.00669285 0.00669285 0.00669285 0.00669285 0.00669285 0.00669285 0.00669285 0.00669285 0.00669285 0.00669285 0.00669285 0.00669285 0.00669285 0.00669285 0.00669285 0.00669285 0.00669285 0.973403 0.985226 0.990048 0.952574 0.973403 0.916827 0.5 0.5 0.5 0.5 0.5 0.401312 0.5 0.5 0.5 0.5 0.5 0.5 0.5 0.5 0.5 0.5 0.5 0.5 0.5 0.5 0.5 0.5 0.5 0.5 0.5 0.5 0.5 0.5 0.5 0.5 0.5 0.5 0.5 0.5 0.5 0.5 0.5 0.5 0.5 0.5 0.5 0.5 0.5 0.5 0.5 0.5 0.5 0.5 0.5 0.5 0.5 0.5 0.5 0.5 0.5 0.5 0.5 0.5 0.5 0.5 0.5 0.5 0.5 0.5 0.5 0.5 0.5 0.5 0.5 0.5 0.5 0.5 0.5 0.5 0.5 0.5 0.5 0.5 0.5 0.5 0.5 0.5 0.5 0.5 0.5 0.5 0.5 0.5 0.5 
0.5 0.5 0.5 0.5 0.5 0.5 0.5 0.5 0.5 0.5 0.5 0.5 0.5 0.5 0.5 0.5 0.5 0.5 0.5 0.5 0.5 0.5 0.5 0.5 0.5 0.5 0.5 0.5 0.5 0.5 0.5 0.5 0.5 0.5 0.5 0.5 0.5 0.5 0.5 0.5 0.5 0.5 0.5 0.5 0.5 0.5 0.5 0.5 0.5 0.5 0.5 0.5 0.5 0.5 0.5 0.5 0.5 0.5 0.5 0.5 0.5 0.5 0.5 0.5 0.5 0.5 0.5 0.5 0.5 0.5 0.5 0.5 0.5 0.5 0.5 0.5 0.5 0.5 0.5 0.5 0.5 0.5 0.5 0.5 0.5 0.5 0.5 0.5 0.5 0.5 0.5 0.5 0.5 0.5 0.5 0.5 0.5 0.5 0.5 0.5 0.5 0.5 0.5 0.5 0.5 0.5 0.5 0.5 0.5 0.5 0.5 0.5 0.5 0.5 0.993307 0.993307 0.993307 0.960834 0.00669285 0.00669285 0.00669285 0.00669285 0.00669285 0.00669285 0.00669285 0.00669285 0.00669285 0.00669285 0.00669285 0.00669285 0.00669285 0.00669285 0.00669285 0.00669285 0.00669285 0.00669285 0.00669285 0.00669285 0.00669285 0.00669285 0.00669285 0.00669285 0.00669285 0.00669285 0.00669285 0.00669285 0.00669285 0.00669285 0.00669285 0.00669285 0.00669285 0.00669285 0.00669285 0.00669285 0.00669285 0.00669285 0.00669285 0.00669285 0.00669285 0.00669285 0.00669285 0.00669285 0.00669285 0.00669285 0.00669285 0.00669285 0.00669285 0.00669285 0.00669285 0.00669285 0.00669285 0.00669285 0.00669285 0.00669285 0.00669285 0.00669285 0.00669285 0.00669285 0.00669285 0.00669285 0.00669285 0.00669285 0.00669285 0.00669285 0.00669285 0.00669285 0.00669285 0.00669285 0.00669285 0.00669285 0.00669285 0.00669285 0.00669285 0.00669285 0.00669285 0.00669285 0.00669285 0.00669285 0.00669285 0.00669285 0.00669285 0.00669285 0.00669285 0.00669285 0.00669285 0.401312 0.973403 0.985226 0.991837 0.916827 0.5 0.5 0.5 0.5 0.5 0.5 0.450166 0.450166 0.5 0.5 0.5 0.5 0.5 0.5 0.5 0.5 0.5 0.5 0.5 0.5 0.5 0.5 0.5 0.5 0.5 0.5 0.5 0.5 0.5 0.5 0.5 0.5 0.5 0.5 0.5 0.5 0.5 0.5 0.5 0.5 0.5 0.5 0.5 0.5 0.5 0.5 0.5 0.5 0.5 0.5 0.5 0.5 0.5 0.5 0.5 0.5 0.5 0.5 0.5 0.5 0.5 0.5 0.5 0.5 0.5 0.5 0.5 0.5 0.5 0.5 0.5 0.5 0.5 0.5 0.5 0.5 0.5 0.5 0.5 0.5 0.5 0.5 0.5 0.5 0.5 0.5 0.5 0.5 0.5 0.5 
0.5 0.5 0.5 0.5 0.5 0.5 0.5 0.5 0.5 0.5 0.5 0.5 0.5 0.5 0.5 0.5 0.5 0.5 0.5 0.5 0.5 0.5 0.5 0.5 0.5 0.5 0.5 0.5 0.5 0.5 0.5 0.5 0.5 0.5 0.5 0.5 0.5 0.5 0.5 0.5 0.5 0.5 0.5 0.5 0.5 0.5 0.5 0.5 0.5 0.5 0.5 0.5 0.5 0.5 0.5 0.5 0.5 0.5 0.5 0.5 0.5 0.5 0.5 0.5 0.5 0.5 0.5 0.5 0.5 0.5 0.5 0.5 0.5 0.5 0.5 0.5 0.5 0.5 0.5 0.5 0.5 0.5 0.5 0.5 0.5 0.5 0.5 0.5 0.5 0.5 0.5 0.5 0.5 0.5 0.5 0.5 0.5 0.5 0.5 0.5 0.5 0.5 0.5 0.5 0.5 0.5 0.5 0.5 0.5 0.5 0.5 0.5 0.5 0.5 0.993307 0.993307 0.450166 0.993307 0.00669285 0.00669285 0.00669285 0.00669285 0.00669285 0.00669285 0.00669285 0.00669285 0.00669285 0.00669285 0.00669285 0.00669285 0.00669285 0.00669285 0.00669285 0.00669285 0.00669285 0.00669285 0.00669285 0.00669285 0.00669285 0.00669285 0.00669285 0.00669285 0.00669285 0.00669285 0.00669285 0.00669285 0.00669285 0.00669285 0.00669285 0.00669285 0.00669285 0.00669285 0.00669285 0.00669285 0.00669285 0.00669285 0.00669285 0.00669285 0.00669285 0.00669285 0.00669285 0.00669285 0.00669285 0.00669285 0.00669285 0.00669285 0.00669285 0.00669285 0.00669285 0.00669285 0.00669285 0.00669285 0.00669285 0.00669285 0.00669285 0.00669285 0.00669285 0.00669285 0.00669285 0.00669285 0.00669285 0.00669285 0.00669285 0.00669285 0.00669285 0.00669285 0.00669285 0.00669285 0.00669285 0.00669285 0.00669285 0.00669285 0.00669285 0.00669285 0.00669285 0.00669285 0.00669285 0.00669285 0.00669285 0.00669285 0.00669285 0.00669285 0.00669285 0.00669285 0.00669285 0.450166 0.952574 0.973403 0.978119 0.993307 0.768525 0.5 0.5 0.5 0.5 0.5 0.450166 0.450166 0.5 0.5 0.5 0.5 0.5 0.5 0.5 0.5 0.5 0.5 0.5 0.5 0.5 0.5 0.5 0.5 0.5 0.5 0.5 0.5 0.5 0.5 0.5 0.5 0.5 0.5 0.5 0.5 0.5 0.5 0.5 0.5 0.5 0.5 0.5 0.5 0.5 0.5 0.5 0.5 0.5 0.5 0.5 0.5 0.5 0.5 0.5 0.5 0.5 0.5 0.5 0.5 0.5 0.5 0.5 0.5 0.5 0.5 0.5 0.5 0.5 0.5 0.5 0.5 0.5 0.5 0.5 0.5 0.5 0.5 0.5 0.5 0.5 0.5 0.5 0.5 0.5 0.5 0.5 0.5 0.5 0.5 
0.5 0.5 0.5 0.5 0.5 0.5 0.5 0.5 0.5 0.5 0.5 0.5 0.5 0.5 0.5 0.5 0.5 0.5 0.5 0.5 0.5 0.5 0.5 0.5 0.5 0.5 0.5 0.5 0.5 0.5 0.5 0.5 0.5 0.5 0.5 0.5 0.5 0.5 0.5 0.5 0.5 0.5 0.5 0.5 0.5 0.5 0.5 0.5 0.5 0.5 0.5 0.5 0.5 0.5 0.5 0.5 0.5 0.5 0.5 0.5 0.5 0.5 0.5 0.5 0.5 0.5 0.5 0.5 0.5 0.5 0.5 0.5 0.5 0.5 0.5 0.5 0.5 0.5 0.5 0.5 0.5 0.5 0.5 0.5 0.5 0.5 0.5 0.5 0.5 0.5 0.5 0.5 0.5 0.5 0.5 0.5 0.5 0.5 0.5 0.5 0.5 0.5 0.5 0.5 0.5 0.5 0.5 0.5 0.5 0.5 0.5 0.5 0.5 0.5 0.916827 0.930862 0.993307 0.993307 0.993307 0.00669285 0.00669285 0.00669285 0.00669285 0.00669285 0.00669285 0.00669285 0.00669285 0.00669285 0.00669285 0.00669285 0.00669285 0.00669285 0.00669285 0.00669285 0.00669285 0.00669285 0.00669285 0.00669285 0.00669285 0.00669285 0.00669285 0.00669285 0.00669285 0.00669285 0.00669285 0.00669285 0.00669285 0.00669285 0.00669285 0.00669285 0.00669285 0.00669285 0.00669285 0.00669285 0.00669285 0.00669285 0.00669285 0.00669285 0.00669285 0.00669285 0.00669285 0.00669285 0.00669285 0.00669285 0.00669285 0.00669285 0.00669285 0.00669285 0.00669285 0.00669285 0.00669285 0.00669285 0.00669285 0.00669285 0.00669285 0.00669285 0.00669285 0.00669285 0.00669285 0.00669285 0.00669285 0.00669285 0.00669285 0.00669285 0.00669285 0.00669285 0.00669285 0.00669285 0.00669285 0.00669285 0.00669285 0.00669285 0.00669285 0.00669285 0.00669285 0.00669285 0.00669285 0.00669285 0.00669285 0.00669285 0.00669285 0.00669285 0.00669285 0.00669285 0.00669285 0.0391657 0.832018 0.90025 0.978119 0.993307 0.991837 0.5 0.5 0.5 0.5 0.5 0.5 0.401312 0.5 0.5 0.5 0.5 0.5 0.5 0.5 0.5 0.5 0.5 0.5 0.5 0.5 0.5 0.5 0.5 0.5 0.5 0.5 0.5 0.5 0.5 0.5 0.5 0.5 0.5 0.5 0.5 0.5 0.5 0.5 0.5 0.5 0.5 0.5 0.5 0.5 0.5 0.5 0.5 0.5 0.5 0.5 0.5 0.5 0.5 0.5 0.5 0.5 0.5 0.5 0.5 0.5 0.5 0.5 0.5 0.5 0.5 0.5 0.5 0.5 0.5 0.5 0.5 0.5 0.5 0.5 0.5 0.5 0.5 0.5 0.5 0.5 0.5 0.5 0.5 0.5 0.5 0.5 0.5 0.5 0.5 
0.5 0.5 0.5 0.5 0.5 0.5 0.5 0.5 0.5 0.5 0.5 0.5 0.5 0.5 0.5 0.5 0.5 0.5 0.5 0.5 0.5 0.5 0.5 0.5 0.5 0.5 0.5 0.5 0.5 0.5 0.5 0.5 0.5 0.5 0.5 0.5 0.5 0.5 0.5 0.5 0.5 0.5 0.5 0.5 0.5 0.5 0.5 0.5 0.5 0.5 0.5 0.5 0.5 0.5 0.5 0.5 0.5 0.5 0.5 0.5 0.5 0.5 0.5 0.5 0.5 0.5 0.5 0.5 0.5 0.5 0.5 0.5 0.5 0.5 0.5 0.5 0.5 0.5 0.5 0.5 0.5 0.5 0.5 0.5 0.5 0.5 0.5 0.5 0.5 0.5 0.5 0.5 0.5 0.5 0.5 0.5 0.5 0.5 0.5 0.5 0.5 0.5 0.5 0.5 0.5 0.5 0.5 0.5 0.5 0.5 0.5 0.5 0.5 0.5 0.5 0.993307 0.993307 0.549834 0.993307 0.026597 0.00669285 0.00669285 0.00669285 0.00669285 0.00669285 0.00669285 0.00669285 0.00669285 0.00669285 0.00669285 0.00669285 0.197816 0.00669285 0.00669285 0.00669285 0.00669285 0.00669285 0.00669285 0.00669285 0.00669285 0.00669285 0.00669285 0.00669285 0.00669285 0.00669285 0.00669285 0.00669285 0.00669285 0.00669285 0.00669285 0.00669285 0.00669285 0.00669285 0.00669285 0.00669285 0.00669285 0.00669285 0.00669285 0.00669285 0.00669285 0.00669285 0.00669285 0.00669285 0.00669285 0.00669285 0.00669285 0.00669285 0.00669285 0.00669285 0.00669285 0.00669285 0.00669285 0.00669285 0.00669285 0.00669285 0.00669285 0.00669285 0.00669285 0.00669285 0.00669285 0.00669285 0.00669285 0.00669285 0.00669285 0.00669285 0.00669285 0.00669285 0.00669285 0.00669285 0.00669285 0.00669285 0.00669285 0.00669285 0.00669285 0.00669285 0.00669285 0.00669285 0.00669285 0.00669285 0.00669285 0.00669285 0.00669285 0.0997505 0.00669285 0.00669285 0.00669285 0.973403 0.967705 0.967705 0.991837 0.991837 0.5 0.5 0.5 0.5 0.5 0.5 0.450166 0.450166 0.5 0.5 0.5 0.5 0.5 0.5 0.5 0.5 0.5 0.5 0.5 0.5 0.5 0.5 0.5 0.5 0.5 0.5 0.5 0.5 0.5 0.5 0.5 0.5 0.5 0.5 0.5 0.5 0.5 0.5 0.5 0.5 0.5 0.5 0.5 0.5 0.5 0.5 0.5 0.5 0.5 0.5 0.5 0.5 0.5 0.5 0.5 0.5 0.5 0.5 0.5 0.5 0.5 0.5 0.5 0.5 0.5 0.5 0.5 0.5 0.5 0.5 0.5 0.5 0.5 0.5 0.5 0.5 0.5 0.5 0.5 0.5 0.5 0.5 0.5 0.5 0.5 0.5 0.5 0.5 0.5 
0.5 0.5 0.5 0.5 0.5 0.5 0.5 0.5 0.5 0.5 0.5 0.5 0.5 0.5 0.5 0.5 0.5 0.5 0.5 0.5 0.5 0.5 0.5 0.5 0.5 0.5 0.5 0.5 0.5 0.5 0.5 0.5 0.5 0.5 0.5 0.5 0.5 0.5 0.5 0.5 0.5 0.5 0.5 0.5 0.5 0.5 0.5 0.5 0.5 0.5 0.5 0.5 0.5 0.5 0.5 0.5 0.5 0.5 0.5 0.5 0.5 0.5 0.5 0.5 0.5 0.5 0.5 0.5 0.5 0.5 0.5 0.5 0.5 0.5 0.5 0.5 0.5 0.5 0.5 0.5 0.5 0.5 0.5 0.5 0.5 0.5 0.5 0.5 0.5 0.5 0.5 0.5 0.5 0.5 0.5 0.5 0.5 0.5 0.5 0.5 0.5 0.5 0.5 0.5 0.5 0.5 0.5 0.5 0.5 0.5 0.5 0.5 0.5 0.5 0.5 0.991837 0.952574 0.993307 0.993307 0.354344 0.00669285 0.00669285 0.00669285 0.00669285 0.00669285 0.00669285 0.00669285 0.00669285 0.00669285 0.00669285 0.00669285 0.00669285 0.00669285 0.00669285 0.00669285 0.00669285 0.00669285 0.00669285 0.00669285 0.00669285 0.00669285 0.00669285 0.00669285 0.00669285 0.00669285 0.00669285 0.00669285 0.00669285 0.00669285 0.00669285 0.00669285 0.00669285 0.00669285 0.00669285 0.00669285 0.00669285 0.00669285 0.00669285 0.00669285 0.00669285 0.00669285 0.00669285 0.00669285 0.00669285 0.00669285 0.00669285 0.00669285 0.00669285 0.00669285 0.00669285 0.00669285 0.00669285 0.00669285 0.00669285 0.00669285 0.00669285 0.00669285 0.00669285 0.00669285 0.00669285 0.00669285 0.00669285 0.00669285 0.00669285 0.00669285 0.00669285 0.00669285 0.00669285 0.00669285 0.00669285 0.00669285 0.00669285 0.00669285 0.00669285 0.00669285 0.141851 0.00669285 0.00669285 0.00669285 0.00669285 0.026597 0.268941 0.00669285 0.00669285 0.00669285 0.00669285 0.967705 0.942676 0.982014 0.985226 0.993307 0.5 0.5 0.5 0.5 0.5 0.5 0.5 0.401312 0.5 0.5 0.5 0.5 0.5 0.5 0.5 0.5 0.5 0.5 0.5 0.5 0.5 0.5 0.5 0.5 0.5 0.5 0.5 0.5 0.5 0.5 0.5 0.5 0.5 0.5 0.5 0.5 0.5 0.5 0.5 0.5 0.5 0.5 0.5 0.5 0.5 0.5 0.5 0.5 0.5 0.5 0.5 0.5 0.5 0.5 0.5 0.5 0.5 0.5 0.5 0.5 0.5 0.5 0.5 0.5 0.5 0.5 0.5 0.5 0.5 0.5 0.5 0.5 0.5 0.5 0.5 0.5 0.5 0.5 0.5 0.5 0.5 0.5 0.5 0.5 0.5 0.5 0.5 0.5 0.5 
0.5 0.5 0.5 0.5 0.5 0.5 0.5 0.5 0.5 0.5 0.5 0.5 0.5 0.5 0.5 0.5 0.5 0.5 0.5 0.5 0.5 0.5 0.5 0.5 0.5 0.5 0.5 0.5 0.5 0.5 0.5 0.5 0.5 0.5 0.5 0.5 0.5 0.5 0.5 0.5 0.5 0.5 0.5 0.5 0.5 0.5 0.5 0.5 0.5 0.5 0.5 0.5 0.5 0.5 0.5 0.5 0.5 0.5 0.5 0.5 0.5 0.5 0.5 0.5 0.5 0.5 0.5 0.5 0.5 0.5 0.5 0.5 0.5 0.5 0.5 0.5 0.5 0.5 0.5 0.5 0.5 0.5 0.5 0.5 0.5 0.5 0.5 0.5 0.5 0.5 0.5 0.5 0.5 0.5 0.5 0.5 0.5 0.5 0.5 0.5 0.5 0.5 0.5 0.5 0.5 0.5 0.5 0.5 0.5 0.5 0.5 0.5 0.5 0.5 0.5 0.5 0.930862 0.993307 0.993307 0.993307 0.268941 0.00669285 0.00669285 0.00669285 0.00669285 0.00669285 0.00669285 0.00669285 0.00669285 0.00669285 0.00669285 0.00669285 0.00669285 0.00669285 0.00669285 0.00669285 0.00669285 0.00669285 0.00669285 0.00669285 0.00669285 0.00669285 0.00669285 0.00669285 0.00669285 0.00669285 0.00669285 0.00669285 0.00669285 0.00669285 0.00669285 0.00669285 0.00669285 0.00669285 0.00669285 0.00669285 0.00669285 0.00669285 0.00669285 0.00669285 0.00669285 0.00669285 0.00669285 0.00669285 0.00669285 0.00669285 0.00669285 0.00669285 0.00669285 0.00669285 0.00669285 0.00669285 0.00669285 0.00669285 0.00669285 0.00669285 0.00669285 0.00669285 0.00669285 0.00669285 0.00669285 0.00669285 0.00669285 0.00669285 0.00669285 0.00669285 0.00669285 0.00669285 0.00669285 0.00669285 0.00669285 0.00669285 0.00669285 0.0997505 0.401312 0.0322955 0.00669285 0.00669285 0.00669285 0.00669285 0.0573241 0.026597 0.0218813 0.014774 0.450166 0.00816258 0.141851 0.645656 0.967705 0.973403 0.993307 0.5 0.5 0.5 0.5 0.768525 0.5 0.973403 0.450166 0.450166 0.5 0.5 0.5 0.5 0.5 0.5 0.5 0.5 0.5 0.5 0.5 0.5 0.5 0.5 0.5 0.5 0.5 0.5 0.5 0.5 0.5 0.5 0.5 0.5 0.5 0.5 0.5 0.5 0.5 0.5 0.5 0.5 0.5 0.5 0.5 0.5 0.5 0.5 0.5 0.5 0.5 0.5 0.5 0.5 0.5 0.5 0.5 0.5 0.5 0.5 0.5 0.5 0.5 0.5 0.5 0.5 0.5 0.5 0.5 0.5 0.5 0.5 0.5 0.5 0.5 0.5 0.5 0.5 0.5 0.5 0.5 0.5 0.5 0.5 0.5 0.5 0.5 0.5 0.5 0.5 
0.5 0.5 0.5 0.5 0.5 0.5 0.5 0.5 0.5 0.5 0.5 0.5 0.5 0.5 0.5 0.5 0.5 0.5 0.5 0.5 0.5 0.5 0.5 0.5 0.5 0.5 0.5 0.5 0.5 0.5 0.5 0.5 0.5 0.5 0.5 0.5 0.5 0.5 0.5 0.5 0.5 0.5 0.5 0.5 0.5 0.5 0.5 0.5 0.5 0.5 0.5 0.5 0.5 0.5 0.5 0.5 0.5 0.5 0.5 0.5 0.5 0.5 0.5 0.5 0.5 0.5 0.5 0.5 0.5 0.5 0.5 0.5 0.5 0.5 0.5 0.5 0.5 0.5 0.5 0.5 0.5 0.5 0.5 0.5 0.5 0.5 0.5 0.5 0.5 0.5 0.5 0.5 0.5 0.5 0.5 0.5 0.5 0.5 0.5 0.5 0.5 0.5 0.5 0.5 0.5 0.5 0.5 0.5 0.5 0.5 0.5 0.5 0.5 0.5 0.5 0.5 0.993307 0.880797 0.993307 0.993307 0.689975 0.00669285 0.00669285 0.00669285 0.00669285 0.00669285 0.00669285 0.00669285 0.00669285 0.00669285 0.00669285 0.00669285 0.00669285 0.00669285 0.00669285 0.00669285 0.00669285 0.00669285 0.00669285 0.00669285 0.00669285 0.00669285 0.00669285 0.00669285 0.00669285 0.00669285 0.00669285 0.00669285 0.00669285 0.00669285 0.00669285 0.00669285 0.00669285 0.00669285 0.00669285 0.00669285 0.00669285 0.00669285 0.00669285 0.00669285 0.00669285 0.00669285 0.00669285 0.00669285 0.00669285 0.967705 0.00669285 0.00669285 0.00669285 0.00669285 0.00669285 0.00669285 0.00669285 0.00669285 0.00669285 0.00669285 0.00669285 0.00669285 0.00669285 0.00669285 0.00669285 0.00669285 0.00669285 0.00669285 0.00669285 0.00669285 0.00669285 0.00669285 0.00669285 0.00669285 0.00669285 0.00669285 0.00669285 0.00669285 0.858149 0.645656 0.952574 0.450166 0.00669285 0.00669285 0.00669285 0.00669285 0.00669285 0.00669285 0.00669285 0.268941 0.0997505 0.598688 0.990048 0.978119 0.987872 0.973403 0.5 0.768525 0.450166 0.916827 0.987872 0.993307 0.993307 0.960834 0.5 0.5 0.5 0.5 0.5 0.5 0.5 0.5 0.5 0.5 0.5 0.5 0.5 0.5 0.5 0.5 0.5 0.5 0.5 0.5 0.5 0.5 0.5 0.5 0.5 0.5 0.5 0.5 0.5 0.5 0.5 0.5 0.5 0.5 0.5 0.5 0.5 0.5 0.5 0.5 0.5 0.5 0.5 0.5 0.5 0.5 0.5 0.5 0.5 0.5 0.5 0.5 0.5 0.5 0.5 0.5 0.5 0.5 0.5 0.5 0.5 0.5 0.5 0.5 0.5 0.5 0.5 0.5 0.5 0.5 0.5 0.5 0.5 0.5 0.5 0.5 0.5 0.5 0.5 0.5 
0.5 0.5 0.5 0.5 0.5 0.5 0.5 0.5 0.5 0.5 0.5 0.5 0.5 0.5 0.5 0.5 0.5 0.5 0.5 0.5 0.5 0.5 0.5 0.5 0.5 0.5 0.5 0.5 0.5 0.5 0.5 0.5 0.5 0.5 0.5 0.5 0.5 0.5 0.5 0.5 0.5 0.5 0.5 0.5 0.5 0.5 0.5 0.5 0.5 0.5 0.5 0.5 0.5 0.5 0.5 0.5 0.5 0.5 0.5 0.5 0.5 0.5 0.5 0.5 0.5 0.5 0.5 0.5 0.5 0.5 0.5 0.5 0.5 0.5 0.5 0.5 0.5 0.5 0.5 0.5 0.5 0.5 0.5 0.5 0.5 0.5 0.5 0.5 0.5 0.5 0.5 0.5 0.5 0.5 0.5 0.5 0.5 0.5 0.5 0.5 0.5 0.5 0.5 0.5 0.5 0.5 0.5 0.5 0.5 0.5 0.5 0.5 0.5 0.5 0.5 0.5 0.768525 0.802184 0.993307 0.993307 0.310026 0.119203 0.00669285 0.00669285 0.00669285 0.00669285 0.00669285 0.00669285 0.00669285 0.00669285 0.00669285 0.00669285 0.00669285 0.00669285 0.00669285 0.00669285 0.00669285 0.00669285 0.00669285 0.00669285 0.00669285 0.00669285 0.00669285 0.00669285 0.00669285 0.00669285 0.00669285 0.00669285 0.00669285 0.00669285 0.00669285 0.00669285 0.00669285 0.00669285 0.00669285 0.00669285 0.00669285 0.00669285 0.00669285 0.00669285 0.00669285 0.00669285 0.00669285 0.00669285 0.0831727 0.00669285 0.00669285 0.00669285 0.00669285 0.00669285 0.00669285 0.00669285 0.00669285 0.00669285 0.00669285 0.00669285 0.00669285 0.00669285 0.00669285 0.00669285 0.00669285 0.00669285 0.00669285 0.00669285 0.00669285 0.00669285 0.00669285 0.00669285 0.00669285 0.00669285 0.00669285 0.00669285 0.00669285 0.00669285 0.731059 0.802184 0.00995181 0.00669285 0.00669285 0.00669285 0.0391657 0.00669285 0.00669285 0.00669285 0.00669285 0.00669285 0.00669286 0.0322954 0.985226 0.967705 0.993307 0.993307 0.731059 0.768525 0.993307 0.990048 0.990048 0.993307 0.993307 0.990048 0.967705 0.5 0.5 0.5 0.5 0.5 0.5 0.5 0.5 0.5 0.5 0.5 0.5 0.5 0.5 0.5 0.5 0.5 0.5 0.5 0.5 0.5 0.5 0.5 0.5 0.5 0.5 0.5 0.5 0.5 0.5 0.5 0.5 0.5 0.5 0.5 0.5 0.5 0.5 0.5 0.5 0.5 0.5 0.5 0.5 0.5 0.5 0.5 0.5 0.5 0.5 0.5 0.5 0.5 0.5 0.5 0.5 0.5 0.5 0.5 0.5 0.5 0.5 0.5 0.5 0.5 0.5 0.5 0.5 0.5 0.5 0.5 0.5 0.5 0.5 0.5 0.5 0.5 0.5 0.5 
0.5 0.5 0.5 0.5 0.5 0.5 0.5 0.5 0.5 0.5 0.5 0.5 0.5 0.5 0.5 0.5 0.5 0.5 0.5 0.5 0.5 0.5 0.5 0.5 0.5 0.5 0.5 0.5 0.5 0.5 0.5 0.5 0.5 0.5 0.5 0.5 0.5 0.5 0.5 0.5 0.5 0.5 0.5 0.5 0.5 0.5 0.5 0.5 0.5 0.5 0.5 0.5 0.5 0.5 0.5 0.5 0.5 0.5 0.5 0.5 0.5 0.5 0.5 0.5 0.5 0.5 0.5 0.5 0.5 0.5 0.5 0.5 0.5 0.5 0.5 0.5 0.5 0.5 0.5 0.5 0.5 0.5 0.5 0.5 0.5 0.5 0.5 0.5 0.5 0.5 0.5 0.5 0.5 0.5 0.5 0.5 0.5 0.5 0.5 0.5 0.5 0.5 0.5 0.5 0.5 0.5 0.5 0.5 0.5 0.5 0.5 0.5 0.5 0.5 0.5 0.5 0.5 0.993307 0.802184 0.993307 0.993307 0.0831727 0.00669285 0.00669285 0.00669285 0.00669285 0.00669285 0.00669285 0.00669285 0.00669285 0.00669285 0.00669285 0.00669285 0.00669285 0.00669285 0.00669285 0.00669285 0.00669285 0.00669285 0.00669285 0.00669285 0.00669285 0.00669285 0.00669285 0.00669285 0.00669285 0.00669285 0.00669285 0.00669285 0.00669285 0.00669285 0.00669285 0.00669285 0.00669285 0.00669285 0.00669285 0.00669285 0.00669285 0.00669285 0.00669285 0.00669285 0.00669285 0.00669285 0.00669285 0.00669285 0.00669285 0.00669285 0.00669285 0.00669285 0.00669285 0.00669285 0.00669285 0.00669285 0.00669285 0.00669285 0.00669285 0.00669285 0.00669285 0.00669285 0.00669285 0.00669285 0.00669285 0.00669285 0.00669285 0.00669285 0.00669285 0.00669285 0.00669285 0.00669285 0.00669285 0.00669285 0.00669285 0.00669285 0.00669285 0.0121284 0.942676 0.00669285 0.00669285 0.00669285 0.00669285 0.00669285 0.00669285 0.00669285 0.00669285 0.00669285 0.0218813 0.00669285 0.00669285 0.231475 0.982014 0.991837 0.991837 0.993307 0.991837 0.768525 0.978119 0.967705 0.993307 0.993307 0.987872 0.993307 0.768525 0.5 0.5 0.5 0.5 0.5 0.5 0.5 0.5 0.5 0.5 0.5 0.5 0.5 0.5 0.5 0.5 0.5 0.5 0.5 0.5 0.5 0.5 0.5 0.5 0.5 0.5 0.5 0.5 0.5 0.5 0.5 0.5 0.5 0.5 0.5 0.5 0.5 0.5 0.5 0.5 0.5 0.5 0.5 0.5 0.5 0.5 0.5 0.5 0.5 0.5 0.5 0.5 0.5 0.5 0.5 0.5 0.5 0.5 0.5 0.5 0.5 0.5 0.5 0.5 0.5 0.5 0.5 0.5 0.5 0.5 0.5 0.5 0.5 0.5 0.5 0.5 0.5 0.5 
0.5 0.5 0.5 0.5 0.5 0.5 0.5 0.5 0.5 0.5 0.5 0.5 0.5 0.5 0.5 0.5 0.5 0.5 0.5 0.5 0.5 0.5 0.5 0.5 0.5 0.5 0.5 0.5 0.5 0.5 0.5 0.5 0.5 0.5 0.5 0.5 0.5 0.5 0.5 0.5 0.5 0.5 0.5 0.5 0.5 0.5 0.5 0.5 0.5 0.5 0.5 0.5 0.5 0.5 0.5 0.5 0.5 0.5 0.5 0.5 0.5 0.5 0.5 0.5 0.5 0.5 0.5 0.5 0.5 0.5 0.5 0.5 0.5 0.5 0.5 0.5 0.5 0.5 0.5 0.5 0.5 0.5 0.5 0.5 0.5 0.5 0.5 0.5 0.5 0.5 0.5 0.5 0.5 0.5 0.5 0.5 0.5 0.5 0.5 0.5 0.5 0.5 0.5 0.5 0.5 0.5 0.5 0.5 0.5 0.5 0.5 0.5 0.5 0.5 0.5 0.5 0.5 0.916827 0.450166 0.993307 0.993307 0.0322955 0.0391657 0.00669285 0.00669285 0.00669285 0.00669285 0.00669285 0.00669285 0.00669285 0.00669285 0.00669285 0.00669285 0.00669285 0.00669285 0.00669285 0.00669285 0.00669285 0.00669285 0.00669285 0.00669285 0.00669285 0.00669285 0.00669285 0.00669285 0.00669285 0.00669285 0.00669285 0.00669285 0.00669285 0.00669285 0.00669285 0.00669285 0.00669285 0.00669285 0.00669285 0.00669285 0.00669285 0.00669285 0.00669285 0.00669285 0.00669285 0.00669285 0.0322955 0.00669285 0.00669285 0.00669285 0.00669285 0.00669285 0.00669285 0.00669285 0.00669285 0.00669285 0.00669285 0.00669285 0.00669285 0.00669285 0.00669285 0.00669285 0.00669285 0.00669285 0.00669285 0.00669285 0.00669285 0.00669285 0.00669285 0.00669285 0.00669285 0.00669285 0.00669285 0.00669285 0.00669285 0.00669285 0.00669285 0.00669285 0.549834 0.00669285 0.00669285 0.00669285 0.00669285 0.00669285 0.00816257 0.00669285 0.00669285 0.00669285 0.00669285 0.00669285 0.00669285 0.141851 0.967705 0.952574 0.991837 0.960834 0.985226 0.960834 0.832018 0.00669285 0.802184 0.993307 0.982014 0.993307 0.993307 0.5 0.5 0.5 0.5 0.5 0.5 0.5 0.5 0.5 0.5 0.5 0.5 0.5 0.5 0.5 0.5 0.5 0.5 0.5 0.5 0.5 0.5 0.5 0.5 0.5 0.5 0.5 0.5 0.5 0.5 0.5 0.5 0.5 0.5 0.5 0.5 0.5 0.5 0.5 0.5 0.5 0.5 0.5 0.5 0.5 0.5 0.5 0.5 0.5 0.5 0.5 0.5 0.5 0.5 0.5 0.5 0.5 0.5 0.5 0.5 0.5 0.5 0.5 0.5 0.5 0.5 0.5 0.5 0.5 0.5 0.5 0.5 0.5 0.5 0.5 0.5 0.5 0.5 
0.5 0.5 0.5 0.5 0.5 0.5 0.5 0.5 0.5 0.5 0.5 0.5 0.5 0.5 0.5 0.5 0.5 0.5 0.5 0.5 0.5 0.5 0.5 0.5 0.5 0.5 0.5 0.5 0.5 0.5 0.5 0.5 0.5 0.5 0.5 0.5 0.5 0.5 0.5 0.5 0.5 0.5 0.5 0.5 0.5 0.5 0.5 0.5 0.5 0.5 0.5 0.5 0.5 0.5 0.5 0.5 0.5 0.5 0.5 0.5 0.5 0.5 0.5 0.5 0.5 0.5 0.5 0.5 0.5 0.5 0.5 0.5 0.5 0.5 0.5 0.5 0.5 0.5 0.5 0.5 0.5 0.5 0.5 0.5 0.5 0.5 0.5 0.5 0.5 0.5 0.5 0.5 0.5 0.5 0.5 0.5 0.5 0.5 0.5 0.5 0.5 0.5 0.5 0.5 0.5 0.5 0.5 0.5 0.5 0.5 0.5 0.5 0.5 0.5 0.5 0.5 0.5 0.5 0.982014 0.985226 0.993307 0.990048 0.310026 0.00669285 0.00669285 0.00669285 0.00669285 0.00669285 0.00669285 0.00669285 0.00669285 0.00669285 0.00669285 0.00669285 0.00669285 0.00669285 0.00669285 0.00669285 0.00669285 0.00669285 0.00669285 0.00669285 0.00669285 0.00669285 0.00669285 0.00669285 0.00669285 0.00669285 0.00669285 0.00669285 0.00669285 0.00669285 0.00669285 0.990048 0.00669285 0.00669285 0.00669285 0.00669285 0.00669285 0.00669285 0.00669285 0.00669285 0.00669285 0.00669285 0.00669285 0.00816258 0.00669285 0.00669285 0.00669285 0.00669285 0.00669285 0.00669285 0.00669285 0.00669285 0.00669285 0.00669285 0.00669285 0.00669285 0.00669285 0.00669285 0.00669285 0.00669285 0.00669285 0.00669285 0.00669285 0.00669285 0.00669285 0.00669285 0.00669285 0.00669285 0.00669285 0.00669285 0.00669285 0.00669285 0.00669285 0.450166 0.880797 0.00669285 0.00669285 0.00669285 0.00669285 0.00669285 0.00669285 0.310026 0.00669285 0.00669285 0.00669285 0.00669285 0.0391657 0.90025 0.141851 0.858149 0.982014 0.00669285 0.00669285 0.00669285 0.00669285 0.689975 0.549834 0.991837 0.993307 0.993307 0.5 0.5 0.5 0.5 0.5 0.5 0.5 0.5 0.5 0.5 0.5 0.5 0.5 0.5 0.5 0.5 0.5 0.5 0.5 0.5 0.5 0.5 0.5 0.5 0.5 0.5 0.5 0.5 0.5 0.5 0.5 0.5 0.5 0.5 0.5 0.5 0.5 0.5 0.5 0.5 0.5 0.5 0.5 0.5 0.5 0.5 0.5 0.5 0.5 0.5 0.5 0.5 0.5 0.5 0.5 0.5 0.5 0.5 0.5 0.5 0.5 0.5 0.5 0.5 0.5 0.5 0.5 0.5 0.5 0.5 0.5 0.5 0.5 0.5 0.5 0.5 0.5 0.5 
0.5 0.5 0.5 0.5 0.5 0.5 0.5 0.5 0.5 0.5 0.5 0.5 0.5 0.5 0.5 0.5 0.5 0.5 0.5 0.5 0.5 0.5 0.5 0.5 0.5 0.5 0.5 0.5 0.5 0.5 0.5 0.5 0.5 0.5 0.5 0.5 0.5 0.5 0.5 0.5 0.5 0.5 0.5 0.5 0.5 0.5 0.5 0.5 0.5 0.5 0.5 0.5 0.5 0.5 0.5 0.5 0.5 0.5 0.5 0.5 0.5 0.5 0.5 0.5 0.5 0.5 0.5 0.5 0.5 0.5 0.5 0.5 0.5 0.5 0.5 0.5 0.5 0.5 0.5 0.5 0.5 0.5 0.5 0.5 0.5 0.5 0.5 0.5 0.5 0.5 0.5 0.5 0.5 0.5 0.5 0.5 0.5 0.5 0.5 0.5 0.5 0.5 0.5 0.5 0.5 0.5 0.5 0.5 0.5 0.5 0.5 0.5 0.5 0.5 0.5 0.5 0.5 0.5 0.967705 0.268941 0.993307 0.993307 0.268941 0.00669285 0.00669285 0.00669285 0.00669285 0.00669285 0.00669285 0.00669285 0.00669285 0.00669285 0.00669285 0.00669285 0.00669285 0.00669285 0.00669285 0.00669285 0.00669285 0.00669285 0.00669285 0.00669285 0.00669285 0.00669285 0.00669285 0.00669285 0.00669285 0.00669285 0.00669285 0.00669285 0.00669285 0.00669285 0.00669285 0.00669285 0.00669285 0.00669285 0.00669285 0.00669285 0.00669285 0.00669285 0.00669285 0.00669285 0.00669285 0.00669285 0.00669285 0.00669285 0.00669285 0.00669285 0.00669285 0.00669285 0.00669285 0.00669285 0.00669285 0.00669285 0.00669285 0.00669285 0.00669285 0.00669285 0.00669285 0.00669285 0.00669285 0.00669285 0.00669285 0.00669285 0.00669285 0.00669285 0.00669285 0.00669285 0.00669285 0.00669285 0.00669285 0.00669285 0.00669285 0.00669285 0.00669285 0.802184 0.982014 0.00669285 0.00669285 0.00669285 0.026597 0.310025 0.942676 0.0573242 0.00669285 0.0218813 0.00669285 0.00669285 0.0391657 0.00669285 0.00669285 0.00669285 0.00669285 0.00669285 0.00669285 0.00669285 0.00669285 0.00669285 0.026597 0.987872 0.990048 0.993307 0.5 0.5 0.5 0.5 0.5 0.5 0.5 0.5 0.5 0.5 0.5 0.5 0.5 0.5 0.5 0.5 0.5 0.5 0.5 0.5 0.5 0.5 0.5 0.5 0.5 0.5 0.5 0.5 0.5 0.5 0.5 0.5 0.5 0.5 0.5 0.5 0.5 0.5 0.5 0.5 0.5 0.5 0.5 0.5 0.5 0.5 0.5 0.5 0.5 0.5 0.5 0.5 0.5 0.5 0.5 0.5 0.5 0.5 0.5 0.5 0.5 0.5 0.5 0.5 0.5 0.5 0.5 0.5 0.5 0.5 0.5 0.5 0.5 0.5 0.5 0.5 0.5 0.5 
0.5 0.5 0.5 0.5 0.5 0.5 0.5 0.5 0.5 0.5 0.5 0.5 0.5 0.5 0.5 0.5 0.5 0.5 0.5 0.5 0.5 0.5 0.5 0.5 0.5 0.5 0.5 0.5 0.5 0.5 0.5 0.5 0.5 0.5 0.5 0.5 0.5 0.5 0.5 0.5 0.5 0.5 0.5 0.5 0.5 0.5 0.5 0.5 0.5 0.5 0.5 0.5 0.5 0.5 0.5 0.5 0.5 0.5 0.5 0.5 0.5 0.5 0.5 0.5 0.5 0.5 0.5 0.5 0.5 0.5 0.5 0.5 0.5 0.5 0.5 0.5 0.5 0.5 0.5 0.5 0.5 0.5 0.5 0.5 0.5 0.5 0.5 0.5 0.5 0.5 0.5 0.5 0.5 0.5 0.5 0.5 0.5 0.5 0.5 0.5 0.5 0.5 0.5 0.5 0.5 0.5 0.5 0.5 0.5 0.5 0.5 0.5 0.5 0.5 0.5 0.5 0.5 0.5 0.768525 0.942676 0.993307 0.993307 0.310026 0.0474259 0.00669285 0.00669285 0.00669285 0.00669285 0.00669285 0.00669285 0.00669285 0.00669285 0.00669285 0.00669285 0.00669285 0.00669285 0.00669285 0.00669285 0.00669285 0.00669285 0.00669285 0.00669285 0.00669285 0.00669285 0.00669285 0.00669285 0.00669285 0.00669285 0.00669285 0.00669285 0.00669285 0.00669285 0.0573241 0.00669285 0.00669285 0.00669285 0.00669285 0.00669285 0.00669285 0.00669285 0.00669285 0.00669285 0.00669285 0.00669285 0.00669285 0.00669285 0.00669285 0.00669285 0.00669285 0.00669285 0.00669285 0.00669285 0.00669285 0.00669285 0.00669285 0.00669285 0.00669285 0.00669285 0.00669285 0.00669285 0.00669285 0.00669285 0.00669285 0.00669285 0.00669285 0.00669285 0.00669285 0.00669285 0.00669285 0.00669285 0.00669285 0.00669285 0.00669285 0.00669285 0.167982 0.90025 0.354344 0.0474258 0.00669285 0.167982 0.268941 0.768525 0.141851 0.00669285 0.0391657 0.0573242 0.00669285 0.00669285 0.00669285 0.197816 0.00669285 0.00669285 0.00669285 0.00669285 0.00669285 0.00669285 0.00669285 0.00669285 0.354343 0.960834 0.987872 0.993307 0.993307 0.5 0.5 0.5 0.5 0.5 0.5 0.5 0.5 0.5 0.5 0.5 0.5 0.5 0.5 0.5 0.5 0.5 0.5 0.5 0.5 0.5 0.5 0.5 0.5 0.5 0.5 0.5 0.5 0.5 0.5 0.5 0.5 0.5 0.5 0.5 0.5 0.5 0.5 0.5 0.5 0.5 0.5 0.5 0.5 0.5 0.5 0.5 0.5 0.5 0.5 0.5 0.5 0.5 0.5 0.5 0.5 0.5 0.5 0.5 0.5 0.5 0.5 0.5 0.5 0.5 0.5 0.5 0.5 0.5 0.5 0.5 0.5 0.5 0.5 0.5 0.5 0.5 
0.5 0.5 0.5 0.5 0.5 0.5 0.5 0.5 0.5 0.5 0.5 0.5 0.5 0.5 0.5 0.5 0.5 0.5 0.5 0.5 0.5 0.5 0.5 0.5 0.5 0.5 0.5 0.5 0.5 0.5 0.5 0.5 0.5 0.5 0.5 0.5 0.5 0.5 0.5 0.5 0.5 0.5 0.5 0.5 0.5 0.5 0.5 0.5 0.5 0.5 0.5 0.5 0.5 0.5 0.5 0.5 0.5 0.5 0.5 0.5 0.5 0.5 0.5 0.5 0.5 0.5 0.5 0.5 0.5 0.5 0.5 0.5 0.5 0.5 0.5 0.5 0.5 0.5 0.5 0.5 0.5 0.5 0.5 0.5 0.5 0.5 0.5 0.5 0.5 0.5 0.5 0.5 0.5 0.5 0.5 0.5 0.5 0.5 0.5 0.5 0.5 0.5 0.5 0.5 0.5 0.5 0.5 0.5 0.5 0.5 0.5 0.5 0.5 0.5 0.5 0.5 0.5 0.5 0.5 0.880797 0.310026 0.993307 0.993307 0.5 0.00669285 0.00669285 0.00669285 0.00669285 0.00669285 0.00669285 0.00669285 0.00669285 0.00669285 0.00669285 0.00669285 0.00669285 0.00669285 0.00669285 0.00669285 0.00669285 0.00669285 0.00669285 0.00669285 0.00669285 0.00669285 0.00669285 0.00669285 0.00669285 0.00669285 0.00669285 0.00669285 0.549834 0.00669285 0.00669285 0.00669285 0.00669285 0.00669285 0.00669285 0.00669285 0.00669285 0.00669285 0.00669285 0.00669285 0.00669285 0.00669285 0.00669285 0.00669285 0.00669285 0.00669285 0.00669285 0.00669285 0.00669285 0.00669285 0.00669285 0.00669285 0.00669285 0.00669285 0.00669285 0.00669285 0.00669285 0.00669285 0.00669285 0.00669285 0.00669285 0.00669285 0.00669285 0.00669285 0.00669285 0.00669285 0.00669285 0.00669285 0.00669285 0.00669285 0.00669285 0.00669285 0.645656 0.960834 0.987872 0.987872 0.197816 0.00669285 0.00669285 0.00669285 0.00669285 0.00669285 0.00669285 0.00669285 0.00669285 0.00669285 0.00669285 0.00669285 0.00669285 0.00669285 0.00669285 0.00669285 0.00669285 0.00669285 0.00669285 0.00669285 0.026597 0.982014 0.990048 0.993307 0.5 0.5 0.5 0.5 0.5 0.5 0.5 0.5 0.5 0.5 0.5 0.5 0.5 0.5 0.5 0.5 0.5 0.5 0.5 0.5 0.5 0.5 0.5 0.5 0.5 0.5 0.5 0.5 0.5 0.5 0.5 0.5 0.5 0.5 0.5 0.5 0.5 0.5 0.5 0.5 0.5 0.5 0.5 0.5 0.5 0.5 0.5 0.5 0.5 0.5 0.5 0.5 0.5 0.5 0.5 0.5 0.5 0.5 0.5 0.5 0.5 0.5 0.5 0.5 0.5 0.5 0.5 0.5 0.5 0.5 0.5 0.5 0.5 0.5 0.5 0.5 0.5 
0.5 0.5 0.5 0.5 0.5 0.5 0.5 0.5 0.5 0.5 0.5 0.5 0.5 0.5 0.5 0.5 0.5 0.5 0.5 0.5 0.5 0.5 0.5 0.5 0.5 0.5 0.5 0.5 0.5 0.5 0.5 0.5 0.5 0.5 0.5 0.5 0.5 0.5 0.5 0.5 0.5 0.5 0.5 0.5 0.5 0.5 0.5 0.5 0.5 0.5 0.5 0.5 0.5 0.5 0.5 0.5 0.5 0.5 0.5 0.5 0.5 0.5 0.5 0.5 0.5 0.5 0.5 0.5 0.5 0.5 0.5 0.5 0.5 0.5 0.5 0.5 0.5 0.5 0.5 0.5 0.5 0.5 0.5 0.5 0.5 0.5 0.5 0.5 0.5 0.5 0.5 0.5 0.5 0.5 0.5 0.5 0.5 0.5 0.5 0.5 0.5 0.5 0.5 0.5 0.5 0.5 0.5 0.5 0.5 0.5 0.5 0.5 0.5 0.5 0.5 0.5 0.5 0.5 0.5 0.916827 0.802184 0.993307 0.993307 0.310026 0.014774 0.00669285 0.00669285 0.00669285 0.00669285 0.00669285 0.00669285 0.00669285 0.00669285 0.00669285 0.00669285 0.00669285 0.00669285 0.00669285 0.00669285 0.00669285 0.00669285 0.00669285 0.00669285 0.00669285 0.00669285 0.00669285 0.00669285 0.00669285 0.00669285 0.00669285 0.00669285 0.00669285 0.00669285 0.00669285 0.00669285 0.00669285 0.00669285 0.00669285 0.00669285 0.00669285 0.00669285 0.00669285 0.00669285 0.00669285 0.00669285 0.00669285 0.00669285 0.00669285 0.00669285 0.645656 0.00669285 0.00669285 0.00669285 0.00669285 0.00669285 0.00669285 0.00669285 0.00669285 0.00669285 0.00669285 0.00669285 0.00669285 0.354344 0.00669285 0.00669285 0.00669285 0.00669285 0.00669285 0.00669285 0.00669285 0.00669285 0.00669285 0.00669285 0.00669285 0.00816258 0.0391657 0.0474259 0.00669285 0.00669285 0.00669285 0.00669285 0.0391657 0.00669285 0.00669285 0.00669285 0.00669285 0.00669285 0.00669285 0.00669285 0.00669285 0.00669285 0.00669285 0.00669285 0.00669285 0.00669285 0.00669285 0.00669285 0.00669285 0.0121284 0.0691384 0.982014 0.985226 0.990048 0.991837 0.5 0.5 0.5 0.5 0.5 0.5 0.5 0.5 0.5 0.5 0.5 0.5 0.5 0.5 0.5 0.5 0.5 0.5 0.5 0.5 0.5 0.5 0.5 0.5 0.5 0.5 0.5 0.5 0.5 0.5 0.5 0.5 0.5 0.5 0.5 0.5 0.5 0.5 0.5 0.5 0.5 0.5 0.5 0.5 0.5 0.5 0.5 0.5 0.5 0.5 0.5 0.5 0.5 0.5 0.5 0.5 0.5 0.5 0.5 0.5 0.5 0.5 0.5 0.5 0.5 0.5 0.5 0.5 0.5 0.5 0.5 0.5 0.5 0.5 0.5 0.5 
0.5 0.5 0.5 0.5 0.5 0.5 0.5 0.5 0.5 0.5 0.5 0.5 0.5 0.5 0.5 0.5 0.5 0.5 0.5 0.5 0.5 0.5 0.5 0.5 0.5 0.5 0.5 0.5 0.5 0.5 0.5 0.5 0.5 0.5 0.5 0.5 0.5 0.5 0.5 0.5 0.5 0.5 0.5 0.5 0.5 0.5 0.5 0.5 0.5 0.5 0.5 0.5 0.5 0.5 0.5 0.5 0.5 0.5 0.5 0.5 0.5 0.5 0.5 0.5 0.5 0.5 0.5 0.5 0.5 0.5 0.5 0.5 0.5 0.5 0.5 0.5 0.5 0.5 0.5 0.5 0.5 0.5 0.5 0.5 0.5 0.5 0.5 0.5 0.5 0.5 0.5 0.5 0.5 0.5 0.5 0.5 0.5 0.5 0.5 0.5 0.5 0.5 0.5 0.5 0.5 0.5 0.5 0.5 0.5 0.5 0.5 0.5 0.5 0.5 0.5 0.5 0.5 0.5 0.5 0.5 0.858149 0.5 0.993307 0.978119 0.119203 0.00669285 0.00669285 0.00669285 0.00669285 0.00669285 0.00669285 0.00669285 0.00669285 0.00669285 0.00669285 0.00669285 0.00669285 0.00669285 0.00669285 0.00669285 0.00669285 0.00669285 0.00669285 0.00669285 0.00669285 0.00669285 0.00669285 0.00669285 0.00669285 0.00669285 0.00669285 0.00669285 0.00669285 0.141851 0.00669285 0.00669285 0.00669285 0.00669285 0.00669285 0.00669285 0.00669285 0.00669285 0.00669285 0.00669285 0.00669285 0.00669285 0.00669285 0.00669285 0.00669285 0.00669285 0.00669285 0.00669285 0.00669285 0.00669285 0.00669285 0.00669285 0.00669285 0.00669285 0.00669285 0.00669285 0.00669285 0.00669285 0.00669285 0.00669285 0.00669285 0.00669285 0.00669285 0.00669285 0.00669285 0.00669285 0.00669285 0.00669285 0.00669285 0.00669285 0.0997505 0.00669285 0.00669285 0.00669285 0.00669285 0.00669285 0.00669285 0.00669285 0.00669285 0.00669285 0.00669285 0.00669285 0.00669285 0.00669285 0.00669285 0.00669285 0.00669285 0.00669285 0.00669285 0.00669285 0.00669285 0.00669285 0.00669285 0.00669285 0.00669285 0.00669285 0.450166 0.987872 0.987872 0.990048 0.916827 0.5 0.5 0.5 0.5 0.5 0.5 0.5 0.5 0.5 0.5 0.5 0.5 0.5 0.5 0.5 0.5 0.5 0.5 0.5 0.5 0.5 0.5 0.5 0.5 0.5 0.5 0.5 0.5 0.5 0.5 0.5 0.5 0.5 0.5 0.5 0.5 0.5 0.5 0.5 0.5 0.5 0.5 0.5 0.5 0.5 0.5 0.5 0.5 0.5 0.5 0.5 0.5 0.5 0.5 0.5 0.5 0.5 0.5 0.5 0.5 0.5 0.5 0.5 0.5 0.5 0.5 0.5 0.5 0.5 0.5 0.5 0.5 0.5 0.5 0.5 
0.5 0.5 0.5 0.5 0.5 0.5 0.5 0.5 0.5 0.5 0.5 0.5 0.5 0.5 0.5 0.5 0.5 0.5 0.5 0.5 0.5 0.5 0.5 0.5 0.5 0.5 0.5 0.5 0.5 0.5 0.5 0.5 0.5 0.5 0.5 0.5 0.5 0.5 0.5 0.5 0.5 0.5 0.5 0.5 0.5 0.5 0.5 0.5 0.5 0.5 0.5 0.5 0.5 0.5 0.5 0.5 0.5 0.5 0.5 0.5 0.5 0.5 0.5 0.5 0.5 0.5 0.5 0.5 0.5 0.5 0.5 0.5 0.5 0.5 0.5 0.5 0.5 0.5 0.5 0.5 0.5 0.5 0.5 0.5 0.5 0.5 0.5 0.5 0.5 0.5 0.5 0.5 0.5 0.5 0.5 0.5 0.5 0.5 0.5 0.5 0.5 0.5 0.5 0.5 0.5 0.5 0.5 0.5 0.5 0.5 0.5 0.5 0.5 0.5 0.5 0.5 0.5 0.5 0.5 0.5 0.973403 0.231475 0.993307 0.985226 0.689975 0.401312 0.00669285 0.00669285 0.00669285 0.00669285 0.00669285 0.00669285 0.00669285 0.00669285 0.00669285 0.00669285 0.00669285 0.00669285 0.00669285 0.00669285 0.00669285 0.00669285 0.0322955 0.00669285 0.00669285 0.00669285 0.00669285 0.00669285 0.00669285 0.00669285 0.00669285 0.00669285 0.00669285 0.00669285 0.00669286 0.00669285 0.00669285 0.00669285 0.00669285 0.00669285 0.00669285 0.00669285 0.00669285 0.00669285 0.00669285 0.00669285 0.00669285 0.00669285 0.0997505 0.354343 0.00669285 0.00669285 0.00669285 0.00669285 0.00669285 0.00669285 0.00669285 0.00669285 0.00669285 0.00669285 0.00669285 0.00669285 0.00669285 0.00669285 0.00669285 0.00669285 0.00669285 0.00669285 0.00669285 0.00669285 0.00669285 0.00669285 0.00669285 0.00669285 0.00669285 0.00669285 0.00669285 0.00669285 0.00669285 0.00669285 0.00669285 0.00669285 0.00669285 0.00669285 0.00669285 0.00669285 0.00669285 0.00669285 0.00669285 0.00669285 0.00669285 0.00669285 0.00669285 0.00669285 0.00669285 0.00669285 0.00669285 0.00669285 0.00669285 0.0831727 0.167982 0.942676 0.982014 0.987872 0.973403 0.5 0.5 0.5 0.5 0.5 0.5 0.5 0.5 0.5 0.5 0.5 0.5 0.5 0.5 0.5 0.5 0.5 0.5 0.5 0.5 0.5 0.5 0.5 0.5 0.5 0.5 0.5 0.5 0.5 0.5 0.5 0.5 0.5 0.5 0.5 0.5 0.5 0.5 0.5 0.5 0.5 0.5 0.5 0.5 0.5 0.5 0.5 0.5 0.5 0.5 0.5 0.5 0.5 0.5 0.5 0.5 0.5 0.5 0.5 0.5 0.5 0.5 0.5 0.5 0.5 0.5 0.5 0.5 0.5 0.5 0.5 0.5 0.5 0.5 0.5 
0.5 0.5 0.5 0.5 0.5 0.5 0.5 0.5 0.5 0.5 0.5 0.5 0.5 0.5 0.5 0.5 0.5 0.5 0.5 0.5 0.5 0.5 0.5 0.5 0.5 0.5 0.5 0.5 0.5 0.5 0.5 0.5 0.5 0.5 0.5 0.5 0.5 0.5 0.5 0.5 0.5 0.5 0.5 0.5 0.5 0.5 0.5 0.5 0.5 0.5 0.5 0.5 0.5 0.5 0.5 0.5 0.5 0.5 0.5 0.5 0.5 0.5 0.5 0.5 0.5 0.5 0.5 0.5 0.5 0.5 0.5 0.5 0.5 0.5 0.5 0.5 0.5 0.5 0.5 0.5 0.5 0.5 0.5 0.5 0.5 0.5 0.5 0.5 0.5 0.5 0.5 0.5 0.5 0.5 0.5 0.5 0.5 0.5 0.5 0.5 0.5 0.5 0.5 0.5 0.5 0.5 0.5 0.5 0.5 0.5 0.5 0.5 0.5 0.5 0.5 0.5 0.5 0.5 0.5 0.5 0.5 0.952574 0.993307 0.993307 0.880797 0.00669285 0.00669285 0.00669285 0.00669285 0.00669285 0.00669285 0.00669285 0.00669285 0.00669285 0.00669285 0.00669285 0.00669285 0.00669285 0.00669285 0.00669285 0.90025 0.167982 0.00669285 0.00669285 0.00669285 0.00669285 0.00669285 0.00669285 0.00669285 0.00669285 0.00669285 0.00669285 0.00669285 0.00669285 0.00669285 0.00669285 0.00669285 0.00669285 0.00669285 0.00669285 0.00669285 0.00669285 0.00669285 0.00669285 0.00669285 0.00669285 0.00669285 0.167982 0.00669285 0.00669285 0.00669285 0.00669285 0.00669285 0.00669285 0.00669285 0.00669285 0.00669285 0.00669285 0.00669285 0.00669285 0.00669285 0.00669285 0.00669285 0.00669285 0.00669285 0.00669285 0.00669285 0.00669285 0.00669285 0.00669285 0.00669285 0.00669285 0.00669285 0.00669285 0.00669285 0.00669285 0.00669285 0.00669285 0.00669285 0.00669285 0.00669285 0.00669285 0.00669285 0.00669285 0.00669285 0.00669285 0.00669285 0.00669285 0.00669285 0.00669285 0.00669285 0.00669285 0.00669285 0.00669285 0.00669285 0.00669285 0.00669285 0.00669285 0.00669285 0.0179862 0.026597 0.942676 0.930862 0.982014 0.991837 0.768525 0.5 0.5 0.5 0.5 0.5 0.5 0.5 0.5 0.5 0.5 0.5 0.5 0.5 0.5 0.5 0.5 0.5 0.5 0.5 0.5 0.5 0.5 0.5 0.5 0.5 0.5 0.5 0.5 0.5 0.5 0.5 0.5 0.5 0.5 0.5 0.5 0.5 0.5 0.5 0.5 0.5 0.5 0.5 0.5 0.5 0.5 0.5 0.5 0.5 0.5 0.5 0.5 0.5 0.5 0.5 0.5 0.5 0.5 0.5 0.5 0.5 0.5 0.5 0.5 0.5 0.5 0.5 0.5 0.5 0.5 0.5 0.5 0.5 0.5 
0.5 0.5 0.5 0.5 0.5 0.5 0.5 0.5 0.5 0.5 0.5 0.5 0.5 0.5 0.5 0.5 0.5 0.5 0.5 0.5 0.5 0.5 0.5 0.5 0.5 0.5 0.5 0.5 0.5 0.5 0.5 0.5 0.5 0.5 0.5 0.5 0.5 0.5 0.5 0.5 0.5 0.5 0.5 0.5 0.5 0.5 0.5 0.5 0.5 0.5 0.5 0.5 0.5 0.5 0.5 0.5 0.5 0.5 0.5 0.5 0.5 0.5 0.5 0.5 0.5 0.5 0.5 0.5 0.5 0.5 0.5 0.5 0.5 0.5 0.5 0.5 0.5 0.5 0.5 0.5 0.5 0.5 0.5 0.5 0.5 0.5 0.5 0.5 0.5 0.5 0.5 0.5 0.5 0.5 0.5 0.5 0.5 0.5 0.5 0.5 0.5 0.5 0.5 0.5 0.5 0.5 0.5 0.5 0.5 0.5 0.5 0.5 0.5 0.5 0.5 0.5 0.5 0.5 0.5 0.5 0.5 0.973403 0.231475 0.993307 0.993307 0.549834 0.00669285 0.00669285 0.00669285 0.00669285 0.00669285 0.00669285 0.00669285 0.00669285 0.00669285 0.00669285 0.00669285 0.00669285 0.00669285 0.00669285 0.0121284 0.00669285 0.00669285 0.00669285 0.00669285 0.00669285 0.00669285 0.00669285 0.00669285 0.00669285 0.00669285 0.00669285 0.00669285 0.00669285 0.00669285 0.00669285 0.00669285 0.00669285 0.00669285 0.00669285 0.00669285 0.00669285 0.00669285 0.00669285 0.00669285 0.00669285 0.00669285 0.00669285 0.00669285 0.916827 0.00669285 0.00669285 0.00669285 0.00669285 0.00669285 0.00669285 0.00669285 0.00669285 0.00669285 0.00669285 0.00669285 0.00669285 0.00669285 0.00669285 0.00669285 0.00669285 0.00669285 0.00669285 0.00669285 0.00669285 0.00669285 0.00669285 0.00669285 0.00669285 0.00669285 0.00669285 0.00669285 0.00669285 0.00669285 0.00669285 0.00669285 0.00669285 0.00669285 0.00669285 0.00669285 0.00669285 0.00669285 0.00669285 0.00669285 0.00669285 0.00669285 0.00669285 0.00669285 0.00669285 0.00669285 0.00669285 0.00669285 0.00669285 0.00669285 0.00669285 0.0179862 0.598688 0.960834 0.990048 0.987872 0.991837 0.5 0.5 0.5 0.5 0.5 0.5 0.5 0.5 0.5 0.5 0.5 0.5 0.5 0.5 0.5 0.5 0.5 0.5 0.5 0.5 0.5 0.5 0.5 0.5 0.5 0.5 0.5 0.5 0.5 0.5 0.5 0.5 0.5 0.5 0.5 0.5 0.5 0.5 0.5 0.5 0.5 0.5 0.5 0.5 0.5 0.5 0.5 0.5 0.5 0.5 0.5 0.5 0.5 0.5 0.5 0.5 0.5 0.5 0.5 0.5 0.5 0.5 0.5 0.5 0.5 0.5 0.5 0.5 0.5 0.5 0.5 0.5 0.5 0.5 
0.5 0.5 0.5 0.5 0.5 0.5 0.5 0.5 0.5 0.5 0.5 0.5 0.5 0.5 0.5 0.5 0.5 0.5 0.5 0.5 0.5 0.5 0.5 0.5 0.5 0.5 0.5 0.5 0.5 0.5 0.5 0.5 0.5 0.5 0.5 0.5 0.5 0.5 0.5 0.5 0.5 0.5 0.5 0.5 0.5 0.5 0.5 0.5 0.5 0.5 0.5 0.5 0.5 0.5 0.5 0.5 0.5 0.5 0.5 0.5 0.5 0.5 0.5 0.5 0.5 0.5 0.5 0.5 0.5 0.5 0.5 0.5 0.5 0.5 0.5 0.5 0.5 0.5 0.5 0.5 0.5 0.5 0.5 0.5 0.5 0.5 0.5 0.5 0.5 0.5 0.5 0.5 0.5 0.5 0.5 0.5 0.5 0.5 0.5 0.5 0.5 0.5 0.5 0.5 0.5 0.5 0.5 0.5 0.5 0.5 0.5 0.5 0.5 0.5 0.5 0.5 0.5 0.5 0.5 0.5 0.5 0.5 0.832018 0.993307 0.993307 0.689975 0.00669285 0.00669285 0.00669285 0.00669285 0.00669285 0.00669285 0.00669285 0.00669285 0.00669285 0.00669285 0.00669285 0.00669285 0.00669285 0.00669285 0.00669285 0.00669285 0.00669285 0.00669285 0.00669285 0.00669285 0.00669285 0.00669285 0.00669285 0.00669285 0.00669285 0.00669285 0.00669285 0.00669285 0.00669285 0.00669285 0.00669285 0.00669285 0.00669285 0.00669285 0.00669285 0.00669285 0.00669285 0.00669285 0.00669285 0.00669285 0.00669285 0.00669285 0.00669285 0.00669285 0.00669285 0.00669285 0.00669285 0.00669285 0.00669285 0.00669285 0.00669285 0.00669285 0.00669285 0.00669285 0.00669285 0.00669285 0.00669285 0.00669285 0.00669285 0.00669285 0.00669285 0.00669285 0.00669285 0.00669285 0.00669285 0.00669285 0.00669285 0.00669285 0.00669285 0.00669285 0.00669285 0.00669285 0.00669285 0.00669285 0.00669285 0.00669285 0.00669285 0.00669285 0.00669285 0.00669285 0.00669285 0.00669285 0.00669285 0.00669285 0.00669285 0.00669285 0.00669285 0.00669285 0.00669285 0.00669285 0.00669285 0.00669285 0.00669285 0.00669285 0.119203 0.401312 0.858149 0.978119 0.990048 0.990048 0.5 0.5 0.5 0.5 0.5 0.5 0.5 0.5 0.5 0.5 0.5 0.5 0.5 0.5 0.5 0.5 0.5 0.5 0.5 0.5 0.5 0.5 0.5 0.5 0.5 0.5 0.5 0.5 0.5 0.5 0.5 0.5 0.5 0.5 0.5 0.5 0.5 0.5 0.5 0.5 0.5 0.5 0.5 0.5 0.5 0.5 0.5 0.5 0.5 0.5 0.5 0.5 0.5 0.5 0.5 0.5 0.5 0.5 0.5 0.5 0.5 0.5 0.5 0.5 0.5 0.5 0.5 0.5 0.5 0.5 0.5 0.5 0.5 0.5 
0.5 0.5 0.5 0.5 0.5 0.5 0.5 0.5 0.5 0.5 0.5 0.5 0.5 0.5 0.5 0.5 0.5 0.5 0.5 0.5 0.5 0.5 0.5 0.5 0.5 0.5 0.5 0.5 0.5 0.5 0.5 0.5 0.5 0.5 0.5 0.5 0.5 0.5 0.5 0.5 0.5 0.5 0.5 0.5 0.5 0.5 0.5 0.5 0.5 0.5 0.5 0.5 0.5 0.5 0.5 0.5 0.5 0.5 0.5 0.5 0.5 0.5 0.5 0.5 0.5 0.5 0.5 0.5 0.5 0.5 0.5 0.5 0.5 0.5 0.5 0.5 0.5 0.5 0.5 0.5 0.5 0.5 0.5 0.5 0.5 0.5 0.5 0.5 0.5 0.5 0.5 0.5 0.5 0.5 0.5 0.5 0.5 0.5 0.5 0.5 0.5 0.5 0.5 0.5 0.5 0.5 0.5 0.5 0.5 0.5 0.5 0.5 0.5 0.5 0.5 0.5 0.5 0.5 0.5 0.5 0.5 0.5 0.880797 0.978119 0.993307 0.982014 0.0391657 0.00669285 0.00669285 0.00669285 0.00669285 0.00669285 0.00669285 0.00669285 0.00669285 0.00669285 0.00669285 0.00669285 0.00669285 0.00669285 0.00669285 0.00669285 0.880797 0.00669285 0.00669285 0.00669285 0.00669285 0.00669285 0.00669285 0.00669285 0.00669285 0.00669285 0.00669285 0.00669285 0.00669285 0.00669285 0.00669285 0.00669285 0.00669285 0.00669285 0.00669285 0.00669285 0.00669285 0.00669285 0.00669285 0.00669285 0.00669285 0.00669285 0.00669285 0.00669285 0.00669285 0.00669285 0.00669285 0.00669285 0.00669285 0.00669285 0.00669285 0.00669285 0.00669285 0.00669285 0.00669285 0.00669285 0.00669285 0.00669285 0.00669285 0.00669285 0.00669285 0.00669285 0.00669285 0.00669285 0.00669285 0.00669285 0.00669285 0.00669285 0.00669285 0.00669285 0.00669285 0.00669285 0.00669285 0.00669285 0.00669285 0.00669285 0.00669285 0.00669285 0.00669285 0.00669285 0.00669285 0.00669285 0.00669285 0.00669285 0.00669285 0.00669285 0.00669285 0.00669285 0.00669285 0.00669285 0.00669285 0.00669285 0.00669285 0.00669285 0.00669285 0.00669285 0.401312 0.952574 0.991837 0.993307 0.5 0.5 0.5 0.5 0.5 0.5 0.5 0.5 0.5 0.5 0.5 0.5 0.5 0.5 0.5 0.5 0.5 0.5 0.5 0.5 0.5 0.5 0.5 0.5 0.5 0.5 0.5 0.5 0.5 0.5 0.5 0.5 0.5 0.5 0.5 0.5 0.5 0.5 0.5 0.5 0.5 0.5 0.5 0.5 0.5 0.5 0.5 0.5 0.5 0.5 0.5 0.5 0.5 0.5 0.5 0.5 0.5 0.5 0.5 0.5 0.5 0.5 0.5 0.5 0.5 0.5 0.5 0.5 0.5 0.5 0.5 0.5 0.5 0.5 
0.5 0.5 0.5 0.5 0.5 0.5 0.5 0.5 0.5 0.5 0.5 0.5 0.5 0.5 0.5 0.5 0.5 0.5 0.5 0.5 0.5 0.5 0.5 0.5 0.5 0.5 0.5 0.5 0.5 0.5 0.5 0.5 0.5 0.5 0.5 0.5 0.5 0.5 0.5 0.5 0.5 0.5 0.5 0.5 0.5 0.5 0.5 0.5 0.5 0.5 0.5 0.5 0.5 0.5 0.5 0.5 0.5 0.5 0.5 0.5 0.5 0.5 0.5 0.5 0.5 0.5 0.5 0.5 0.5 0.5 0.5 0.5 0.5 0.5 0.5 0.5 0.5 0.5 0.5 0.5 0.5 0.5 0.5 0.5 0.5 0.5 0.5 0.5 0.5 0.5 0.5 0.5 0.5 0.5 0.5 0.5 0.5 0.5 0.5 0.5 0.5 0.5 0.5 0.5 0.5 0.5 0.5 0.5 0.5 0.5 0.5 0.5 0.5 0.5 0.5 0.5 0.5 0.5 0.5 0.5 0.5 0.5 0.916827 0.598688 0.993307 0.991837 0.00995181 0.00669285 0.00669285 0.00669285 0.00669285 0.00669285 0.00669285 0.00669285 0.00669285 0.00669285 0.00669285 0.00669285 0.00669285 0.00669285 0.00669285 0.00669285 0.00669285 0.00669285 0.00669285 0.00669285 0.00669285 0.00669285 0.00669285 0.00669285 0.00669285 0.00669285 0.00669285 0.00669285 0.00669285 0.00669285 0.00669285 0.00669285 0.00669285 0.00669285 0.00669285 0.00669285 0.00669285 0.00669285 0.00669285 0.00669285 0.00669285 0.00669285 0.00669285 0.00669285 0.00669285 0.00669285 0.00669285 0.00669285 0.00669285 0.00669285 0.00669285 0.00669285 0.00669285 0.00669285 0.00669285 0.00669285 0.00669285 0.00669285 0.00669285 0.00669285 0.00669285 0.00669285 0.00669285 0.00669285 0.00669285 0.00669285 0.00669285 0.00669285 0.00669285 0.00669285 0.00669285 0.00669285 0.00669285 0.00669285 0.00669285 0.00669285 0.00669285 0.00669285 0.00669285 0.00669285 0.00669285 0.00669285 0.00669285 0.00669285 0.00669285 0.00669285 0.00669285 0.00669285 0.00669285 0.00669285 0.00669285 0.00669285 0.00669285 0.00669285 0.00669285 0.00669285 0.689975 0.916827 0.990048 0.991837 0.90025 0.5 0.5 0.5 0.5 0.5 0.5 0.5 0.5 0.5 0.5 0.5 0.5 0.5 0.5 0.5 0.5 0.5 0.5 0.5 0.5 0.5 0.5 0.5 0.5 0.5 0.5 0.5 0.5 0.5 0.5 0.5 0.5 0.5 0.5 0.5 0.5 0.5 0.5 0.5 0.5 0.5 0.5 0.5 0.5 0.5 0.5 0.5 0.5 0.5 0.5 0.5 0.5 0.5 0.5 0.5 0.5 0.5 0.5 0.5 0.5 0.5 0.5 0.5 0.5 0.5 0.5 0.5 0.5 0.5 0.5 0.5 0.5 0.5 
0.5 0.5 0.5 0.5 0.5 0.5 0.5 0.5 0.5 0.5 0.5 0.5 0.5 0.5 0.5 0.5 0.5 0.5 0.5 0.5 0.5 0.5 0.5 0.5 0.5 0.5 0.5 0.5 0.5 0.5 0.5 0.5 0.5 0.5 0.5 0.5 0.5 0.5 0.5 0.5 0.5 0.5 0.5 0.5 0.5 0.5 0.5 0.5 0.5 0.5 0.5 0.5 0.5 0.5 0.5 0.5 0.5 0.5 0.5 0.5 0.5 0.5 0.5 0.5 0.5 0.5 0.5 0.5 0.5 0.5 0.5 0.5 0.5 0.5 0.5 0.5 0.5 0.5 0.5 0.5 0.5 0.5 0.5 0.5 0.5 0.5 0.5 0.5 0.5 0.5 0.5 0.5 0.5 0.5 0.5 0.5 0.5 0.5 0.5 0.5 0.5 0.5 0.5 0.5 0.5 0.5 0.5 0.5 0.5 0.5 0.5 0.5 0.5 0.5 0.5 0.5 0.5 0.5 0.5 0.5 0.5 0.5 0.5 0.880797 0.978119 0.973403 0.731059 0.00669285 0.00669285 0.00669285 0.00669285 0.00669285 0.00669285 0.00669285 0.00669285 0.00669285 0.00669285 0.00669285 0.00669285 0.00669285 0.00669285 0.00669285 0.00669285 0.00669285 0.00669285 0.00669285 0.00669285 0.00669285 0.00669285 0.00669285 0.00669285 0.00669285 0.00669285 0.00669285 0.00669285 0.00669285 0.00669285 0.00669285 0.832018 0.00669285 0.00669285 0.00669285 0.00669285 0.00669285 0.00669285 0.00669285 0.00669285 0.00669285 0.00669285 0.00669285 0.00669285 0.00669285 0.00669285 0.00669285 0.00669285 0.00669285 0.00669285 0.00669285 0.00669285 0.00669285 0.00669285 0.00669285 0.00669285 0.00669285 0.00669285 0.00669285 0.00669285 0.00669285 0.00669285 0.00669285 0.00669285 0.00669285 0.00669285 0.00669285 0.00669285 0.00669285 0.00669285 0.00669285 0.00669285 0.00669285 0.00669285 0.00669285 0.00669285 0.00669285 0.00669285 0.00669285 0.00669285 0.00669285 0.00669285 0.00669285 0.00669285 0.00669285 0.00669285 0.00669285 0.00669285 0.00669285 0.00669285 0.00669285 0.00669285 0.00669285 0.00669285 0.0474259 0.401312 0.768525 0.990048 0.991837 0.991837 0.768525 0.5 0.5 0.5 0.5 0.5 0.5 0.5 0.5 0.5 0.5 0.5 0.5 0.5 0.5 0.5 0.5 0.5 0.5 0.5 0.5 0.5 0.5 0.5 0.5 0.5 0.5 0.5 0.5 0.5 0.5 0.5 0.5 0.5 0.5 0.5 0.5 0.5 0.5 0.5 0.5 0.5 0.5 0.5 0.5 0.5 0.5 0.5 0.5 0.5 0.5 0.5 0.5 0.5 0.5 0.5 0.5 0.5 0.5 0.5 0.5 0.5 0.5 0.5 0.5 0.5 0.5 0.5 0.5 0.5 0.5 0.5 0.5 
0.5 0.5 0.5 0.5 0.5 0.5 0.5 0.5 0.5 0.5 0.5 0.5 0.5 0.5 0.5 0.5 0.5 0.5 0.5 0.5 0.5 0.5 0.5 0.5 0.5 0.5 0.5 0.5 0.5 0.5 0.5 0.5 0.5 0.5 0.5 0.5 0.5 0.5 0.5 0.5 0.5 0.5 0.5 0.5 0.5 0.5 0.5 0.5 0.5 0.5 0.5 0.5 0.5 0.5 0.5 0.5 0.5 0.5 0.5 0.5 0.5 0.5 0.5 0.5 0.5 0.5 0.5 0.5 0.5 0.5 0.5 0.5 0.5 0.5 0.5 0.5 0.5 0.5 0.5 0.5 0.5 0.5 0.5 0.5 0.5 0.5 0.5 0.5 0.5 0.5 0.5 0.5 0.5 0.5 0.5 0.5 0.5 0.5 0.5 0.5 0.5 0.5 0.5 0.5 0.5 0.5 0.5 0.5 0.5 0.5 0.5 0.5 0.5 0.5 0.5 0.5 0.5 0.5 0.5 0.5 0.5 0.5 0.5 0.916827 0.549834 0.993307 0.930862 0.167982 0.00669285 0.00669285 0.00669285 0.00669285 0.00669285 0.00669285 0.00669285 0.00669285 0.00669285 0.00669285 0.00669285 0.00669285 0.00669285 0.00669285 0.00669285 0.00669285 0.00669285 0.00669285 0.00669285 0.00669285 0.00669285 0.00669285 0.00669285 0.00669285 0.00669285 0.00669285 0.00669285 0.00669285 0.00669285 0.0691384 0.197816 0.00669285 0.00669285 0.00669285 0.00669285 0.00669285 0.00669285 0.00669285 0.00669285 0.00669285 0.00669285 0.00669285 0.00669285 0.00669285 0.00669285 0.00669285 0.00669285 0.00669285 0.00669285 0.00669285 0.00669285 0.00669285 0.00669285 0.00669285 0.00669285 0.00669285 0.00669285 0.00669285 0.00669285 0.00669285 0.00669285 0.00669285 0.00669285 0.00669285 0.00669285 0.00669285 0.00669285 0.00669285 0.00669285 0.00669285 0.00669285 0.00669285 0.00669285 0.00669285 0.00669285 0.00669285 0.00669285 0.00669285 0.00669285 0.00669285 0.00669285 0.00669285 0.00669285 0.00669285 0.00669285 0.00669285 0.00669285 0.00669285 0.00669285 0.00669285 0.00669285 0.00669285 0.00669285 0.00669285 0.00669285 0.197816 0.967705 0.991837 0.993307 0.973403 0.5 0.5 0.5 0.5 0.5 0.5 0.5 0.5 0.5 0.5 0.5 0.5 0.5 0.5 0.5 0.5 0.5 0.5 0.5 0.5 0.5 0.5 0.5 0.5 0.5 0.5 0.5 0.5 0.5 0.5 0.5 0.5 0.5 0.5 0.5 0.5 0.5 0.5 0.5 0.5 0.5 0.5 0.5 0.5 0.5 0.5 0.5 0.5 0.5 0.5 0.5 0.5 0.5 0.5 0.5 0.5 0.5 0.5 0.5 0.5 0.5 0.5 0.5 0.5 0.5 0.5 0.5 0.5 0.5 0.5 0.5 0.5 
0.5 0.5 0.5 0.5 0.5 0.5 0.5 0.5 0.5 0.5 0.5 0.5 0.5 0.5 0.5 0.5 0.5 0.5 0.5 0.5 0.5 0.5 0.5 0.5 0.5 0.5 0.5 0.5 0.5 0.5 0.5 0.5 0.5 0.5 0.5 0.5 0.5 0.5 0.5 0.5 0.5 0.5 0.5 0.5 0.5 0.5 0.5 0.5 0.5 0.5 0.5 0.5 0.5 0.5 0.5 0.5 0.5 0.5 0.5 0.5 0.5 0.5 0.5 0.5 0.5 0.5 0.5 0.5 0.5 0.5 0.5 0.5 0.5 0.5 0.5 0.5 0.5 0.5 0.5 0.5 0.5 0.5 0.5 0.5 0.5 0.5 0.5 0.5 0.5 0.5 0.5 0.5 0.5 0.5 0.5 0.5 0.5 0.5 0.5 0.5 0.5 0.5 0.5 0.5 0.5 0.5 0.5 0.5 0.5 0.5 0.5 0.5 0.5 0.5 0.5 0.5 0.5 0.5 0.5 0.5 0.5 0.5 0.5 0.5 0.858149 0.993307 0.993307 0.0997505 0.0691384 0.00669285 0.00669285 0.00669285 0.00669285 0.00669285 0.00669285 0.00669285 0.00669285 0.00669285 0.00669285 0.00669285 0.00669285 0.00669285 0.00669285 0.00669285 0.00669285 0.00669285 0.00669285 0.00669285 0.00669285 0.00669285 0.00669285 0.00669285 0.00669285 0.00669285 0.00669285 0.00669285 0.549834 0.858149 0.880797 0.00669285 0.00669285 0.00669285 0.00669285 0.00669285 0.00669285 0.00669285 0.00669285 0.00669285 0.00669285 0.00669285 0.00669285 0.00669285 0.00669285 0.00669285 0.00669285 0.00669285 0.00669285 0.00669285 0.00669285 0.00669285 0.00669285 0.00669285 0.00669285 0.00669285 0.00669285 0.00669285 0.00669285 0.00669285 0.00669285 0.00669285 0.00669285 0.00669285 0.00669285 0.00669285 0.00669285 0.00669285 0.00669285 0.00669285 0.00669285 0.00669285 0.00669285 0.00669285 0.00669285 0.00669285 0.00669285 0.00669285 0.00669285 0.00669285 0.00669285 0.00669285 0.00669285 0.00669285 0.00669285 0.00669285 0.00669285 0.00669285 0.00669285 0.00669285 0.00669285 0.00669285 0.00669285 0.00669285 0.00669285 0.310026 0.960834 0.985226 0.991837 0.880797 0.5 0.5 0.5 0.5 0.5 0.5 0.5 0.5 0.5 0.5 0.5 0.5 0.5 0.5 0.5 0.5 0.5 0.5 0.5 0.5 0.5 0.5 0.5 0.5 0.5 0.5 0.5 0.5 0.5 0.5 0.5 0.5 0.5 0.5 0.5 0.5 0.5 0.5 0.5 0.5 0.5 0.5 0.5 0.5 0.5 0.5 0.5 0.5 0.5 0.5 0.5 0.5 0.5 0.5 0.5 0.5 0.5 0.5 0.5 0.5 0.5 0.5 0.5 0.5 0.5 0.5 0.5 0.5 0.5 0.5 0.5 0.5 
0.5 0.5 0.5 0.5 0.5 0.5 0.5 0.5 0.5 0.5 0.5 0.5 0.5 0.5 0.5 0.5 0.5 0.5 0.5 0.5 0.5 0.5 0.5 0.5 0.5 0.5 0.5 0.5 0.5 0.5 0.5 0.5 0.5 0.5 0.5 0.5 0.5 0.5 0.5 0.5 0.5 0.5 0.5 0.5 0.5 0.5 0.5 0.5 0.5 0.5 0.5 0.5 0.5 0.5 0.5 0.5 0.5 0.5 0.5 0.5 0.5 0.5 0.5 0.5 0.5 0.5 0.5 0.5 0.5 0.5 0.5 0.5 0.5 0.5 0.5 0.5 0.5 0.5 0.5 0.5 0.5 0.5 0.5 0.5 0.5 0.5 0.5 0.5 0.5 0.5 0.5 0.5 0.5 0.5 0.5 0.5 0.5 0.5 0.5 0.5 0.5 0.5 0.5 0.5 0.5 0.5 0.5 0.5 0.5 0.5 0.5 0.5 0.5 0.5 0.5 0.5 0.5 0.5 0.5 0.5 0.5 0.5 0.5 0.5 0.991837 0.993307 0.942676 0.952574 0.00669285 0.00669285 0.00669285 0.00669285 0.00669285 0.00669285 0.00669285 0.00669285 0.00669285 0.00669285 0.00669285 0.00669285 0.00669285 0.167982 0.00669285 0.00669285 0.00669285 0.00669285 0.00669285 0.00669285 0.00669285 0.00669285 0.00669285 0.00669285 0.00669285 0.00669285 0.00669285 0.731059 0.916827 0.90025 0.880797 0.0391657 0.00669285 0.00669285 0.00669285 0.00669285 0.00669285 0.00669285 0.00669285 0.00669285 0.00669285 0.00669285 0.00669285 0.00669285 0.00669285 0.0691384 0.00669285 0.00669285 0.00669285 0.00669285 0.00669285 0.00669285 0.00669285 0.00669285 0.00669285 0.00669285 0.00669285 0.00669285 0.00669285 0.00669285 0.00669285 0.00669285 0.00669285 0.00669285 0.00669285 0.00669285 0.00669285 0.00669285 0.00669285 0.00669285 0.00669285 0.00669285 0.00669285 0.00669285 0.00669285 0.00669285 0.00669285 0.00669285 0.00669285 0.00669285 0.00669285 0.00669285 0.00669285 0.00669285 0.00669285 0.00669285 0.00669285 0.00669285 0.00669285 0.00669285 0.00669285 0.00669285 0.00669285 0.00669285 0.0121284 0.00669285 0.967705 0.952574 0.987872 0.990048 0.916827 0.5 0.5 0.5 0.5 0.5 0.5 0.5 0.5 0.5 0.5 0.5 0.5 0.5 0.5 0.5 0.5 0.5 0.5 0.5 0.5 0.5 0.5 0.5 0.5 0.5 0.5 0.5 0.5 0.5 0.5 0.5 0.5 0.5 0.5 0.5 0.5 0.5 0.5 0.5 0.5 0.5 0.5 0.5 0.5 0.5 0.5 0.5 0.5 0.5 0.5 0.5 0.5 0.5 0.5 0.5 0.5 0.5 0.5 0.5 0.5 0.5 0.5 0.5 0.5 0.5 0.5 0.5 0.5 0.5 0.5 0.5 
0.5 0.5 0.5 0.5 0.5 0.5 0.5 0.5 0.5 0.5 0.5 0.5 0.5 0.5 0.5 0.5 0.5 0.5 0.5 0.5 0.5 0.5 0.5 0.5 0.5 0.5 0.5 0.5 0.5 0.5 0.5 0.5 0.5 0.5 0.5 0.5 0.5 0.5 0.5 0.5 0.5 0.5 0.5 0.5 0.5 0.5 0.5 0.5 0.5 0.5 0.5 0.5 0.5 0.5 0.5 0.5 0.5 0.5 0.5 0.5 0.5 0.5 0.5 0.5 0.5 0.5 0.5 0.5 0.5 0.5 0.5 0.5 0.5 0.5 0.5 0.5 0.5 0.5 0.5 0.5 0.5 0.5 0.5 0.5 0.5 0.5 0.5 0.5 0.5 0.5 0.5 0.5 0.5 0.5 0.5 0.5 0.5 0.5 0.5 0.5 0.5 0.5 0.5 0.5 0.5 0.5 0.5 0.5 0.5 0.5 0.5 0.5 0.5 0.5 0.5 0.5 0.5 0.5 0.5 0.5 0.5 0.5 0.5 0.5 0.5 0.930862 0.993307 0.990048 0.167982 0.00669285 0.00669285 0.00669285 0.00669285 0.00669285 0.00669285 0.00669285 0.00669285 0.00669285 0.00669285 0.00669285 0.00669285 0.0474259 0.00669285 0.00669285 0.00669285 0.00669285 0.00669285 0.00669285 0.00669285 0.00669285 0.00669285 0.00669285 0.00669285 0.00669285 0.450166 0.993307 0.231475 0.141851 0.768525 0.00669285 0.00669285 0.00669285 0.00669285 0.00669285 0.00669285 0.00669285 0.00669285 0.00669285 0.00669285 0.00669285 0.00669285 0.00669285 0.00669285 0.0121284 0.00669285 0.00669285 0.00669285 0.00669285 0.00669285 0.00669285 0.00669285 0.00669285 0.00669285 0.00669285 0.00669285 0.00669285 0.00669285 0.00669285 0.00669285 0.00669285 0.00669285 0.00669285 0.00669285 0.00669285 0.00669285 0.00669285 0.00669285 0.00669285 0.00669285 0.00669285 0.00669285 0.00669285 0.00669285 0.00669285 0.00669285 0.00669285 0.00669285 0.00669285 0.00669285 0.00669285 0.00669285 0.00669285 0.00669285 0.00669285 0.00669285 0.00669285 0.00669285 0.00669285 0.00669285 0.00669285 0.00669285 0.00669285 0.00995181 0.00816258 0.0691384 0.960834 0.987872 0.990048 0.991837 0.5 0.5 0.5 0.5 0.5 0.5 0.5 0.5 0.5 0.5 0.5 0.5 0.5 0.5 0.5 0.5 0.5 0.5 0.5 0.5 0.5 0.5 0.5 0.5 0.5 0.5 0.5 0.5 0.5 0.5 0.5 0.5 0.5 0.5 0.5 0.5 0.5 0.5 0.5 0.5 0.5 0.5 0.5 0.5 0.5 0.5 0.5 0.5 0.5 0.5 0.5 0.5 0.5 0.5 0.5 0.5 0.5 0.5 0.5 0.5 0.5 0.5 0.5 0.5 0.5 0.5 0.5 0.5 0.5 0.5 0.5 
0.5 0.5 0.5 0.5 0.5 0.5 0.5 0.5 0.5 0.5 0.5 0.5 0.5 0.5 0.5 0.5 0.5 0.5 0.5 0.5 0.5 0.5 0.5 0.5 0.5 0.5 0.5 0.5 0.5 0.5 0.5 0.5 0.5 0.5 0.5 0.5 0.5 0.5 0.5 0.5 0.5 0.5 0.5 0.5 0.5 0.5 0.5 0.5 0.5 0.5 0.5 0.5 0.5 0.5 0.5 0.5 0.5 0.5 0.5 0.5 0.5 0.5 0.5 0.5 0.5 0.5 0.5 0.5 0.5 0.5 0.5 0.5 0.5 0.5 0.5 0.5 0.5 0.5 0.5 0.5 0.5 0.5 0.5 0.5 0.5 0.5 0.5 0.5 0.5 0.5 0.5 0.5 0.5 0.5 0.5 0.5 0.5 0.5 0.5 0.5 0.5 0.5 0.5 0.5 0.5 0.5 0.5 0.5 0.5 0.5 0.5 0.5 0.5 0.5 0.5 0.5 0.5 0.5 0.5 0.5 0.5 0.5 0.5 0.5 0.5 0.993307 0.993307 0.978119 0.802184 0.0218813 0.00669285 0.00669285 0.00669285 0.00669285 0.00669285 0.00669285 0.00669285 0.00669285 0.00669285 0.00669285 0.00669285 0.00816258 0.00669285 0.450166 0.00669286 0.00669285 0.00669285 0.00669285 0.00669285 0.00669285 0.00669285 0.00669285 0.00669285 0.00669285 0.026597 0.00669285 0.802184 0.930862 0.987872 0.0391657 0.00669285 0.00669285 0.00669285 0.00669285 0.00669285 0.00669285 0.00669285 0.00669285 0.00669285 0.00669285 0.00669285 0.00669285 0.00669285 0.00669285 0.014774 0.00669285 0.00669285 0.00669285 0.00669285 0.00669285 0.00669285 0.00669285 0.00669285 0.00669285 0.00669285 0.00669285 0.00669285 0.00669285 0.197816 0.00669285 0.00669285 0.00669285 0.00669285 0.00669285 0.00669285 0.00669285 0.00669285 0.00669285 0.00669285 0.00669285 0.00669285 0.00669285 0.00669285 0.00669285 0.00669285 0.00669285 0.00669285 0.00669285 0.00669285 0.00669285 0.00669285 0.00669285 0.00669285 0.00669285 0.00669285 0.00669285 0.00669285 0.00669285 0.00669285 0.00669285 0.00669285 0.00669285 0.00669285 0.026597 0.0474259 0.960834 0.985226 0.990048 0.990048 0.916827 0.5 0.5 0.5 0.5 0.5 0.5 0.5 0.5 0.5 0.5 0.5 0.5 0.5 0.5 0.5 0.5 0.5 0.5 0.5 0.5 0.5 0.5 0.5 0.5 0.5 0.5 0.5 0.5 0.5 0.5 0.5 0.5 0.5 0.5 0.5 0.5 0.5 0.5 0.5 0.5 0.5 0.5 0.5 0.5 0.5 0.5 0.5 0.5 0.5 0.5 0.5 0.5 0.5 0.5 0.5 0.5 0.5 0.5 0.5 0.5 0.5 0.5 0.5 0.5 0.5 0.5 0.5 0.5 0.5 0.5 
0.5 0.5 0.5 0.5 0.5 0.5 0.5 0.5 0.5 0.5 0.5 0.5 0.5 0.5 0.5 0.5 0.5 0.5 0.5 0.5 0.5 0.5 0.5 0.5 0.5 0.5 0.5 0.5 0.5 0.5 0.5 0.5 0.5 0.5 0.5 0.5 0.5 0.5 0.5 0.5 0.5 0.5 0.5 0.5 0.5 0.5 0.5 0.5 0.5 0.5 0.5 0.5 0.5 0.5 0.5 0.5 0.5 0.5 0.5 0.5 0.5 0.5 0.5 0.5 0.5 0.5 0.5 0.5 0.5 0.5 0.5 0.5 0.5 0.5 0.5 0.5 0.5 0.5 0.5 0.5 0.5 0.5 0.5 0.5 0.5 0.5 0.5 0.5 0.5 0.5 0.5 0.5 0.5 0.5 0.5 0.5 0.5 0.5 0.5 0.5 0.5 0.5 0.5 0.5 0.5 0.5 0.5 0.5 0.5 0.5 0.5 0.5 0.5 0.5 0.5 0.5 0.5 0.5 0.5 0.5 0.5 0.5 0.5 0.5 0.5 0.916827 0.993307 0.993307 0.973403 0.450166 0.00669285 0.00669285 0.00669285 0.00669285 0.00669285 0.00669285 0.00669285 0.00669285 0.00669285 0.00669285 0.00669285 0.00669285 0.00669285 0.0218813 0.0179862 0.00669285 0.00669285 0.00669285 0.00669285 0.00669285 0.00669285 0.00669285 0.00669285 0.00669285 0.00669285 0.00669285 0.00669285 0.993307 0.00669285 0.00669285 0.00669285 0.00669285 0.00669285 0.00669285 0.00669285 0.00669285 0.00669285 0.00669285 0.00669285 0.00669285 0.00669285 0.00669285 0.00669285 0.00669285 0.00669285 0.00669285 0.00669285 0.00669285 0.00669285 0.00669285 0.00669285 0.00669285 0.00669285 0.00669285 0.00669285 0.00669285 0.00669285 0.00669285 0.00669285 0.00669285 0.00669285 0.00669285 0.00669285 0.00669285 0.00669285 0.00669285 0.00669285 0.00669285 0.00669285 0.00669285 0.00669285 0.00669285 0.00669285 0.00669285 0.00669285 0.00669285 0.00669285 0.00669285 0.00669285 0.00669285 0.00669285 0.00669285 0.00669285 0.00669285 0.00669285 0.00669285 0.00669285 0.00669285 0.00669285 0.00669285 0.00669285 0.00669285 0.00669285 0.0218813 0.00669285 0.549834 0.967705 0.985226 0.990048 0.993307 0.5 0.5 0.5 0.5 0.5 0.5 0.5 0.5 0.5 0.5 0.5 0.5 0.5 0.5 0.5 0.5 0.5 0.5 0.5 0.5 0.5 0.5 0.5 0.5 0.5 0.5 0.5 0.5 0.5 0.5 0.5 0.5 0.5 0.5 0.5 0.5 0.5 0.5 0.5 0.5 0.5 0.5 0.5 0.5 0.5 0.5 0.5 0.5 0.5 0.5 0.5 0.5 0.5 0.5 0.5 0.5 0.5 0.5 0.5 0.5 0.5 0.5 0.5 0.5 0.5 0.5 0.5 0.5 0.5 0.5 
0.5 0.5 0.5 0.5 0.5 0.5 0.5 0.5 0.5 0.5 0.5 0.5 0.5 0.5 0.5 0.5 0.5 0.5 0.5 0.5 0.5 0.5 0.5 0.5 0.5 0.5 0.5 0.5 0.5 0.5 0.5 0.5 0.5 0.5 0.5 0.5 0.5 0.5 0.5 0.5 0.5 0.5 0.5 0.5 0.5 0.5 0.5 0.5 0.5 0.5 0.5 0.5 0.5 0.5 0.5 0.5 0.5 0.5 0.5 0.5 0.5 0.5 0.5 0.5 0.5 0.5 0.5 0.5 0.5 0.5 0.5 0.5 0.5 0.5 0.5 0.5 0.5 0.5 0.5 0.5 0.5 0.5 0.5 0.5 0.5 0.5 0.5 0.5 0.5 0.5 0.5 0.5 0.5 0.5 0.5 0.5 0.5 0.5 0.5 0.5 0.5 0.5 0.5 0.5 0.5 0.5 0.5 0.5 0.5 0.5 0.5 0.5 0.5 0.5 0.5 0.5 0.5 0.5 0.5 0.5 0.5 0.5 0.5 0.5 0.5 0.5 0.993307 0.993307 0.982014 0.768525 0.0179862 0.00669285 0.00669285 0.0099518 0.00669285 0.00669285 0.00669285 0.00669285 0.00669285 0.00669285 0.00669285 0.00669285 0.00669285 0.00669285 0.00669285 0.00669285 0.00669285 0.00669285 0.00669285 0.00669285 0.00669285 0.00669285 0.00669285 0.00669285 0.00669285 0.00669285 0.00669285 0.00816258 0.00669285 0.00669285 0.00669285 0.00669285 0.00669285 0.00669285 0.00669285 0.00669285 0.00669285 0.00669285 0.00669285 0.00669285 0.00669285 0.268941 0.00669285 0.00669285 0.268941 0.00669285 0.00669285 0.00669285 0.00669285 0.00669285 0.00669285 0.00669285 0.00669285 0.00669285 0.00669285 0.00669285 0.00669285 0.00669285 0.00669285 0.00669285 0.00669285 0.00669285 0.00669285 0.00669285 0.00669285 0.00669285 0.00669285 0.00669285 0.00669285 0.00669285 0.00669285 0.00669285 0.00669285 0.00669285 0.00669285 0.00669285 0.00669285 0.00669285 0.00669285 0.00669285 0.00669285 0.00669285 0.00669285 0.00669285 0.00669285 0.00669285 0.00669285 0.00669285 0.00669285 0.00669285 0.00669285 0.00669285 0.00669285 0.00669285 0.0831727 0.014774 0.689975 0.990048 0.982014 0.990048 0.768525 0.5 0.5 0.5 0.5 0.5 0.5 0.5 0.5 0.5 0.5 0.5 0.5 0.5 0.5 0.5 0.5 0.5 0.5 0.5 0.5 0.5 0.5 0.5 0.5 0.5 0.5 0.5 0.5 0.5 0.5 0.5 0.5 0.5 0.5 0.5 0.5 0.5 0.5 0.5 0.5 0.5 0.5 0.5 0.5 0.5 0.5 0.5 0.5 0.5 0.5 0.5 0.5 0.5 0.5 0.5 0.5 0.5 0.5 0.5 0.5 0.5 0.5 0.5 0.5 0.5 0.5 0.5 0.5 0.5 
0.5 0.5 0.5 0.5 0.5 0.5 0.5 0.5 0.5 0.5 0.5 0.5 0.5 0.5 0.5 0.5 0.5 0.5 0.5 0.5 0.5 0.5 0.5 0.5 0.5 0.5 0.5 0.5 0.5 0.5 0.5 0.5 0.5 0.5 0.5 0.5 0.5 0.5 0.5 0.5 0.5 0.5 0.5 0.5 0.5 0.5 0.5 0.5 0.5 0.5 0.5 0.5 0.5 0.5 0.5 0.5 0.5 0.5 0.5 0.5 0.5 0.5 0.5 0.5 0.5 0.5 0.5 0.5 0.5 0.5 0.5 0.5 0.5 0.5 0.5 0.5 0.5 0.5 0.5 0.5 0.5 0.5 0.5 0.5 0.5 0.5 0.5 0.5 0.5 0.5 0.5 0.5 0.5 0.5 0.5 0.5 0.5 0.5 0.5 0.5 0.5 0.5 0.5 0.5 0.5 0.5 0.5 0.5 0.5 0.5 0.5 0.5 0.5 0.5 0.5 0.5 0.5 0.5 0.5 0.5 0.5 0.5 0.5 0.5 0.5 0.5 0.90025 0.993307 0.967705 0.987872 0.598688 0.00669285 0.00669285 0.00669285 0.00669285 0.00669285 0.00669285 0.00669285 0.00669285 0.00669285 0.00669285 0.00669285 0.00669285 0.00669285 0.00669285 0.00669285 0.00669285 0.00669285 0.00669285 0.00669285 0.00669285 0.00669285 0.00669285 0.00669285 0.00669285 0.00669285 0.00669285 0.00669285 0.00669285 0.00669285 0.00669285 0.00669285 0.00669285 0.00669285 0.00669285 0.00669285 0.00669285 0.00669285 0.00669285 0.00669285 0.00669285 0.00669285 0.00669285 0.00669285 0.00995181 0.00669285 0.00669285 0.00669285 0.00669285 0.00669285 0.00669285 0.00669285 0.00669285 0.00669285 0.00669285 0.00669285 0.00669285 0.00669285 0.00669285 0.00669285 0.00669285 0.00669285 0.00669285 0.00669285 0.00669285 0.00669285 0.00669285 0.00669285 0.00669285 0.00669285 0.00669285 0.00669285 0.00669285 0.00669285 0.00669285 0.00669285 0.00669285 0.00669285 0.00669285 0.00669285 0.00669285 0.00669285 0.00669285 0.00669285 0.00669285 0.00669285 0.00669285 0.00669285 0.00669285 0.00669285 0.00669285 0.00669285 0.00669285 0.00669285 0.026597 0.0179862 0.401312 0.978119 0.990048 0.991837 0.990048 0.5 0.5 0.5 0.5 0.5 0.5 0.5 0.5 0.5 0.5 0.5 0.5 0.5 0.5 0.5 0.5 0.5 0.5 0.5 0.5 0.5 0.5 0.5 0.5 0.5 0.5 0.5 0.5 0.5 0.5 0.5 0.5 0.5 0.5 0.5 0.5 0.5 0.5 0.5 0.5 0.5 0.5 0.5 0.5 0.5 0.5 0.5 0.5 0.5 0.5 0.5 0.5 0.5 0.5 0.5 0.5 0.450166 0.450166 0.768525 0.5 0.5 0.5 0.5 0.5 0.5 0.5 0.450166 0.450166 0.450166 
0.5 0.5 0.5 0.5 0.5 0.5 0.5 0.5 0.5 0.5 0.5 0.5 0.5 0.5 0.5 0.5 0.5 0.5 0.5 0.5 0.5 0.5 0.5 0.5 0.5 0.5 0.5 0.5 0.5 0.5 0.5 0.5 0.5 0.5 0.5 0.5 0.5 0.5 0.5 0.5 0.5 0.5 0.5 0.5 0.5 0.5 0.5 0.5 0.5 0.5 0.5 0.5 0.5 0.5 0.5 0.5 0.5 0.5 0.5 0.5 0.5 0.5 0.5 0.5 0.5 0.5 0.5 0.5 0.5 0.5 0.5 0.5 0.5 0.5 0.5 0.5 0.5 0.5 0.5 0.5 0.5 0.5 0.5 0.5 0.5 0.5 0.5 0.5 0.5 0.5 0.5 0.5 0.5 0.5 0.5 0.5 0.5 0.5 0.5 0.5 0.5 0.5 0.5 0.5 0.5 0.5 0.5 0.5 0.5 0.5 0.5 0.5 0.5 0.5 0.5 0.5 0.5 0.5 0.5 0.5 0.5 0.5 0.5 0.5 0.5 0.5 0.768525 0.993307 0.993307 0.993307 0.00669285 0.731059 0.00669285 0.00669285 0.00669285 0.00669285 0.00669285 0.00669285 0.00669285 0.00669285 0.00669285 0.00669285 0.00669285 0.00669285 0.00669285 0.00669285 0.00669285 0.00669285 0.00669285 0.00669285 0.00669285 0.00669285 0.00669285 0.00669285 0.00669285 0.00669285 0.00669285 0.00669285 0.00669285 0.00669285 0.00669285 0.00669285 0.00669285 0.00669285 0.00669285 0.00669285 0.00669285 0.00669285 0.00669285 0.00669285 0.00669285 0.00669285 0.00669285 0.00669286 0.197816 0.00669285 0.00669285 0.00669285 0.00669285 0.00669285 0.00669285 0.00669285 0.00669285 0.00669285 0.00669285 0.00669285 0.00669285 0.00669285 0.00669285 0.00669285 0.00669285 0.00669285 0.00669285 0.00669285 0.00669285 0.00669285 0.00669285 0.00669285 0.00669285 0.00669285 0.00669285 0.00669285 0.00816258 0.00669285 0.00669285 0.00669285 0.00669285 0.00669285 0.00669285 0.00669285 0.00669285 0.00669285 0.00669285 0.00669285 0.00669285 0.00669285 0.00669285 0.00669285 0.00669285 0.00669285 0.00669285 0.00669285 0.00669285 0.00669285 0.014774 0.00995181 0.141851 0.930862 0.987872 0.991837 0.993307 0.401312 0.450166 0.5 0.5 0.5 0.5 0.5 0.5 0.5 0.5 0.5 0.5 0.5 0.5 0.5 0.5 0.5 0.5 0.5 0.5 0.5 0.5 0.5 0.5 0.5 0.5 0.5 0.5 0.5 0.5 0.5 0.5 0.5 0.5 0.5 0.5 0.5 0.5 0.5 0.5 0.5 0.5 0.5 0.5 0.5 0.5 0.5 0.5 0.5 0.5 0.450166 0.450166 0.450166 0.450166 0.450166 0.450166 0.450166 0.450166 0.768525 0.450166 0.450166 0.450166 0.450166 0.450166 0.450166 0.450166 0.450166 0.450166 0.450166 
0.5 0.5 0.5 0.5 0.5 0.5 0.5 0.5 0.5 0.5 0.5 0.5 0.5 0.5 0.5 0.5 0.5 0.5 0.5 0.5 0.5 0.5 0.5 0.5 0.5 0.5 0.5 0.5 0.5 0.5 0.5 0.5 0.5 0.5 0.5 0.5 0.5 0.5 0.5 0.5 0.5 0.5 0.5 0.5 0.5 0.5 0.5 0.5 0.5 0.5 0.5 0.5 0.5 0.5 0.5 0.5 0.5 0.5 0.5 0.5 0.5 0.5 0.5 0.5 0.5 0.5 0.5 0.5 0.5 0.5 0.5 0.5 0.5 0.5 0.5 0.5 0.5 0.5 0.5 0.5 0.5 0.5 0.5 0.5 0.5 0.5 0.5 0.5 0.5 0.5 0.5 0.5 0.5 0.5 0.5 0.5 0.5 0.5 0.5 0.5 0.5 0.5 0.5 0.5 0.5 0.5 0.5 0.5 0.5 0.5 0.5 0.5 0.5 0.5 0.5 0.5 0.5 0.5 0.5 0.5 0.5 0.5 0.5 0.5 0.5 0.5 0.5 0.987872 0.993307 0.993307 0.916827 0.645656 0.00669285 0.00669285 0.00669285 0.00669285 0.00669285 0.00669285 0.00669285 0.00669285 0.00669285 0.00669285 0.00669285 0.00669285 0.00669285 0.00669285 0.00669285 0.00669285 0.00669285 0.00669285 0.00669285 0.00669285 0.00669285 0.00669285 0.00669285 0.00669285 0.00669285 0.00669285 0.00669285 0.00669285 0.00669285 0.00669285 0.00669285 0.00669285 0.00669285 0.00669285 0.00669285 0.00669285 0.00669285 0.00669285 0.00669285 0.00669285 0.00669285 0.00669285 0.401312 0.00669285 0.00669285 0.00669285 0.00669285 0.00669285 0.00669285 0.00669285 0.00669285 0.00669285 0.00669285 0.00669285 0.731059 0.0691384 0.00669285 0.00669285 0.00669285 0.00669285 0.00669285 0.00669285 0.00669285 0.00669285 0.00669285 0.00669285 0.00669285 0.00669285 0.00669285 0.00669285 0.00669285 0.00669285 0.00669285 0.00669285 0.00669285 0.00669285 0.00669285 0.00669285 0.00669285 0.00669285 0.00669285 0.00669285 0.00669285 0.00669285 0.00669285 0.00669285 0.00669285 0.00669285 0.00669285 0.00669285 0.00669285 0.00669285 0.00669285 0.0474259 0.0474259 0.731059 0.982014 0.987872 0.731059 0.90025 0.731059 0.768525 0.5 0.5 0.5 0.5 0.5 0.5 0.5 0.5 0.5 0.5 0.5 0.5 0.5 0.5 0.5 0.5 0.5 0.5 0.5 0.5 0.5 0.5 0.5 0.5 0.5 0.5 0.5 0.5 0.5 0.5 0.5 0.5 0.5 0.5 0.5 0.5 0.5 0.5 0.5 0.5 0.5 0.450166 0.450166 0.450166 0.450166 0.450166 0.450166 0.450166 0.450166 0.450166 0.354344 0.354344 0.354344 0.731059 0.450166 0.450166 0.450166 0.450166 0.450166 0.450166 0.401312 0.401312 0.401312 0.768525 0.5 0.5 
0.5 0.5 0.5 0.5 0.5 0.5 0.5 0.5 0.5 0.5 0.5 0.5 0.5 0.5 0.5 0.5 0.5 0.5 0.5 0.5 0.5 0.5 0.5 0.5 0.5 0.5 0.5 0.5 0.5 0.5 0.5 0.5 0.5 0.5 0.5 0.5 0.5 0.5 0.5 0.5 0.5 0.5 0.5 0.5 0.5 0.5 0.5 0.5 0.5 0.5 0.5 0.5 0.5 0.5 0.5 0.5 0.5 0.5 0.5 0.5 0.5 0.5 0.5 0.5 0.5 0.5 0.5 0.5 0.5 0.5 0.5 0.5 0.5 0.5 0.5 0.5 0.5 0.5 0.5 0.5 0.5 0.5 0.5 0.5 0.5 0.5 0.5 0.5 0.5 0.5 0.5 0.5 0.5 0.5 0.5 0.5 0.5 0.5 0.5 0.5 0.5 0.5 0.5 0.5 0.5 0.5 0.5 0.5 0.5 0.5 0.5 0.5 0.5 0.5 0.5 0.5 0.5 0.5 0.5 0.5 0.5 0.5 0.5 0.5 0.5 0.5 0.5 0.731059 0.993307 0.985226 0.982014 0.598688 0.00669285 0.00669285 0.00669285 0.00669285 0.00669285 0.00669285 0.00669285 0.00669285 0.00669285 0.00669285 0.00669285 0.00669285 0.00669285 0.00669285 0.00669285 0.0691384 0.00669285 0.00669285 0.00669285 0.00669285 0.00669285 0.00669285 0.00669285 0.00669285 0.00669285 0.00669285 0.00669285 0.00669285 0.00669285 0.00669285 0.00669285 0.00669285 0.00669285 0.00669285 0.00669285 0.00669285 0.00669285 0.00669285 0.00669285 0.0099518 0.119203 0.942676 0.993307 0.0691384 0.00669285 0.00669285 0.00669285 0.00669285 0.00669285 0.00669285 0.00669285 0.00669285 0.00669285 0.00669285 0.0179862 0.00669285 0.00669285 0.00669285 0.00669285 0.00669285 0.00669285 0.00669285 0.00669285 0.00669285 0.00669285 0.00669285 0.00669285 0.00669285 0.00669285 0.00669285 0.00669285 0.00669285 0.00669285 0.00669285 0.00669285 0.00669285 0.00669285 0.00669285 0.00669285 0.00669285 0.00669285 0.00669285 0.00669285 0.00669285 0.00669285 0.00669285 0.00669285 0.00669285 0.00669285 0.00669285 0.00669285 0.00669285 0.00669285 0.0474259 0.00669285 0.401312 0.960834 0.987872 0.985226 0.858149 0.5 0.768525 0.5 0.5 0.5 0.5 0.5 0.5 0.5 0.5 0.5 0.5 0.5 0.5 0.5 0.5 0.5 0.5 0.5 0.5 0.5 0.5 0.5 0.5 0.5 0.5 0.5 0.5 0.5 0.5 0.5 0.5 0.5 0.5 0.5 0.5 0.5 0.5 0.450166 0.450166 0.450166 0.450166 0.450166 0.450166 0.450166 0.401312 0.354344 0.354344 0.354344 0.354344 0.354344 0.310026 0.731059 0.450166 0.450166 0.401312 0.401312 0.401312 0.450166 0.401312 0.401312 0.401312 0.768525 0.5 0.5 0.5 0.5 0.5 
0.5 0.5 0.5 0.5 0.5 0.5 0.5 0.5 0.5 0.5 0.5 0.5 0.5 0.5 0.5 0.5 0.5 0.5 0.5 0.5 0.5 0.5 0.5 0.5 0.5 0.5 0.5 0.5 0.5 0.5 0.5 0.5 0.5 0.5 0.5 0.5 0.5 0.5 0.5 0.5 0.5 0.5 0.5 0.5 0.5 0.5 0.5 0.5 0.5 0.5 0.5 0.5 0.5 0.5 0.5 0.5 0.5 0.5 0.5 0.5 0.5 0.5 0.5 0.5 0.5 0.5 0.5 0.5 0.5 0.5 0.5 0.5 0.5 0.5 0.5 0.5 0.5 0.5 0.5 0.5 0.5 0.5 0.5 0.5 0.5 0.5 0.5 0.5 0.5 0.5 0.5 0.5 0.5 0.5 0.5 0.5 0.5 0.5 0.5 0.5 0.5 0.5 0.5 0.5 0.5 0.5 0.5 0.5 0.5 0.5 0.5 0.5 0.5 0.5 0.5 0.5 0.5 0.5 0.5 0.5 0.5 0.5 0.5 0.5 0.5 0.5 0.5 0.768525 0.993307 0.985226 0.982014 0.858149 0.00669285 0.00669285 0.00669285 0.00669285 0.00669285 0.00669285 0.00669285 0.00669285 0.00669285 0.00669285 0.00669285 0.00669285 0.00669285 0.00669285 0.00669285 0.0218813 0.00669285 0.00669285 0.00669285 0.00669285 0.00669285 0.00669285 0.00669285 0.00669285 0.00669285 0.00669285 0.00669285 0.00669285 0.00669285 0.00669285 0.00669285 0.00669285 0.0691384 0.00669285 0.00669285 0.00669285 0.00669285 0.00669285 0.00669285 0.731059 0.991837 0.993307 0.987872 0.167982 0.00669285 0.00669285 0.00669285 0.00669285 0.00669285 0.00669285 0.00669285 0.00669285 0.00669285 0.00669285 0.00669285 0.00669285 0.00669285 0.00669285 0.00669285 0.00669285 0.00669285 0.00669285 0.00669285 0.00669285 0.00669285 0.00669285 0.00669285 0.00669285 0.00669285 0.00669285 0.00669285 0.00669285 0.00669285 0.00669285 0.00669285 0.00669285 0.00669285 0.00669285 0.00669285 0.00669285 0.00669285 0.00669285 0.00669285 0.00669285 0.00669285 0.00669285 0.00669285 0.00669285 0.00669285 0.00669285 0.00669285 0.00669285 0.00669285 0.0121284 0.00995181 0.450166 0.731059 0.991837 0.990048 0.916827 0.354344 0.401312 0.5 0.5 0.5 0.5 0.5 0.5 0.5 0.5 0.5 0.5 0.5 0.5 0.5 0.5 0.5 0.5 0.5 0.5 0.5 0.5 0.5 0.5 0.5 0.5 0.5 0.5 0.5 0.5 0.5 0.5 0.450166 0.450166 0.450166 0.450166 0.450166 0.401312 0.401312 0.401312 0.354344 0.354344 0.354344 0.354344 0.310026 0.354344 0.401312 0.310026 0.310026 0.354344 0.689974 0.401312 0.401312 0.401312 0.401312 0.450166 0.450166 0.401312 0.401312 0.450166 0.689974 0.401312 0.401312 0.916827 0.5 0.5 0.5 0.5 
0.5 0.5 0.5 0.5 0.5 0.5 0.5 0.5 0.5 0.5 0.5 0.5 0.5 0.5 0.5 0.5 0.5 0.5 0.5 0.5 0.5 0.5 0.5 0.5 0.5 0.5 0.5 0.5 0.5 0.5 0.5 0.5 0.5 0.5 0.5 0.5 0.5 0.5 0.5 0.5 0.5 0.5 0.5 0.5 0.5 0.5 0.5 0.5 0.5 0.5 0.5 0.5 0.5 0.5 0.5 0.5 0.5 0.5 0.5 0.5 0.5 0.5 0.5 0.5 0.5 0.5 0.5 0.5 0.5 0.5 0.5 0.5 0.5 0.5 0.5 0.5 0.5 0.5 0.5 0.5 0.5 0.5 0.5 0.5 0.5 0.5 0.5 0.5 0.5 0.5 0.5 0.5 0.5 0.5 0.5 0.5 0.5 0.5 0.5 0.5 0.5 0.5 0.5 0.5 0.5 0.5 0.5 0.5 0.5 0.5 0.5 0.5 0.5 0.5 0.5 0.5 0.5 0.5 0.5 0.5 0.5 0.5 0.5 0.5 0.5 0.5 0.5 0.5 0.768525 0.993307 0.982014 0.916827 0.00669285 0.00669285 0.00669285 0.00669285 0.00669285 0.00669285 0.00669285 0.00669285 0.00669285 0.00669285 0.00669285 0.00669285 0.00669285 0.00669285 0.00669285 0.00669285 0.00669285 0.00669285 0.00669285 0.00669285 0.00669285 0.00669285 0.00669285 0.00669285 0.00669285 0.00669285 0.00669285 0.00669285 0.00669285 0.00669285 0.00669285 0.0474259 0.450166 0.00669285 0.00669285 0.00669285 0.00669285 0.90025 0.90025 0.832018 0.141851 0.967705 0.985226 0.978119 0.00669285 0.00669285 0.00669285 0.00669285 0.00669285 0.00669285 0.00669285 0.00669285 0.00669285 0.00669285 0.00669285 0.00669285 0.00669285 0.00669285 0.00669285 0.00669285 0.00669285 0.00669285 0.00669285 0.00669285 0.00669285 0.00669285 0.00669285 0.00669285 0.00669285 0.00669285 0.00669285 0.00669285 0.00669285 0.00669285 0.00669285 0.00669285 0.00669285 0.00669285 0.00669285 0.00669285 0.00669285 0.00669285 0.00669285 0.00669285 0.00669285 0.00669285 0.00669285 0.00669285 0.00669285 0.00669285 0.00669285 0.00669285 0.00669285 0.00669285 0.014774 0.645656 0.731059 0.993307 0.991837 0.973403 0.802184 0.689974 0.401312 0.401312 0.5 0.5 0.5 0.5 0.5 0.5 0.5 0.5 0.5 0.5 0.5 0.5 0.5 0.5 0.5 0.5 0.5 0.5 0.5 0.5 0.5 0.5 0.450166 0.450166 0.450166 0.450166 0.450166 0.354344 0.401312 0.401312 0.354344 0.354344 0.354344 0.310026 0.354344 0.354344 0.354344 0.310026 0.310026 0.310026 0.310026 0.268941 0.598688 0.401312 0.731059 0.401312 0.401312 0.450166 0.354344 0.354344 0.310026 0.310026 0.310026 0.310026 0.598688 0.310026 0.401312 0.731059 0.768525 0.5 0.5 0.5 0.5 0.5 
0.5 0.5 0.5 0.5 0.5 0.5 0.5 0.5 0.5 0.5 0.5 0.5 0.5 0.5 0.5 0.5 0.5 0.5 0.5 0.5 0.5 0.5 0.5 0.5 0.5 0.5 0.5 0.5 0.5 0.5 0.5 0.5 0.5 0.5 0.5 0.5 0.5 0.5 0.5 0.5 0.5 0.5 0.5 0.5 0.5 0.5 0.5 0.5 0.5 0.5 0.5 0.5 0.5 0.5 0.5 0.5 0.5 0.5 0.5 0.5 0.5 0.5 0.5 0.5 0.5 0.5 0.5 0.5 0.5 0.5 0.5 0.5 0.5 0.5 0.5 0.5 0.5 0.5 0.5 0.5 0.5 0.5 0.5 0.5 0.5 0.5 0.5 0.5 0.5 0.5 0.5 0.5 0.5 0.5 0.5 0.5 0.5 0.5 0.5 0.5 0.5 0.5 0.5 0.5 0.5 0.5 0.5 0.5 0.5 0.5 0.5 0.5 0.5 0.5 0.5 0.5 0.5 0.5 0.5 0.5 0.5 0.5 0.5 0.5 0.5 0.5 0.5 0.5 0.5 0.987872 0.993307 0.978119 0.832018 0.00669285 0.00669285 0.00669285 0.00669285 0.00669285 0.00669285 0.00669285 0.00669285 0.00669285 0.00669285 0.00669285 0.00669285 0.00669285 0.00669285 0.00669285 0.00669285 0.00669285 0.00669285 0.00669285 0.00669285 0.00669285 0.00669285 0.00669285 0.00669285 0.00669285 0.00669285 0.00669285 0.00669285 0.00669285 0.00669285 0.00669285 0.00669285 0.197816 0.90025 0.90025 0.731059 0.00669285 0.689974 0.967705 0.993307 0.990048 0.960834 0.991837 0.026597 0.00669285 0.00669285 0.00669285 0.00669285 0.00669285 0.00669285 0.00669285 0.00669285 0.450166 0.00669285 0.00669285 0.00669285 0.00669285 0.00669285 0.00669285 0.00669285 0.00669285 0.00669285 0.00669285 0.00669285 0.00669285 0.00669285 0.00669285 0.00669285 0.00669285 0.00669285 0.00669285 0.00669285 0.00669285 0.00669285 0.00669285 0.00669285 0.00669285 0.00669285 0.00669285 0.00669285 0.00669285 0.00669285 0.00669285 0.00669285 0.00669285 0.00669285 0.00669285 0.00669285 0.00669285 0.00669285 0.00669285 0.00669285 0.00669285 0.119203 0.00669285 0.598688 0.978119 0.993307 0.942676 0.731059 0.354344 0.354344 0.5 0.401312 0.401312 0.5 0.5 0.5 0.5 0.5 0.5 0.5 0.5 0.5 0.5 0.5 0.5 0.5 0.5 0.5 0.450166 0.450166 0.450166 0.450166 0.354344 0.401312 0.401312 0.354344 0.354344 0.310026 0.354344 0.354344 0.310026 0.310026 0.310026 0.268941 0.310026 0.310026 0.268941 0.310026 0.268941 0.268941 0.310026 0.549834 0.645656 0.310026 0.310026 0.310026 0.310026 0.268941 0.268941 0.310026 0.268941 0.310026 0.268941 0.598688 0.689974 0.450166 0.768525 0.5 0.5 0.5 0.5 0.5 0.5 0.5 0.5 
0.5 0.5 0.5 0.5 0.5 0.5 0.5 0.5 0.5 0.5 0.5 0.5 0.5 0.5 0.5 0.5 0.5 0.5 0.5 0.5 0.5 0.5 0.5 0.5 0.5 0.5 0.5 0.5 0.5 0.5 0.5 0.5 0.5 0.5 0.5 0.5 0.5 0.5 0.5 0.5 0.5 0.5 0.5 0.5 0.5 0.5 0.5 0.5 0.5 0.5 0.5 0.5 0.5 0.5 0.5 0.5 0.5 0.5 0.5 0.5 0.5 0.5 0.5 0.5 0.5 0.5 0.5 0.5 0.5 0.5 0.5 0.5 0.5 0.5 0.5 0.5 0.5 0.5 0.5 0.5 0.5 0.5 0.5 0.5 0.5 0.5 0.5 0.5 0.5 0.5 0.5 0.5 0.5 0.5 0.5 0.5 0.5 0.5 0.5 0.5 0.5 0.5 0.5 0.5 0.5 0.5 0.5 0.5 0.5 0.5 0.5 0.5 0.5 0.5 0.5 0.5 0.5 0.5 0.5 0.5 0.5 0.5 0.5 0.5 0.5 0.5 0.5 0.5 0.5 0.880797 0.985226 0.942676 0.916827 0.0831727 0.00669285 0.00669285 0.00669285 0.00669285 0.00669285 0.00669285 0.00669285 0.00669285 0.00669285 0.00669285 0.00669285 0.00669285 0.0474259 0.00669285 0.00669285 0.00669285 0.00669285 0.00669285 0.00669285 0.00669285 0.00669285 0.00669285 0.00669285 0.00669285 0.00669285 0.00669285 0.00669285 0.00669285 0.00669285 0.00669285 0.00816258 0.973403 0.00669285 0.0218813 0.987872 0.990048 0.960834 0.993307 0.993307 0.978119 0.993307 0.993307 0.942676 0.00669285 0.00669285 0.00669285 0.00669285 0.00669285 0.00669285 0.00669285 0.014774 0.0218813 0.00669285 0.00669285 0.00669285 0.00669285 0.00669285 0.00669285 0.00669285 0.00669285 0.00669285 0.00669285 0.00669285 0.00669285 0.00669285 0.00669285 0.00669285 0.00669285 0.00669285 0.00669285 0.00669285 0.00669285 0.00669285 0.00669285 0.00669285 0.00669285 0.00669285 0.00669285 0.00669285 0.00669285 0.00669285 0.00669285 0.00669285 0.00669285 0.00669285 0.00669285 0.00669285 0.00669285 0.00669285 0.00669285 0.00669285 0.00669285 0.014774 0.00669285 0.197816 0.731059 0.993307 0.993307 0.967705 0.401312 0.401312 0.268941 0.401312 0.5 0.401312 0.401312 0.5 0.5 0.5 0.5 0.5 0.5 0.5 0.450166 0.450166 0.450166 0.401312 0.354344 0.354344 0.401312 0.354344 0.310026 0.268941 0.354344 0.310026 0.310026 0.310026 0.268941 0.268941 0.310026 0.268941 0.268941 0.268941 0.268941 0.231475 0.268941 0.231475 0.231475 0.167982 0.197816 0.5 0.197816 0.231475 0.549834 0.268941 0.268941 0.268941 0.310026 0.310026 0.268941 0.268941 0.310026 0.645656 0.731059 0.768525 0.5 0.5 0.5 0.5 0.5 0.5 0.5 0.5 0.5 0.5 0.5 
0.5 0.5 0.5 0.5 0.5 0.5 0.5 0.5 0.5 0.5 0.5 0.5 0.5 0.5 0.5 0.5 0.5 0.5 0.5 0.5 0.5 0.5 0.5 0.5 0.5 0.5 0.5 0.5 0.5 0.5 0.5 0.5 0.5 0.5 0.5 0.5 0.5 0.5 0.5 0.5 0.5 0.5 0.5 0.5 0.5 0.5 0.5 0.5 0.5 0.5 0.5 0.5 0.5 0.5 0.5 0.5 0.5 0.5 0.5 0.5 0.5 0.5 0.5 0.5 0.5 0.5 0.5 0.5 0.5 0.5 0.5 0.5 0.5 0.5 0.5 0.5 0.5 0.5 0.5 0.5 0.5 0.5 0.5 0.5 0.5 0.5 0.5 0.5 0.5 0.5 0.5 0.5 0.5 0.5 0.5 0.5 0.5 0.5 0.5 0.5 0.5 0.5 0.5 0.5 0.5 0.5 0.5 0.5 0.5 0.5 0.5 0.5 0.5 0.5 0.5 0.5 0.5 0.5 0.5 0.5 0.5 0.5 0.5 0.5 0.5 0.5 0.5 0.5 0.5 0.731059 0.993307 0.960834 0.978119 0.00669286 0.00669285 0.00669285 0.00669285 0.00669285 0.00669285 0.00669285 0.00669285 0.00669285 0.00669285 0.00669285 0.00669285 0.00669285 0.00669285 0.00816257 0.00669285 0.00669285 0.00669285 0.00669285 0.00669285 0.00669285 0.00669285 0.00669285 0.00669285 0.00669285 0.00669285 0.00669285 0.00669285 0.00669285 0.0691384 0.00669285 0.310026 0.985226 0.987872 0.990048 0.930862 0.973403 0.952574 0.993307 0.832018 0.993307 0.993307 0.991837 0.990048 0.987872 0.014774 0.00669285 0.00669285 0.00669285 0.00669285 0.00669285 0.00669285 0.00669285 0.00669285 0.00669285 0.00669285 0.00669285 0.00669285 0.00669285 0.00669285 0.00669285 0.00669285 0.00669285 0.00669285 0.00669285 0.00669285 0.00669285 0.00669285 0.00669285 0.00669285 0.00669285 0.00669285 0.00669285 0.00669285 0.00669285 0.00669285 0.00669285 0.00669285 0.00669285 0.00669285 0.00669285 0.00669285 0.00669285 0.00669285 0.00669285 0.00669285 0.00669285 0.00669285 0.00669285 0.00669285 0.00669285 0.00669285 0.00669285 0.00669285 0.0391657 0.026597 0.645656 0.991837 0.991837 0.993307 0.268941 0.310026 0.401312 0.354344 0.354344 0.401312 0.5 0.401312 0.354344 0.450166 0.401312 0.401312 0.354344 0.354344 0.401312 0.310026 0.310026 0.268941 0.310026 0.310026 0.310026 0.268941 0.310026 0.310026 0.268941 0.268941 0.268941 0.167982 0.197816 0.197816 0.197816 0.141851 0.167982 0.197816 0.141851 0.167982 0.119203 0.141851 0.141851 0.450166 0.167982 0.401312 0.197816 0.268941 0.268941 0.310026 0.231475 0.197816 0.197816 0.549834 0.645656 0.731059 0.768525 0.5 0.5 0.5 0.5 0.5 0.5 0.5 0.5 0.5 0.5 0.5 0.5 0.5 0.5 
0.5 0.5 0.5 0.5 0.5 0.5 0.5 0.5 0.5 0.5 0.5 0.5 0.5 0.5 0.5 0.5 0.5 0.5 0.5 0.5 0.5 0.5 0.5 0.5 0.5 0.5 0.5 0.5 0.5 0.5 0.5 0.5 0.5 0.5 0.5 0.5 0.5 0.5 0.5 0.5 0.5 0.5 0.5 0.5 0.5 0.5 0.5 0.5 0.5 0.5 0.5 0.5 0.5 0.5 0.5 0.5 0.5 0.5 0.5 0.5 0.5 0.5 0.5 0.5 0.5 0.5 0.5 0.5 0.5 0.5 0.5 0.5 0.5 0.5 0.5 0.5 0.5 0.5 0.5 0.5 0.5 0.5 0.5 0.5 0.5 0.5 0.5 0.5 0.5 0.5 0.5 0.5 0.5 0.5 0.5 0.5 0.5 0.5 0.5 0.5 0.5 0.5 0.5 0.5 0.5 0.5 0.5 0.5 0.5 0.5 0.5 0.5 0.5 0.5 0.5 0.5 0.5 0.5 0.5 0.5 0.5 0.5 0.5 0.5 0.5 0.5 0.5 0.5 0.5 0.768525 0.993307 0.802184 0.978119 0.90025 0.00669285 0.00669285 0.00669285 0.00669285 0.00669285 0.00669285 0.00669285 0.00669285 0.00669285 0.00669285 0.00669285 0.00669285 0.00669285 0.00669285 0.197816 0.00816258 0.00669285 0.00669285 0.00669285 0.00669285 0.00669285 0.00669285 0.00669285 0.00669285 0.00669285 0.00669285 0.00669285 0.00816258 0.00669285 0.0831727 0.942676 0.991837 0.990048 0.987872 0.978119 0.598688 0.960834 0.993307 0.993307 0.993307 0.993307 0.991837 0.5 0.930862 0.930862 0.598688 0.00669285 0.00669285 0.00669285 0.00669285 0.00669285 0.00669285 0.00669285 0.00669285 0.00669285 0.00669285 0.00669285 0.00669285 0.00669285 0.00669285 0.00669285 0.00669285 0.00669285 0.00669285 0.00669285 0.00669285 0.00669285 0.00669285 0.00669285 0.00669285 0.00669285 0.00669285 0.00669285 0.00669285 0.00669285 0.00669285 0.00669285 0.00669285 0.00669285 0.00669285 0.00669285 0.00669285 0.00669285 0.00669285 0.00669285 0.00669285 0.00669285 0.00669285 0.00669285 0.00669285 0.00669285 0.00669285 0.00669285 0.0474259 0.00669285 0.197816 0.858149 0.993307 0.930862 0.141851 0.197816 0.231475 0.231475 0.231475 0.141851 0.119203 0.141851 0.197816 0.119203 0.167982 0.141851 0.167982 0.141851 0.119203 0.167982 0.141851 0.167982 0.141851 0.0997505 0.0831727 0.0997505 0.0831727 0.0831727 0.0831727 0.0831727 0.0573242 0.119203 0.0997505 0.119203 0.0997505 0.0997505 0.0997505 0.0997505 0.119203 0.0997505 0.0997505 0.0831727 0.310026 0.141851 0.197816 0.231475 0.197816 0.197816 0.141851 0.119203 0.450166 0.549834 0.858149 0.90025 0.768525 0.5 0.5 0.5 0.5 0.5 0.5 0.5 0.5 0.5 0.5 0.5 0.5 0.5 0.5 0.5 0.5 
0.5 0.5 0.5 0.5 0.5 0.5 0.5 0.5 0.5 0.5 0.5 0.5 0.5 0.5 0.5 0.5 0.5 0.5 0.5 0.5 0.5 0.5 0.5 0.5 0.5 0.5 0.5 0.5 0.5 0.5 0.5 0.5 0.5 0.5 0.5 0.5 0.5 0.5 0.5 0.5 0.5 0.5 0.5 0.5 0.5 0.5 0.5 0.5 0.5 0.5 0.5 0.5 0.5 0.5 0.5 0.5 0.5 0.5 0.5 0.5 0.5 0.5 0.5 0.5 0.5 0.5 0.5 0.5 0.5 0.5 0.5 0.5 0.5 0.5 0.5 0.5 0.5 0.5 0.5 0.5 0.5 0.5 0.5 0.5 0.5 0.5 0.5 0.5 0.5 0.5 0.5 0.5 0.5 0.5 0.5 0.5 0.5 0.5 0.5 0.5 0.5 0.5 0.5 0.5 0.5 0.5 0.5 0.5 0.5 0.5 0.5 0.5 0.5 0.5 0.5 0.5 0.5 0.5 0.5 0.5 0.5 0.5 0.5 0.5 0.5 0.5 0.5 0.5 0.5 0.5 0.731059 0.993307 0.832018 0.985226 0.00669285 0.00669285 0.00669285 0.167982 0.00669285 0.00669285 0.00669285 0.00669285 0.00669285 0.00669285 0.00669285 0.00669285 0.00669285 0.00669285 0.00669285 0.00669285 0.00669285 0.00669285 0.00669285 0.00669285 0.00669285 0.00669285 0.00669285 0.00669285 0.00669285 0.00669285 0.00669285 0.00669285 0.014774 0.00669285 0.880797 0.993307 0.993307 0.993307 0.930862 0.993307 0.993307 0.993307 0.991837 0.993307 0.967705 0.0391657 0.991837 0.645656 0.990048 0.00669285 0.00669285 0.00669285 0.00669285 0.00669285 0.00669285 0.00669285 0.00669285 0.00669285 0.00669285 0.00669285 0.00669285 0.00669285 0.00669285 0.00669285 0.00669285 0.00669285 0.00669285 0.00669285 0.00669285 0.00669285 0.00669285 0.00669285 0.00669285 0.00669285 0.00669285 0.00669285 0.00669285 0.00669285 0.00669285 0.00669285 0.00669285 0.00669285 0.00669285 0.00669285 0.00669285 0.00669285 0.00669285 0.00669285 0.00669285 0.00669285 0.00669285 0.00669285 0.00669285 0.00669285 0.00669285 0.00669285 0.00669285 0.0179862 0.014774 0.268941 0.0099518 0.832018 0.960834 0.00669285 0.014774 0.0322954 0.026597 0.0573242 0.0997505 0.119203 0.141851 0.0997505 0.0997505 0.119203 0.0831727 0.119203 0.0997505 0.0831727 0.0831727 0.0831727 0.0691384 0.0691384 0.0997505 0.0997505 0.0831727 0.0997505 0.0997505 0.119203 0.119203 0.141851 0.0997505 0.0997505 0.0997505 0.0997505 0.0997505 0.0691384 0.0573242 0.167982 0.268941 0.401312 0.197816 0.197816 0.167982 0.141851 0.119203 0.141851 0.141851 0.5 0.549834 0.960834 0.916827 0.5 0.5 0.5 0.5 0.5 0.5 0.5 0.5 0.5 0.5 0.5 0.5 0.5 0.5 0.5 0.5 0.5 0.5 0.5 
0.5 0.5 0.5 0.5 0.5 0.5 0.5 0.5 0.5 0.5 0.5 0.5 0.5 0.5 0.5 0.5 0.5 0.5 0.5 0.5 0.5 0.5 0.5 0.5 0.5 0.5 0.5 0.5 0.5 0.5 0.5 0.5 0.5 0.5 0.5 0.5 0.5 0.5 0.5 0.5 0.5 0.5 0.5 0.5 0.5 0.5 0.5 0.5 0.5 0.5 0.5 0.5 0.5 0.5 0.5 0.5 0.5 0.5 0.5 0.5 0.5 0.5 0.5 0.5 0.5 0.5 0.5 0.5 0.5 0.5 0.5 0.5 0.5 0.5 0.5 0.5 0.5 0.5 0.5 0.5 0.5 0.5 0.5 0.5 0.5 0.5 0.5 0.5 0.5 0.5 0.5 0.5 0.5 0.5 0.5 0.5 0.5 0.5 0.5 0.5 0.5 0.5 0.5 0.5 0.5 0.5 0.5 0.5 0.5 0.5 0.5 0.5 0.5 0.5 0.5 0.5 0.5 0.5 0.5 0.5 0.5 0.5 0.5 0.5 0.5 0.5 0.5 0.5 0.5 0.5 0.768525 0.993307 0.967705 0.985226 0.00669285 0.00669285 0.00669285 0.00669285 0.00669285 0.00669285 0.00669285 0.00669285 0.00669285 0.00669285 0.00669285 0.00669285 0.00669285 0.00669285 0.00669285 0.00669285 0.00669285 0.00669285 0.00669285 0.00669285 0.00669285 0.00669285 0.00669285 0.00669285 0.00669285 0.00669285 0.00669285 0.00669285 0.00669285 0.0218813 0.00669285 0.231475 0.993307 0.993307 0.993307 0.993307 0.991837 0.231475 0.5 0.00669285 0.00669285 0.00669285 0.00669285 0.167982 0.00669285 0.00669285 0.00669285 0.00669285 0.00669285 0.00669285 0.00669285 0.00669285 0.00669285 0.00669285 0.00669285 0.00669285 0.00669285 0.00669285 0.00669285 0.00669285 0.00669285 0.310026 0.00669285 0.00669285 0.00669285 0.00669285 0.00669285 0.00669285 0.00669285 0.00669285 0.00669285 0.00669285 0.00669285 0.00669285 0.00669285 0.00669285 0.00669285 0.00669285 0.00669285 0.00669285 0.00669285 0.00669285 0.00669285 0.00669285 0.00669285 0.00669285 0.00669285 0.00669285 0.00669285 0.00669285 0.00669285 0.00669285 0.00669285 0.00669285 0.0691384 0.00669285 0.0099518 0.00669285 0.960834 0.014774 0.00816257 0.00669285 0.0121284 0.00669285 0.00669285 0.0099518 0.0099518 0.0179862 0.0322954 0.0218813 0.0391657 0.026597 0.0391657 0.0474259 0.0391657 0.0474259 0.0691384 0.0691384 0.0573242 0.0691384 0.119203 0.119203 0.0691384 0.0573242 0.0691384 0.0691384 0.0573242 0.0573242 0.0474259 0.0474259 0.0831727 0.354344 0.167982 0.231475 0.231475 0.197816 0.167982 0.119203 0.119203 0.141851 0.167982 0.450166 0.985226 0.689974 0.768525 0.450166 0.450166 0.768525 0.5 0.5 0.5 0.5 0.5 0.5 0.5 0.5 0.5 0.5 0.5 0.5 0.5 0.5 0.5 0.5 0.5 0.5 
0.5 0.5 0.5 0.5 0.5 0.5 0.5 0.5 0.5 0.5 0.5 0.5 0.5 0.5 0.5 0.5 0.5 0.5 0.5 0.5 0.5 0.5 0.5 0.5 0.5 0.5 0.5 0.5 0.5 0.5 0.5 0.5 0.5 0.5 0.5 0.5 0.5 0.5 0.5 0.5 0.5 0.5 0.5 0.5 0.5 0.5 0.5 0.5 0.5 0.5 0.5 0.5 0.5 0.5 0.5 0.5 0.5 0.5 0.5 0.5 0.5 0.5 0.5 0.5 0.5 0.5 0.5 0.5 0.5 0.5 0.5 0.5 0.5 0.5 0.5 0.5 0.5 0.5 0.5 0.5 0.5 0.5 0.5 0.5 0.5 0.5 0.5 0.5 0.5 0.5 0.5 0.5 0.5 0.5 0.5 0.5 0.5 0.5 0.5 0.5 0.5 0.5 0.5 0.5 0.5 0.5 0.5 0.5 0.5 0.5 0.5 0.5 0.5 0.5 0.5 0.5 0.5 0.5 0.5 0.5 0.5 0.5 0.5 0.5 0.5 0.5 0.5 0.5 0.5 0.5 0.5 0.960834 0.967705 0.978119 0.960834 0.731059 0.00669285 0.00669285 0.00669285 0.00669285 0.00669285 0.00669285 0.00669285 0.00669285 0.00669285 0.00669285 0.00669285 0.00669285 0.00669285 0.00669285 0.00669285 0.00669285 0.00669285 0.00669285 0.00669285 0.00669285 0.00669285 0.00669285 0.00669285 0.00669285 0.00669285 0.00669285 0.00669285 0.0573242 0.00669285 0.598688 0.991837 0.991837 0.026597 0.268941 0.0391657 0.00669285 0.00669285 0.00669285 0.00669285 0.00669285 0.00669285 0.00669285 0.00669285 0.00669285 0.00669285 0.00669285 0.00669285 0.00669285 0.00669285 0.00669285 0.00669285 0.00669285 0.00669285 0.00669285 0.00669285 0.00669285 0.00669285 0.00669285 0.00669285 0.00669285 0.00669285 0.00669285 0.00669285 0.00669285 0.00669285 0.00669285 0.00669285 0.00669285 0.00669285 0.00669285 0.00669285 0.00669285 0.00669285 0.00669285 0.00669285 0.00669285 0.00669285 0.00669285 0.00669285 0.00669285 0.00669285 0.00669285 0.00669285 0.00669285 0.00669285 0.00669285 0.00669285 0.00669285 0.00669285 0.00669285 0.00669285 0.00669285 0.0218813 0.00669285 0.00669285 0.00669285 0.00669285 0.00669285 0.00669285 0.00669285 0.00669285 0.00669285 0.00669285 0.00669285 0.014774 0.026597 0.0322954 0.0474259 0.0322954 0.0573242 0.0573242 0.0573242 0.0391657 0.0573242 0.0573242 0.0691384 0.0573242 0.0391657 0.026597 0.0179862 0.0322954 0.0391657 0.0474259 0.0573242 0.0691384 0.0831727 0.310026 0.141851 0.731059 0.167982 0.141851 0.0997505 0.0997505 0.0997505 0.119203 0.167982 0.802184 0.549834 0.952574 0.689974 0.731059 0.450166 0.450166 0.5 0.5 0.5 0.5 0.5 0.5 0.5 0.5 0.5 0.5 0.5 0.5 0.5 0.5 0.5 0.5 0.5 0.5 0.5 0.5 0.5 
0.5 0.5 0.5 0.5 0.5 0.5 0.5 0.5 0.5 0.5 0.5 0.5 0.5 0.5 0.5 0.5 0.5 0.5 0.5 0.5 0.5 0.5 0.5 0.5 0.5 0.5 0.5 0.5 0.5 0.5 0.5 0.5 0.5 0.5 0.5 0.5 0.5 0.5 0.5 0.5 0.5 0.5 0.5 0.5 0.5 0.5 0.5 0.5 0.5 0.5 0.5 0.5 0.5 0.5 0.5 0.5 0.5 0.5 0.5 0.5 0.5 0.5 0.5 0.5 0.5 0.5 0.5 0.5 0.5 0.5 0.5 0.5 0.5 0.5 0.5 0.5 0.5 0.5 0.5 0.5 0.5 0.5 0.5 0.5 0.5 0.5 0.5 0.5 0.5 0.5 0.5 0.5 0.5 0.5 0.5 0.5 0.5 0.5 0.5 0.5 0.5 0.5 0.5 0.5 0.5 0.5 0.5 0.5 0.5 0.5 0.5 0.5 0.5 0.5 0.5 0.5 0.5 0.5 0.5 0.5 0.5 0.5 0.5 0.5 0.5 0.5 0.5 0.5 0.5 0.5 0.5 0.731059 0.993307 0.978119 0.930862 0.00669285 0.00669285 0.00669285 0.00669285 0.00669285 0.00669285 0.00669285 0.00669285 0.00669285 0.00669285 0.00669285 0.00669285 0.00669285 0.00669285 0.00669285 0.00669285 0.00669285 0.00669285 0.00669285 0.00669285 0.00669285 0.00669285 0.00669285 0.00669285 0.00669285 0.00669285 0.00669285 0.00669285 0.00669285 0.0218813 0.731059 0.916827 0.942676 0.0218813 0.00669285 0.00669285 0.00669285 0.00669285 0.00669285 0.00669285 0.00669285 0.00669285 0.00669285 0.00669285 0.00669285 0.00669285 0.00669285 0.00669285 0.00669285 0.00669285 0.00669285 0.00669285 0.00669285 0.00669285 0.00669285 0.00669285 0.00669285 0.00669285 0.00669285 0.00669285 0.00669285 0.00669285 0.00669285 0.00669285 0.00669285 0.00669285 0.00669285 0.00669285 0.00669285 0.00669285 0.00669285 0.00669285 0.00669285 0.00669285 0.00669285 0.00669285 0.00669285 0.00669285 0.00669285 0.00669285 0.00669285 0.00669285 0.00669285 0.00669285 0.00669285 0.00669285 0.00669285 0.00669285 0.00669285 0.00669285 0.00669285 0.00669285 0.00669285 0.00669285 0.00669285 0.026597 0.00669285 0.00669285 0.00669285 0.00669285 0.00669285 0.0121284 0.00816257 0.00669285 0.00816257 0.00669285 0.00669285 0.00669285 0.00669285 0.00816257 0.0121284 0.0121284 0.014774 0.0573242 0.0322954 0.0322954 0.0322954 0.0391657 0.0573242 0.0691384 0.0691384 0.0831727 0.0573242 0.0474259 0.0691384 0.0573242 0.141851 0.450166 0.231475 0.231475 0.0997505 0.119203 0.141851 0.119203 0.141851 0.916827 0.832018 0.645656 0.731059 0.5 0.5 0.5 0.5 0.5 0.5 0.5 0.5 0.5 0.5 0.5 0.5 0.5 0.5 0.5 0.5 0.5 0.5 0.5 0.5 0.5 0.5 0.5 0.5 0.5 0.5 
0.5 0.5 0.5 0.5 0.5 0.5 0.5 0.5 0.5 0.5 0.5 0.5 0.5 0.5 0.5 0.5 0.5 0.5 0.5 0.5 0.5 0.5 0.5 0.5 0.5 0.5 0.5 0.5 0.5 0.5 0.5 0.5 0.5 0.5 0.5 0.5 0.5 0.5 0.5 0.5 0.5 0.5 0.5 0.5 0.5 0.5 0.5 0.5 0.5 0.5 0.5 0.5 0.5 0.5 0.5 0.5 0.5 0.5 0.5 0.5 0.5 0.5 0.5 0.5 0.5 0.5 0.5 0.5 0.5 0.5 0.5 0.5 0.5 0.5 0.5 0.5 0.5 0.5 0.5 0.5 0.5 0.5 0.5 0.5 0.5 0.5 0.5 0.5 0.5 0.5 0.5 0.5 0.5 0.5 0.5 0.5 0.5 0.5 0.5 0.5 0.5 0.5 0.5 0.5 0.5 0.5 0.5 0.5 0.5 0.5 0.5 0.5 0.5 0.5 0.5 0.5 0.5 0.5 0.5 0.5 0.5 0.5 0.5 0.5 0.5 0.5 0.5 0.5 0.5 0.5 0.5 0.768525 0.993307 0.978119 0.967705 0.952574 0.00669285 0.00669285 0.00669285 0.00669285 0.00669285 0.00669285 0.00669285 0.00669285 0.00669285 0.00669285 0.00669285 0.00669285 0.00669285 0.00669285 0.00669285 0.00669285 0.00669285 0.00669285 0.00669285 0.00669285 0.00669285 0.00669285 0.00669285 0.00669285 0.00669285 0.00669285 0.00669285 0.0474259 0.0691384 0.00669285 0.832018 0.993307 0.0691384 0.00669285 0.00669285 0.00669285 0.00669285 0.00669285 0.00669285 0.00669285 0.00669285 0.00669285 0.00669285 0.00669285 0.00669285 0.00669285 0.00669285 0.00669285 0.00669285 0.00669285 0.00669285 0.00669285 0.00669285 0.00669285 0.00669285 0.00669285 0.00669285 0.00669285 0.00669285 0.00669285 0.00669285 0.00669285 0.00669285 0.00669285 0.00669285 0.00669285 0.00669285 0.00669285 0.00669285 0.00669285 0.00669285 0.00669285 0.00669285 0.00669285 0.00669285 0.00669285 0.00669285 0.00669285 0.00669285 0.00669285 0.00669285 0.00669285 0.00669285 0.00669285 0.00669285 0.00669285 0.00669285 0.00669285 0.00669285 0.00669285 0.00669285 0.00669285 0.00669285 0.00669285 0.0099518 0.00669285 0.00669285 0.00669285 0.00669285 0.00669285 0.00669285 0.00669285 0.0099518 0.0099518 0.00816257 0.026597 0.0099518 0.0099518 0.014774 0.00816257 0.0121284 0.0179862 0.014774 0.0218813 0.0322954 0.354344 0.0391657 0.0322954 0.0322954 0.0391657 0.0322954 0.0474259 0.167982 0.0391657 0.231475 0.268941 0.598688 0.0997505 0.119203 0.119203 0.119203 0.401312 0.802184 0.990048 0.768525 0.5 0.5 0.5 0.5 0.5 0.5 0.5 0.5 0.5 0.5 0.5 0.5 0.5 0.5 0.5 0.5 0.5 0.5 0.5 0.5 0.5 0.5 0.5 0.5 0.5 0.5 0.5 0.5 0.5 
0.5 0.5 0.5 0.5 0.5 0.5 0.5 0.5 0.5 0.5 0.5 0.5 0.5 0.5 0.5 0.5 0.5 0.5 0.5 0.5 0.5 0.5 0.5 0.5 0.5 0.5 0.5 0.5 0.5 0.5 0.5 0.5 0.5 0.5 0.5 0.5 0.5 0.5 0.5 0.5 0.5 0.5 0.5 0.5 0.5 0.5 0.5 0.5 0.5 0.5 0.5 0.5 0.5 0.5 0.5 0.5 0.5 0.5 0.5 0.5 0.5 0.5 0.5 0.5 0.5 0.5 0.5 0.5 0.5 0.5 0.5 0.5 0.5 0.5 0.5 0.5 0.5 0.5 0.5 0.5 0.5 0.5 0.5 0.5 0.5 0.5 0.5 0.5 0.5 0.5 0.5 0.5 0.5 0.5 0.5 0.5 0.5 0.5 0.5 0.5 0.5 0.5 0.5 0.5 0.5 0.5 0.5 0.5 0.5 0.5 0.5 0.5 0.5 0.5 0.5 0.5 0.5 0.5 0.5 0.5 0.5 0.5 0.5 0.5 0.5 0.5 0.5 0.5 0.5 0.5 0.5 0.5 0.960834 0.978119 0.982014 0.978119 0.00669285 0.00669285 0.00669285 0.00669285 0.00669285 0.00669285 0.00669285 0.00669285 0.00669285 0.00669285 0.00669285 0.00669285 0.00669285 0.00669285 0.00669285 0.00669285 0.00669285 0.00669285 0.00669285 0.00669285 0.00669285 0.00669285 0.00669285 0.00669285 0.00669285 0.00669285 0.00669285 0.0179862 0.00669285 0.880797 0.00669285 0.197816 0.0218813 0.00669285 0.00669285 0.00669285 0.00669285 0.00669285 0.00669285 0.00669285 0.00669285 0.00669285 0.00669285 0.00669285 0.00669285 0.00816257 0.0218813 0.00669285 0.00669285 0.00669285 0.00669285 0.00669285 0.00669285 0.00669285 0.00669285 0.00669285 0.00669285 0.00669285 0.00669285 0.00669285 0.00669285 0.00669285 0.00669285 0.00669285 0.00669285 0.00669285 0.00669285 0.00669285 0.00669285 0.00669285 0.00669285 0.00669285 0.00669285 0.00669285 0.00669285 0.00669285 0.00669285 0.00669285 0.00669285 0.00669285 0.00669285 0.00669285 0.00669285 0.00669285 0.00669285 0.00669285 0.00669285 0.00669285 0.00669285 0.00669285 0.00669285 0.00669285 0.00669285 0.00669285 0.00669285 0.00669285 0.00669285 0.00669285 0.00669285 0.00669285 0.00669285 0.00669285 0.00669285 0.0099518 0.014774 0.00669285 0.00816257 0.0121284 0.00669285 0.00669285 0.0099518 0.0179862 0.0218813 0.0691384 0.167982 0.014774 0.0322954 0.0391657 0.0474259 0.0691384 0.197816 0.0831727 0.0573242 0.197816 0.5 0.0997505 0.119203 0.141851 0.197816 0.942676 0.549834 0.858149 0.689974 0.916827 0.5 0.5 0.5 0.5 0.5 0.5 0.5 0.5 0.5 0.5 0.5 0.5 0.5 0.5 0.5 0.5 0.5 0.5 0.5 0.5 0.5 0.5 0.5 0.5 0.5 0.5 0.5 0.5 0.5 0.5 
0.5 0.5 0.5 0.5 0.5 0.5 0.5 0.5 0.5 0.5 0.5 0.5 0.5 0.5 0.5 0.5 0.5 0.5 0.5 0.5 0.5 0.5 0.5 0.5 0.5 0.5 0.5 0.5 0.5 0.5 0.5 0.5 0.5 0.5 0.5 0.5 0.5 0.5 0.5 0.5 0.5 0.5 0.5 0.5 0.5 0.5 0.5 0.5 0.5 0.5 0.5 0.5 0.5 0.5 0.5 0.5 0.5 0.5 0.5 0.5 0.5 0.5 0.5 0.5 0.5 0.5 0.5 0.5 0.5 0.5 0.5 0.5 0.5 0.5 0.5 0.5 0.5 0.5 0.5 0.5 0.5 0.5 0.5 0.5 0.5 0.5 0.5 0.5 0.5 0.5 0.5 0.5 0.5 0.5 0.5 0.5 0.5 0.5 0.5 0.5 0.5 0.5 0.5 0.5 0.5 0.5 0.5 0.5 0.5 0.5 0.5 0.5 0.5 0.5 0.5 0.5 0.5 0.5 0.5 0.5 0.5 0.5 0.5 0.5 0.5 0.5 0.5 0.5 0.5 0.5 0.5 0.5 0.916827 0.993307 0.982014 0.973403 0.014774 0.00669285 0.00669285 0.00669285 0.00669285 0.00669285 0.00669285 0.00669285 0.00669285 0.00669285 0.00669285 0.00669285 0.00669285 0.00669285 0.00669285 0.00669285 0.00669285 0.00669285 0.00669285 0.00669285 0.00669285 0.00669285 0.00669285 0.00669285 0.00669285 0.00669285 0.00669285 0.0573242 0.00669285 0.0691383 0.982014 0.993307 0.0691384 0.00669285 0.00669285 0.00669285 0.00669285 0.00669285 0.00669285 0.00669285 0.00669285 0.00669285 0.00669285 0.00669285 0.982014 0.0121284 0.0997505 0.00669285 0.00669285 0.00669285 0.00669285 0.00669285 0.00669285 0.00669285 0.00669285 0.00669285 0.00669285 0.00669285 0.00669285 0.00669285 0.00669285 0.00669285 0.00669285 0.00669285 0.00669285 0.00669285 0.00669285 0.00669285 0.00669285 0.00669285 0.00669285 0.00669285 0.00669285 0.00669285 0.00669285 0.00669285 0.00669285 0.00669285 0.00669285 0.00669285 0.00669285 0.00669285 0.00669285 0.00669285 0.00669285 0.00669285 0.00669285 0.00669285 0.00669285 0.00669285 0.00669285 0.00669285 0.00669285 0.00669285 0.00669285 0.00669285 0.00669285 0.00669285 0.00669285 0.00669285 0.00669285 0.00669285 0.00669285 0.00669285 0.00669285 0.0121284 0.0121284 0.00669285 0.0121284 0.0218813 0.0218813 0.0322954 0.167982 0.0322954 0.0391657 0.0391657 0.026597 0.0179862 0.0691384 0.197816 0.310025 0.310025 0.0691384 0.197816 0.0474259 0.0573242 0.952574 0.401312 0.689974 0.982014 0.354344 0.90025 0.450166 0.768525 0.5 0.5 0.5 0.5 0.5 0.5 0.5 0.5 0.5 0.5 0.5 0.5 0.5 0.5 0.5 0.5 0.5 0.5 0.5 0.5 0.5 0.5 0.5 0.5 0.5 0.5 0.5 0.5 0.5 0.5 
0.5 0.5 0.5 0.5 0.5 0.5 0.5 0.5 0.5 0.5 0.5 0.5 0.5 0.5 0.5 0.5 0.5 0.5 0.5 0.5 0.5 0.5 0.5 0.5 0.5 0.5 0.5 0.5 0.5 0.5 0.5 0.5 0.5 0.5 0.5 0.5 0.5 0.5 0.5 0.5 0.5 0.5 0.5 0.5 0.5 0.5 0.5 0.5 0.5 0.5 0.5 0.5 0.5 0.5 0.5 0.5 0.5 0.5 0.5 0.5 0.5 0.5 0.5 0.5 0.5 0.5 0.5 0.5 0.5 0.5 0.5 0.5 0.5 0.5 0.5 0.5 0.5 0.5 0.5 0.5 0.5 0.5 0.5 0.5 0.5 0.5 0.5 0.5 0.5 0.5 0.5 0.5 0.5 0.5 0.5 0.5 0.5 0.5 0.5 0.5 0.5 0.5 0.5 0.5 0.5 0.5 0.5 0.5 0.5 0.5 0.5 0.5 0.5 0.5 0.5 0.5 0.5 0.5 0.5 0.5 0.5 0.5 0.5 0.5 0.5 0.5 0.5 0.5 0.5 0.5 0.5 0.5 0.5 0.993307 0.982014 0.982014 0.967705 0.167982 0.00669285 0.00669285 0.00669285 0.00669285 0.00669285 0.00669285 0.00669285 0.00669285 0.00669285 0.00669285 0.00669285 0.00669285 0.00669285 0.00669285 0.00669285 0.00669285 0.00669285 0.00669285 0.00669285 0.00669285 0.00669285 0.00669285 0.00669285 0.00669285 0.00669285 0.0691384 0.0218813 0.978119 0.985226 0.993307 0.973403 0.00669285 0.00669285 0.00669285 0.00669285 0.00669285 0.00669285 0.00669285 0.00669285 0.00669285 0.00669285 0.00669285 0.00669285 0.00669285 0.00669285 0.00669285 0.00669285 0.00669285 0.00669285 0.00669285 0.00669285 0.00669285 0.00669285 0.00669285 0.00669285 0.00669285 0.00669285 0.00669285 0.00669285 0.00669285 0.00669285 0.00669285 0.00669285 0.00669285 0.00669285 0.00669285 0.00669285 0.00669285 0.00669285 0.00669285 0.00669285 0.00669285 0.00669285 0.00669285 0.00669285 0.00669285 0.00669285 0.00669285 0.00669285 0.00669285 0.00669285 0.00669285 0.00669285 0.00669285 0.00669285 0.00669285 0.00669285 0.00669285 0.00669285 0.00669285 0.00669285 0.00669285 0.00669285 0.00669285 0.00669285 0.00669285 0.00669285 0.00669285 0.00669285 0.00669285 0.00669285 0.00669285 0.00669285 0.00669285 0.00669285 0.00669285 0.00669285 0.00669285 0.00669285 0.0218813 0.00669285 0.00669285 0.0573242 0.0573242 0.231475 0.0474259 0.0573242 0.549834 0.0391657 0.450166 0.0573242 0.942676 0.167982 0.982014 0.832018 0.645656 0.354344 0.90025 0.5 0.5 0.5 0.5 0.5 0.5 0.5 0.5 0.5 0.5 0.5 0.5 0.5 0.5 0.5 0.5 0.5 0.5 0.5 0.5 0.5 0.5 0.5 0.5 0.5 0.5 0.5 0.5 0.5 0.5 0.5 0.5 0.5 0.5 
0.5 0.5 0.5 0.5 0.5 0.5 0.5 0.5 0.5 0.5 0.5 0.5 0.5 0.5 0.5 0.5 0.5 0.5 0.5 0.5 0.5 0.5 0.5 0.5 0.5 0.5 0.5 0.5 0.5 0.5 0.5 0.5 0.5 0.5 0.5 0.5 0.5 0.5 0.5 0.5 0.5 0.5 0.5 0.5 0.5 0.5 0.5 0.5 0.5 0.5 0.5 0.5 0.5 0.5 0.5 0.5 0.5 0.5 0.5 0.5 0.5 0.5 0.5 0.5 0.5 0.5 0.5 0.5 0.5 0.5 0.5 0.5 0.5 0.5 0.5 0.5 0.5 0.5 0.5 0.5 0.5 0.5 0.5 0.5 0.5 0.5 0.5 0.5 0.5 0.5 0.5 0.5 0.5 0.5 0.5 0.5 0.5 0.5 0.5 0.5 0.5 0.5 0.5 0.5 0.5 0.5 0.5 0.5 0.5 0.5 0.5 0.5 0.5 0.5 0.5 0.5 0.5 0.5 0.5 0.5 0.5 0.5 0.5 0.5 0.5 0.5 0.5 0.5 0.5 0.5 0.5 0.5 0.5 0.916827 0.978119 0.982014 0.985226 0.401312 0.00669285 0.00669285 0.00669285 0.00669285 0.00669285 0.00669285 0.00669285 0.00669285 0.00669285 0.00669285 0.0179862 0.026597 0.00669285 0.00669285 0.00669285 0.026597 0.00669285 0.00669285 0.00669285 0.00669285 0.00669285 0.00669285 0.00669285 0.00669285 0.5 0.197816 0.268941 0.978119 0.978119 0.0831727 0.0218813 0.00669285 0.00669285 0.00669285 0.00669285 0.00669285 0.00669285 0.00669285 0.00669285 0.00669285 0.00669285 0.00669285 0.00669285 0.00669285 0.00669285 0.00669285 0.00669285 0.00669285 0.00669285 0.00669285 0.00669285 0.00669285 0.00669285 0.00669285 0.00669285 0.00669285 0.00669285 0.00669285 0.00669285 0.00669285 0.00669285 0.00669285 0.00669285 0.00669285 0.00669285 0.00669285 0.00669285 0.00669285 0.00669285 0.00669285 0.00669285 0.00669285 0.00669285 0.00669285 0.00669285 0.00669285 0.00669285 0.00669285 0.00669285 0.00669285 0.00669285 0.00669285 0.00669285 0.00669285 0.00669285 0.00669285 0.00669285 0.00669285 0.00669285 0.00669285 0.00669285 0.00669285 0.00669285 0.00669285 0.00669285 0.00669285 0.00669285 0.00669285 0.00669285 0.00669285 0.00669285 0.00669285 0.00669285 0.00669285 0.00669285 0.00669285 0.00669285 0.00669285 0.00669285 0.00669285 0.197816 0.141851 0.141851 0.0997505 0.858149 0.0322955 0.119203 0.401312 0.0573242 0.197816 0.952574 0.982014 0.880797 0.401312 0.450166 0.768525 0.5 0.5 0.5 0.5 0.5 0.5 0.5 0.5 0.5 0.5 0.5 0.5 0.5 0.5 0.5 0.5 0.5 0.5 0.5 0.5 0.5 0.5 0.5 0.5 0.5 0.5 0.5 0.5 0.5 0.5 0.5 0.5 0.5 0.5 0.5 0.5 
0.5 0.5 0.5 0.5 0.5 0.5 0.5 0.5 0.5 0.5 0.5 0.5 0.5 0.5 0.5 0.5 0.5 0.5 0.5 0.5 0.5 0.5 0.5 0.5 0.5 0.5 0.5 0.5 0.5 0.5 0.5 0.5 0.5 0.5 0.5 0.5 0.5 0.5 0.5 0.5 0.5 0.5 0.5 0.5 0.5 0.5 0.5 0.5 0.5 0.5 0.5 0.5 0.5 0.5 0.5 0.5 0.5 0.5 0.5 0.5 0.5 0.5 0.5 0.5 0.5 0.5 0.5 0.5 0.5 0.5 0.5 0.5 0.5 0.5 0.5 0.5 0.5 0.5 0.5 0.5 0.5 0.5 0.5 0.5 0.5 0.5 0.5 0.5 0.5 0.5 0.5 0.5 0.5 0.5 0.5 0.5 0.5 0.5 0.5 0.5 0.5 0.5 0.5 0.5 0.5 0.5 0.5 0.5 0.5 0.5 0.5 0.5 0.5 0.5 0.5 0.5 0.5 0.5 0.5 0.5 0.5 0.5 0.5 0.5 0.5 0.5 0.5 0.5 0.5 0.5 0.5 0.5 0.5 0.5 0.993307 0.973403 0.985226 0.960834 0.00669285 0.00669285 0.00669285 0.00669285 0.00669285 0.00669285 0.00669285 0.00669285 0.00669285 0.00669285 0.00669285 0.00816258 0.00669285 0.00669285 0.450166 0.0322954 0.00669285 0.00669285 0.00669285 0.00669285 0.00669285 0.00669285 0.00669285 0.00669285 0.0691384 0.00669285 0.0121284 0.880797 0.880797 0.768525 0.0691384 0.00669285 0.00669285 0.00669285 0.00669285 0.00669285 0.00669285 0.00669285 0.00669285 0.00669285 0.00669285 0.00669285 0.00669285 0.00669285 0.00669285 0.00669285 0.00669285 0.00669285 0.00669285 0.00669285 0.00669285 0.00669285 0.00669285 0.00669285 0.00669285 0.00669285 0.00669285 0.00669285 0.00669285 0.00669285 0.00669285 0.00669285 0.00669285 0.00669285 0.00669285 0.00669285 0.00669285 0.00669285 0.00669285 0.00669285 0.00669285 0.00669285 0.00669285 0.00669285 0.00669285 0.00669285 0.00669285 0.00669285 0.00669285 0.00669285 0.00669285 0.00669285 0.00669285 0.00669285 0.00669285 0.00669285 0.00669285 0.00669285 0.00669285 0.00669285 0.00669285 0.00669285 0.00669285 0.00669285 0.00669285 0.00669285 0.00669285 0.00669285 0.00669285 0.00669285 0.00669285 0.00669285 0.00669285 0.00816258 0.00669285 0.00669285 0.00669285 0.00669285 0.00669285 0.197816 0.119203 0.0474258 0.689974 0.354344 0.310025 0.231475 0.0691384 0.960834 0.978119 0.960834 0.354344 0.689974 0.450166 0.768525 0.5 0.5 0.5 0.5 0.5 0.5 0.5 0.5 0.5 0.5 0.5 0.5 0.5 0.5 0.5 0.5 0.5 0.5 0.5 0.5 0.5 0.5 0.5 0.5 0.5 0.5 0.5 0.5 0.5 0.5 0.5 0.5 0.5 0.5 0.5 0.5 0.5 0.5 
0.5 0.5 0.5 0.5 0.5 0.5 0.5 0.5 0.5 0.5 0.5 0.5 0.5 0.5 0.5 0.5 0.5 0.5 0.5 0.5 0.5 0.5 0.5 0.5 0.5 0.5 0.5 0.5 0.5 0.5 0.5 0.5 0.5 0.5 0.5 0.5 0.5 0.5 0.5 0.5 0.5 0.5 0.5 0.5 0.5 0.5 0.5 0.5 0.5 0.5 0.5 0.5 0.5 0.5 0.5 0.5 0.5 0.5 0.5 0.5 0.5 0.5 0.5 0.5 0.5 0.5 0.5 0.5 0.5 0.5 0.5 0.5 0.5 0.5 0.5 0.5 0.5 0.5 0.5 0.5 0.5 0.5 0.5 0.5 0.5 0.5 0.5 0.5 0.5 0.5 0.5 0.5 0.5 0.5 0.5 0.5 0.5 0.5 0.5 0.5 0.5 0.5 0.5 0.5 0.5 0.5 0.5 0.5 0.5 0.5 0.5 0.5 0.5 0.5 0.5 0.5 0.5 0.5 0.5 0.5 0.5 0.5 0.5 0.5 0.5 0.5 0.5 0.5 0.5 0.5 0.5 0.5 0.5 0.5 0.689974 0.982014 0.985226 0.967705 0.0997505 0.00669285 0.00669285 0.00669285 0.00669285 0.00669285 0.00669285 0.00669285 0.00669285 0.00669285 0.00669285 0.00669285 0.00669285 0.00669285 0.00816258 0.197816 0.00669285 0.00669285 0.00669285 0.00669285 0.00669285 0.00669285 0.00669285 0.00669285 0.0179862 0.00669285 0.00669285 0.0265969 0.598688 0.0573242 0.00669285 0.00669285 0.00669285 0.00669285 0.00669285 0.00669285 0.00669285 0.00669285 0.00669285 0.00669285 0.00669285 0.00669285 0.00669285 0.00669285 0.00669285 0.00669285 0.00669285 0.00669285 0.985226 0.985226 0.00669285 0.00669285 0.00669285 0.00669285 0.00669285 0.00669285 0.00669285 0.00669285 0.00669285 0.00669285 0.00669285 0.00669285 0.00669285 0.00669285 0.00669285 0.00669285 0.00669285 0.00669285 0.00669285 0.00669285 0.00669285 0.00669285 0.00669285 0.00669285 0.00669285 0.00669285 0.00669285 0.00669285 0.00669285 0.00669285 0.00669285 0.00669285 0.00669285 0.00669285 0.00669285 0.00669285 0.00669285 0.00669285 0.00669285 0.00669285 0.00669285 0.00669285 0.00669285 0.00669285 0.00669285 0.00669285 0.00669285 0.00669285 0.00669285 0.00669285 0.00669285 0.00669285 0.00669285 0.00669285 0.00669285 0.00669285 0.00669285 0.0573242 0.689974 0.689975 0.802184 0.450166 0.231475 0.598688 0.450166 0.985226 0.993307 0.645656 0.401312 0.731059 0.5 0.5 0.5 0.5 0.5 0.5 0.5 0.5 0.5 0.5 0.5 0.5 0.5 0.5 0.5 0.5 0.5 0.5 0.5 0.5 0.5 0.5 0.5 0.5 0.5 0.5 0.5 0.5 0.5 0.5 0.5 0.5 0.5 0.5 0.5 0.5 0.5 0.5 0.5 0.5 0.5 0.5 
0.5 0.5 0.5 0.5 0.5 0.5 0.5 0.5 0.5 0.5 0.5 0.5 0.5 0.5 0.5 0.5 0.5 0.5 0.5 0.5 0.5 0.5 0.5 0.5 0.5 0.5 0.5 0.5 0.5 0.5 0.5 0.5 0.5 0.5 0.5 0.5 0.5 0.5 0.5 0.5 0.5 0.5 0.5 0.5 0.5 0.5 0.5 0.5 0.5 0.5 0.5 0.5 0.5 0.5 0.5 0.5 0.5 0.5 0.5 0.5 0.5 0.5 0.5 0.5 0.5 0.5 0.5 0.5 0.5 0.5 0.5 0.5 0.5 0.5 0.5 0.5 0.5 0.5 0.5 0.5 0.5 0.5 0.5 0.5 0.5 0.5 0.5 0.5 0.5 0.5 0.5 0.5 0.5 0.5 0.5 0.5 0.5 0.5 0.5 0.5 0.5 0.5 0.5 0.5 0.5 0.5 0.5 0.5 0.5 0.5 0.5 0.5 0.5 0.5 0.5 0.5 0.5 0.5 0.5 0.5 0.5 0.5 0.5 0.5 0.5 0.5 0.5 0.5 0.5 0.5 0.5 0.5 0.5 0.5 0.916827 0.982014 0.985226 0.802184 0.942676 0.00669285 0.00669285 0.00669285 0.00669285 0.00669285 0.00669285 0.00669285 0.00669285 0.00669285 0.00669285 0.00669285 0.00669285 0.00669285 0.00669285 0.00669285 0.00669285 0.00669285 0.00669285 0.00669285 0.00669285 0.00669285 0.00669285 0.00669285 0.00669285 0.00669285 0.00669285 0.00669285 0.00669285 0.0179862 0.731059 0.0322955 0.00669285 0.00669285 0.00669285 0.00669285 0.00669285 0.00669285 0.00669285 0.00669285 0.00669285 0.00669285 0.00669285 0.00669285 0.00669285 0.00669285 0.00669285 0.00669285 0.00669285 0.00669285 0.00669285 0.00669285 0.00669285 0.00669285 0.00669285 0.00669285 0.00669285 0.00669285 0.00669285 0.00669285 0.00669285 0.00669285 0.00669285 0.00669285 0.00669285 0.00669285 0.00669285 0.00669285 0.00669285 0.00669285 0.00669285 0.00669285 0.00669285 0.00669285 0.00669285 0.00669285 0.00669285 0.00669285 0.00669285 0.00669285 0.00669285 0.00669285 0.00669285 0.00669285 0.00669285 0.00669285 0.00669285 0.00669285 0.00669285 0.00669285 0.00669285 0.00669285 0.00669285 0.00669285 0.00669285 0.00669285 0.00669285 0.00669285 0.00669285 0.00669285 0.00669285 0.00669285 0.00669285 0.00669285 0.00669285 0.401312 0.167982 0.858149 0.401312 0.0831727 0.0997504 0.731059 0.993307 0.993307 0.942676 0.645656 0.731059 0.768525 0.5 0.5 0.5 0.5 0.5 0.5 0.5 0.5 0.5 0.5 0.5 0.5 0.5 0.5 0.5 0.5 0.5 0.5 0.5 0.5 0.5 0.5 0.5 0.5 0.5 0.5 0.5 0.5 0.5 0.5 0.5 0.5 0.5 0.5 0.5 0.5 0.5 0.5 0.5 0.5 0.5 0.5 0.5 0.5 
0.5 0.5 0.5 0.5 0.5 0.5 0.5 0.5 0.5 0.5 0.5 0.5 0.5 0.5 0.5 0.5 0.5 0.5 0.5 0.5 0.5 0.5 0.5 0.5 0.5 0.5 0.5 0.5 0.5 0.5 0.5 0.5 0.5 0.5 0.5 0.5 0.5 0.5 0.5 0.5 0.5 0.5 0.5 0.5 0.5 0.5 0.5 0.5 0.5 0.5 0.5 0.5 0.5 0.5 0.5 0.5 0.5 0.5 0.5 0.5 0.5 0.5 0.5 0.5 0.5 0.5 0.5 0.5 0.5 0.5 0.5 0.5 0.5 0.5 0.5 0.5 0.5 0.5 0.5 0.5 0.5 0.5 0.5 0.5 0.5 0.5 0.5 0.5 0.5 0.5 0.5 0.5 0.5 0.5 0.5 0.5 0.5 0.5 0.5 0.5 0.5 0.5 0.5 0.5 0.5 0.5 0.5 0.5 0.5 0.5 0.5 0.5 0.5 0.5 0.5 0.5 0.5 0.5 0.5 0.5 0.5 0.5 0.5 0.5 0.5 0.5 0.5 0.5 0.5 0.5 0.5 0.5 0.5 0.5 0.5 0.598688 0.731059 0.973403 0.991837 0.231475 0.00669285 0.00669285 0.00669285 0.231475 0.00669285 0.00669285 0.00669285 0.00669285 0.00669285 0.00669285 0.00669285 0.00669285 0.00669285 0.00669285 0.00669285 0.00669285 0.00669285 0.00669285 0.00669285 0.00669285 0.00669285 0.00669285 0.00669285 0.00669285 0.00669285 0.00669285 0.00669285 0.401312 0.0691385 0.00669285 0.00669285 0.00669285 0.00669285 0.00669285 0.00669285 0.00669285 0.00669285 0.00669285 0.00669285 0.00669285 0.00669285 0.00669285 0.00669285 0.00669285 0.00669285 0.00669285 0.00669285 0.00669285 0.00669285 0.00669285 0.00669285 0.00669285 0.00669285 0.00669285 0.00669285 0.00669285 0.00669285 0.00669285 0.00669285 0.00669285 0.00669285 0.00669285 0.00669285 0.00669285 0.00669285 0.00669285 0.00669285 0.00669285 0.00669285 0.00669285 0.00669285 0.00669285 0.00669285 0.00669285 0.00669285 0.00669285 0.00669285 0.00669285 0.00669285 0.00669285 0.00669285 0.00669285 0.00669285 0.00669285 0.00669285 0.00669285 0.00669285 0.00669285 0.00669285 0.00669285 0.00669285 0.00669285 0.00669285 0.00669285 0.00669285 0.00669285 0.00669285 0.00669285 0.00669285 0.00669285 0.00816257 0.141851 0.768525 0.5 0.832018 0.401312 0.0831726 0.973403 0.982014 0.993307 0.645656 0.731059 0.450166 0.768525 0.5 0.5 0.5 0.5 0.5 0.5 0.5 0.5 0.5 0.5 0.5 0.5 0.5 0.5 0.5 0.5 0.5 0.5 0.5 0.5 0.5 0.5 0.5 0.5 0.5 0.5 0.5 0.5 0.5 0.5 0.5 0.5 0.5 0.5 0.5 0.5 0.5 0.5 0.5 0.5 0.5 0.5 0.5 0.5 0.5 0.5 
0.5 0.5 0.5 0.5 0.5 0.5 0.5 0.5 0.5 0.5 0.5 0.5 0.5 0.5 0.5 0.5 0.5 0.5 0.5 0.5 0.5 0.5 0.5 0.5 0.5 0.5 0.5 0.5 0.5 0.5 0.5 0.5 0.5 0.5 0.5 0.5 0.5 0.5 0.5 0.5 0.5 0.5 0.5 0.5 0.5 0.5 0.5 0.5 0.5 0.5 0.5 0.5 0.5 0.5 0.5 0.5 0.5 0.5 0.5 0.5 0.5 0.5 0.5 0.5 0.5 0.5 0.5 0.5 0.5 0.5 0.5 0.5 0.5 0.5 0.5 0.5 0.5 0.5 0.5 0.5 0.5 0.5 0.5 0.5 0.5 0.5 0.5 0.5 0.5 0.5 0.5 0.5 0.5 0.5 0.5 0.5 0.5 0.5 0.5 0.5 0.5 0.5 0.5 0.5 0.5 0.5 0.5 0.5 0.5 0.5 0.5 0.5 0.5 0.5 0.5 0.5 0.5 0.5 0.5 0.5 0.5 0.5 0.5 0.5 0.5 0.5 0.5 0.5 0.5 0.5 0.5 0.5 0.5 0.5 0.5 0.967705 0.858149 0.973403 0.598688 0.930862 0.00669285 0.00669285 0.00669285 0.00669285 0.00669285 0.00669285 0.00669285 0.00669285 0.00669285 0.00669285 0.00669285 0.00669285 0.00669285 0.00669285 0.00669285 0.00669285 0.00669285 0.00669285 0.00669285 0.00669285 0.00669285 0.00669285 0.00669285 0.00669285 0.00669285 0.00669285 0.00669285 0.00669285 0.00669285 0.00669285 0.00669285 0.00669285 0.00669285 0.00669285 0.00669285 0.00669285 0.00669285 0.00669285 0.00669285 0.00669285 0.00669285 0.00669285 0.00669285 0.00669285 0.00669285 0.00669285 0.00669285 0.00669285 0.00669285 0.00669285 0.00669285 0.00669285 0.00669285 0.00669285 0.00669285 0.00669285 0.00669285 0.00669285 0.00669285 0.00669285 0.00669285 0.00669285 0.00669285 0.00669285 0.00669285 0.00669285 0.00669285 0.00669285 0.00669285 0.00669285 0.00669285 0.00669285 0.00669285 0.00669285 0.00669285 0.00669285 0.00669285 0.00669285 0.00669285 0.00669285 0.00669285 0.00669285 0.00669285 0.00669285 0.00669285 0.00669285 0.00669285 0.00669285 0.00669285 0.00669285 0.00669285 0.00669285 0.00669285 0.00669285 0.00669285 0.00669285 0.00669285 0.00669285 0.00995179 0.0391657 0.0997505 0.231475 0.731059 0.930862 0.310026 0.991837 0.990048 0.916827 0.802184 0.858149 0.90025 0.768525 0.5 0.5 0.5 0.5 0.5 0.5 0.5 0.5 0.5 0.5 0.5 0.5 0.5 0.5 0.5 0.5 0.5 0.5 0.5 0.5 0.5 0.5 0.5 0.5 0.5 0.5 0.5 0.5 0.5 0.5 0.5 0.5 0.5 0.5 0.5 0.5 0.5 0.5 0.5 0.5 0.5 0.5 0.5 0.5 0.5 0.5 0.5 0.5 
0.5 0.5 0.5 0.5 0.5 0.5 0.5 0.5 0.5 0.5 0.5 0.5 0.5 0.5 0.5 0.5 0.5 0.5 0.5 0.5 0.5 0.5 0.5 0.5 0.5 0.5 0.5 0.5 0.5 0.5 0.5 0.5 0.5 0.5 0.5 0.5 0.5 0.5 0.5 0.5 0.5 0.5 0.5 0.5 0.5 0.5 0.5 0.5 0.5 0.5 0.5 0.5 0.5 0.5 0.5 0.5 0.5 0.5 0.5 0.5 0.5 0.5 0.5 0.5 0.5 0.5 0.5 0.5 0.5 0.5 0.5 0.5 0.5 0.5 0.5 0.5 0.5 0.5 0.5 0.5 0.5 0.5 0.5 0.5 0.5 0.5 0.5 0.5 0.5 0.5 0.5 0.5 0.5 0.5 0.5 0.5 0.5 0.5 0.5 0.5 0.5 0.5 0.5 0.5 0.5 0.5 0.5 0.5 0.5 0.5 0.5 0.5 0.5 0.5 0.5 0.5 0.5 0.5 0.5 0.5 0.5 0.5 0.5 0.5 0.5 0.5 0.5 0.5 0.5 0.5 0.5 0.5 0.5 0.5 0.5 0.450166 0.802184 0.689974 0.987872 0.960834 0.0218813 0.0322955 0.00669285 0.00669285 0.00669285 0.00669285 0.00669285 0.00669285 0.00669285 0.00669285 0.00669285 0.00669285 0.00669285 0.00669285 0.00669285 0.00669285 0.00669285 0.0121284 0.00669285 0.00669285 0.00669285 0.00669285 0.00669285 0.00669285 0.00669285 0.00669285 0.00669285 0.00669285 0.00669285 0.00669285 0.00669285 0.00669285 0.00669285 0.00669285 0.00669285 0.00669285 0.00669285 0.00669285 0.00669285 0.00669285 0.00669285 0.00669285 0.00669285 0.00669285 0.00669285 0.00669285 0.00669285 0.00669285 0.00669285 0.00669285 0.00669285 0.00669285 0.00669285 0.00669285 0.00669285 0.00669285 0.00669285 0.00669285 0.00669285 0.00669285 0.00669285 0.00669285 0.00669285 0.00669285 0.00669285 0.00669285 0.00669285 0.00669285 0.00669285 0.00669285 0.00669285 0.00669285 0.00669285 0.00669285 0.00669285 0.00669285 0.00669285 0.00669285 0.00669285 0.00669285 0.00669285 0.00669285 0.00669285 0.00669285 0.00669285 0.00669285 0.00669285 0.00669285 0.00669285 0.00669285 0.00669285 0.00669285 0.00669285 0.00669285 0.00669285 0.00669285 0.00669285 0.0391657 0.450166 0.768525 0.768525 0.167982 0.990048 0.985226 0.990048 0.450166 0.5 0.832018 0.967705 0.450166 0.5 0.5 0.5 0.5 0.5 0.5 0.5 0.5 0.5 0.5 0.5 0.5 0.5 0.5 0.5 0.5 0.5 0.5 0.5 0.5 0.5 0.5 0.5 0.5 0.5 0.5 0.5 0.5 0.5 0.5 0.5 0.5 0.5 0.5 0.5 0.5 0.5 0.5 0.5 0.5 0.5 0.5 0.5 0.5 0.5 0.5 0.5 0.5 0.5 0.5 
0.5 0.5 0.5 0.5 0.5 0.5 0.5 0.5 0.5 0.5 0.5 0.5 0.5 0.5 0.5 0.5 0.5 0.5 0.5 0.5 0.5 0.5 0.5 0.5 0.5 0.5 0.5 0.5 0.5 0.5 0.5 0.5 0.5 0.5 0.5 0.5 0.5 0.5 0.5 0.5 0.5 0.5 0.5 0.5 0.5 0.5 0.5 0.5 0.5 0.5 0.5 0.5 0.5 0.5 0.5 0.5 0.5 0.5 0.5 0.5 0.5 0.5 0.5 0.5 0.5 0.5 0.5 0.5 0.5 0.5 0.5 0.5 0.5 0.5 0.5 0.5 0.5 0.5 0.5 0.5 0.5 0.5 0.5 0.5 0.5 0.5 0.5 0.5 0.5 0.5 0.5 0.5 0.5 0.5 0.5 0.5 0.5 0.5 0.5 0.5 0.5 0.5 0.5 0.5 0.5 0.5 0.5 0.5 0.5 0.5 0.5 0.5 0.5 0.5 0.5 0.5 0.5 0.5 0.5 0.5 0.5 0.5 0.5 0.5 0.5 0.5 0.5 0.5 0.5 0.5 0.5 0.5 0.5 0.5 0.5 0.450166 0.197816 0.0474259 0.5 0.987872 0.942676 0.00669285 0.00669285 0.00669285 0.00669285 0.00669285 0.00669285 0.00669285 0.00669285 0.00669285 0.00669285 0.00669285 0.00669285 0.00669285 0.00669285 0.00669285 0.00669285 0.00669285 0.00669285 0.00669285 0.00669285 0.00669285 0.00669285 0.00669285 0.00669285 0.00669285 0.00669285 0.00669285 0.00669285 0.00669285 0.00669285 0.00669285 0.00669285 0.00669285 0.00669285 0.00669285 0.00669285 0.00669285 0.00669285 0.00669285 0.00669285 0.00669285 0.00669285 0.00669285 0.00669285 0.00669285 0.00669285 0.00669285 0.00669285 0.00669285 0.00669285 0.00669285 0.00669285 0.00669285 0.00669285 0.00669285 0.00669285 0.00669285 0.00669285 0.00669285 0.00669285 0.00669285 0.00669285 0.00669285 0.00669285 0.00669285 0.00669285 0.00669285 0.00669285 0.00669285 0.00669285 0.00669285 0.00669285 0.00669285 0.00669285 0.00669285 0.00669285 0.00669285 0.00669285 0.00669285 0.00669285 0.00669285 0.00669285 0.00669285 0.00669285 0.00669285 0.00669285 0.00669285 0.00669285 0.00669285 0.00669285 0.00669285 0.00669285 0.00669285 0.00669285 0.00669285 0.0179862 0.310025 0.952574 0.930861 0.982014 0.987872 0.942676 0.967705 0.768525 0.942676 0.90025 0.731059 0.401312 0.450166 0.768525 0.5 0.5 0.5 0.5 0.5 0.5 0.5 0.5 0.5 0.5 0.5 0.5 0.5 0.5 0.5 0.5 0.5 0.5 0.5 0.5 0.5 0.5 0.5 0.5 0.5 0.5 0.5 0.5 0.5 0.5 0.5 0.5 0.5 0.5 0.5 0.5 0.5 0.5 0.5 0.5 0.5 0.5 0.5 0.5 0.5 0.5 0.5 0.5 0.5 
0.5 0.5 0.5 0.5 0.5 0.5 0.5 0.5 0.5 0.5 0.5 0.5 0.5 0.5 0.5 0.5 0.5 0.5 0.5 0.5 0.5 0.5 0.5 0.5 0.5 0.5 0.5 0.5 0.5 0.5 0.5 0.5 0.5 0.5 0.5 0.5 0.5 0.5 0.5 0.5 0.5 0.5 0.5 0.5 0.5 0.5 0.5 0.5 0.5 0.5 0.5 0.5 0.5 0.5 0.5 0.5 0.5 0.5 0.5 0.5 0.5 0.5 0.5 0.5 0.5 0.5 0.5 0.5 0.5 0.5 0.5 0.5 0.5 0.5 0.5 0.5 0.5 0.5 0.5 0.5 0.5 0.5 0.5 0.5 0.5 0.5 0.5 0.5 0.5 0.5 0.5 0.5 0.5 0.5 0.5 0.5 0.5 0.5 0.5 0.5 0.5 0.5 0.5 0.5 0.5 0.5 0.5 0.5 0.5 0.5 0.5 0.5 0.5 0.5 0.5 0.5 0.5 0.5 0.5 0.5 0.5 0.5 0.5 0.5 0.5 0.5 0.5 0.5 0.5 0.5 0.5 0.5 0.5 0.5 0.5 0.768525 0.5 0.450166 0.0831727 0.982014 0.00669286 0.00669285 0.00669285 0.00669285 0.00669285 0.00669285 0.00669285 0.00669285 0.00669285 0.00669285 0.00669285 0.00669285 0.00669285 0.00669285 0.00669285 0.00669285 0.00669285 0.00669285 0.00669285 0.00669285 0.00669285 0.00669285 0.00669285 0.00669285 0.00669285 0.00669285 0.00669285 0.00669285 0.00669285 0.00669285 0.00669285 0.00669285 0.00669285 0.00669285 0.00669285 0.00669285 0.00669285 0.00669285 0.00669285 0.00669285 0.00669285 0.00669285 0.00669285 0.00669285 0.00669285 0.00669285 0.00669285 0.00669285 0.00669285 0.00669285 0.00669285 0.00669285 0.00669285 0.00669285 0.00669285 0.00669285 0.00669285 0.00669285 0.00669285 0.00669285 0.00669285 0.00669285 0.00669285 0.00669285 0.00669285 0.00669285 0.00669285 0.00669285 0.00669285 0.00669285 0.00669285 0.00669285 0.00669285 0.00669285 0.00669285 0.00669285 0.00669285 0.00669285 0.00669285 0.00669285 0.00669285 0.00669285 0.00669285 0.00669285 0.00669285 0.00669285 0.00669285 0.00669285 0.00669285 0.00669285 0.00669285 0.00669285 0.00669285 0.00669285 0.00669285 0.00669285 0.00669285 0.960834 0.982014 0.987872 0.942676 0.985226 0.689974 0.987872 0.880797 0.689974 0.354344 0.401312 0.5 0.768525 0.768525 0.5 0.5 0.5 0.5 0.5 0.5 0.5 0.5 0.5 0.5 0.5 0.5 0.5 0.5 0.5 0.5 0.5 0.5 0.5 0.5 0.5 0.5 0.5 0.5 0.5 0.5 0.5 0.5 0.5 0.5 0.5 0.5 0.5 0.5 0.5 0.5 0.5 0.5 0.5 0.5 0.5 0.5 0.5 0.5 0.5 0.5 0.5 0.5 0.5 
0.5 0.5 0.5 0.5 0.5 0.5 0.5 0.5 0.5 0.5 0.5 0.5 0.5 0.5 0.5 0.5 0.5 0.5 0.5 0.5 0.5 0.5 0.5 0.5 0.5 0.5 0.5 0.5 0.5 0.5 0.5 0.5 0.5 0.5 0.5 0.5 0.5 0.5 0.5 0.5 0.5 0.5 0.5 0.5 0.5 0.5 0.5 0.5 0.5 0.5 0.5 0.5 0.5 0.5 0.5 0.5 0.5 0.5 0.5 0.5 0.5 0.5 0.5 0.5 0.5 0.5 0.5 0.5 0.5 0.5 0.5 0.5 0.5 0.5 0.5 0.5 0.5 0.5 0.5 0.5 0.5 0.5 0.5 0.5 0.5 0.5 0.5 0.5 0.5 0.5 0.5 0.5 0.5 0.5 0.5 0.5 0.5 0.5 0.5 0.5 0.5 0.5 0.5 0.5 0.5 0.5 0.5 0.5 0.5 0.5 0.5 0.5 0.5 0.5 0.5 0.5 0.5 0.5 0.5 0.5 0.5 0.5 0.5 0.5 0.5 0.5 0.5 0.5 0.5 0.5 0.5 0.5 0.5 0.5 0.5 0.5 0.90025 0.197816 0.598688 0.978119 0.0099518 0.00669285 0.00669285 0.00669285 0.00669285 0.00669285 0.00669285 0.00669285 0.00669285 0.00669285 0.00669285 0.00669285 0.00669285 0.00669285 0.00669285 0.00669285 0.00669285 0.985226 0.00669285 0.00669285 0.00669285 0.00669285 0.00669285 0.00669285 0.00669285 0.00669285 0.00669285 0.00669285 0.00669285 0.00669285 0.00669285 0.00669285 0.00669285 0.00669285 0.00669285 0.00669285 0.00669285 0.00669285 0.00669285 0.00669285 0.00669285 0.00669285 0.00669285 0.00669285 0.00669285 0.00669285 0.00669285 0.00669285 0.00669285 0.00669285 0.00669285 0.00669285 0.00669285 0.00669285 0.00669285 0.00669285 0.00669285 0.00669285 0.00669285 0.00669285 0.00669285 0.00669285 0.00669285 0.00669285 0.00669285 0.00669285 0.00669285 0.00669285 0.00669285 0.00669285 0.00669285 0.00669285 0.00669285 0.00669285 0.00669285 0.00669285 0.00669285 0.00669285 0.00669285 0.00669285 0.00669285 0.00669285 0.00669285 0.00669285 0.00669285 0.00669285 0.00669285 0.00669285 0.00669285 0.00669285 0.00669285 0.00669285 0.00669285 0.00669285 0.00669285 0.00669285 0.645656 0.982014 0.985226 0.993307 0.993307 0.987872 0.231475 0.549834 0.689974 0.5 0.768525 0.768525 0.916827 0.5 0.5 0.5 0.5 0.5 0.5 0.5 0.5 0.5 0.5 0.5 0.5 0.5 0.5 0.5 0.5 0.5 0.5 0.5 0.5 0.5 0.5 0.5 0.5 0.5 0.5 0.5 0.5 0.5 0.5 0.5 0.5 0.5 0.5 0.5 0.5 0.5 0.5 0.5 0.5 0.5 0.5 0.5 0.5 0.5 0.5 0.5 0.5 0.5 0.5 0.5 
0.5 0.5 0.5 0.5 0.5 0.5 0.5 0.5 0.5 0.5 0.5 0.5 0.5 0.5 0.5 0.5 0.5 0.5 0.5 0.5 0.5 0.5 0.5 0.5 0.5 0.5 0.5 0.5 0.5 0.5 0.5 0.5 0.5 0.5 0.5 0.5 0.5 0.5 0.5 0.5 0.5 0.5 0.5 0.5 0.5 0.5 0.5 0.5 0.5 0.5 0.5 0.5 0.5 0.5 0.5 0.5 0.5 0.5 0.5 0.5 0.5 0.5 0.5 0.5 0.5 0.5 0.5 0.5 0.5 0.5 0.5 0.5 0.5 0.5 0.5 0.5 0.5 0.5 0.5 0.5 0.5 0.5 0.5 0.5 0.5 0.5 0.5 0.5 0.5 0.5 0.5 0.5 0.5 0.5 0.5 0.5 0.5 0.5 0.5 0.5 0.5 0.5 0.5 0.5 0.5 0.5 0.5 0.5 0.5 0.5 0.5 0.5 0.5 0.5 0.5 0.5 0.5 0.5 0.5 0.5 0.5 0.5 0.5 0.5 0.5 0.5 0.5 0.5 0.5 0.5 0.5 0.5 0.5 0.5 0.5 0.5 0.450166 0.450166 0.973403 0.987872 0.960834 0.00669285 0.00669285 0.00669285 0.00669285 0.00669285 0.00669285 0.00669285 0.00669285 0.00669285 0.00669285 0.00669285 0.00669285 0.00669285 0.00669285 0.00669285 0.00669285 0.00669285 0.00669285 0.00669285 0.00669285 0.00669285 0.00669285 0.00669285 0.00669285 0.00669285 0.00669285 0.00669285 0.00669285 0.00669285 0.00669285 0.00669285 0.00669285 0.00669285 0.00669285 0.00669285 0.00669285 0.00669285 0.00669285 0.00669285 0.00669285 0.00669285 0.00669285 0.00669285 0.00669285 0.00669285 0.00669285 0.00669285 0.00669285 0.00669285 0.00669285 0.00669285 0.00669285 0.00669285 0.00669285 0.00669285 0.00669285 0.00669285 0.00669285 0.00669285 0.00669285 0.00669285 0.00669285 0.00669285 0.00669285 0.00669285 0.00669285 0.00669285 0.00669285 0.00669285 0.00669285 0.00669285 0.00669285 0.00669285 0.00669285 0.00669285 0.00669285 0.00669285 0.00669285 0.00669285 0.00669285 0.00669285 0.00669285 0.00669285 0.00669285 0.00669285 0.00669285 0.00669285 0.00669285 0.00669285 0.00669285 0.00669285 0.00669285 0.00669285 0.00669285 0.00669285 0.0691384 0.689974 0.993307 0.993307 0.689974 0.549834 0.90025 0.354344 0.880797 0.916827 0.5 0.5 0.5 0.5 0.5 0.5 0.5 0.5 0.5 0.5 0.5 0.5 0.5 0.5 0.5 0.5 0.5 0.5 0.5 0.5 0.5 0.5 0.5 0.5 0.5 0.5 0.5 0.5 0.5 0.5 0.5 0.5 0.5 0.5 0.5 0.5 0.5 0.5 0.5 0.5 0.5 0.5 0.5 0.5 0.5 0.5 0.5 0.5 0.5 0.5 0.5 0.5 0.5 0.5 
0.5 0.5 0.5 0.5 0.5 0.5 0.5 0.5 0.5 0.5 0.5 0.5 0.5 0.5 0.5 0.5 0.5 0.5 0.5 0.5 0.5 0.5 0.5 0.5 0.5 0.5 0.5 0.5 0.5 0.5 0.5 0.5 0.5 0.5 0.5 0.5 0.5 0.5 0.5 0.5 0.5 0.5 0.5 0.5 0.5 0.5 0.5 0.5 0.5 0.5 0.5 0.5 0.5 0.5 0.5 0.5 0.5 0.5 0.5 0.5 0.5 0.5 0.5 0.5 0.5 0.5 0.5 0.5 0.5 0.5 0.5 0.5 0.5 0.5 0.5 0.5 0.5 0.5 0.5 0.5 0.5 0.5 0.5 0.5 0.5 0.5 0.5 0.5 0.5 0.5 0.5 0.5 0.5 0.5 0.5 0.5 0.5 0.5 0.5 0.5 0.5 0.5 0.5 0.5 0.5 0.5 0.5 0.5 0.5 0.5 0.5 0.5 0.5 0.5 0.5 0.5 0.5 0.5 0.5 0.5 0.5 0.5 0.5 0.5 0.5 0.5 0.5 0.5 0.5 0.5 0.5 0.5 0.5 0.5 0.5 0.5 0.450166 0.598688 0.832018 0.268941 0.952574 0.00669285 0.00669285 0.00669285 0.00669285 0.00669285 0.00669285 0.00669285 0.00669285 0.00669285 0.00669285 0.00669285 0.00669285 0.00669285 0.00669285 0.00669285 0.00669285 0.00669285 0.00669285 0.00669285 0.00669285 0.00669285 0.00669285 0.00669285 0.00669285 0.00669285 0.00669285 0.00669285 0.00669285 0.00669285 0.00669285 0.00669285 0.00669285 0.00669285 0.00669285 0.00669285 0.00669285 0.00669285 0.00669285 0.167982 0.00669285 0.00669285 0.00669285 0.00669285 0.00669285 0.00669285 0.00669285 0.00669285 0.00669285 0.00669285 0.00669285 0.00669285 0.00669285 0.00669285 0.00669285 0.00669285 0.00669285 0.00669285 0.00669285 0.00669285 0.00669285 0.00669285 0.00669285 0.00669285 0.00669285 0.00669285 0.00669285 0.00669285 0.00669285 0.00669285 0.00669285 0.00669285 0.00669285 0.00669285 0.00669285 0.00669285 0.00669285 0.00669285 0.00669285 0.00669285 0.00669285 0.00669285 0.00669285 0.00669285 0.00669285 0.00669285 0.00669285 0.00669285 0.00669285 0.00669285 0.00669285 0.00669285 0.00669285 0.00669285 0.00669285 0.0391657 0.0831727 0.802184 0.991837 0.991837 0.598688 0.802184 0.5 0.450166 0.401312 0.90025 0.5 0.5 0.5 0.5 0.5 0.5 0.5 0.5 0.5 0.5 0.5 0.5 0.5 0.5 0.5 0.5 0.5 0.5 0.5 0.5 0.5 0.5 0.5 0.5 0.5 0.5 0.5 0.5 0.5 0.5 0.5 0.5 0.5 0.5 0.5 0.5 0.5 0.5 0.5 0.5 0.5 0.5 0.5 0.5 0.5 0.5 0.5 0.5 0.5 0.5 0.5 0.5 0.5 0.5 
0.5 0.5 0.5 0.5 0.5 0.5 0.5 0.5 0.5 0.5 0.5 0.5 0.5 0.5 0.5 0.5 0.5 0.5 0.5 0.5 0.5 0.5 0.5 0.5 0.5 0.5 0.5 0.5 0.5 0.5 0.5 0.5 0.5 0.5 0.5 0.5 0.5 0.5 0.5 0.5 0.5 0.5 0.5 0.5 0.5 0.5 0.5 0.5 0.5 0.5 0.5 0.5 0.5 0.5 0.5 0.5 0.5 0.5 0.5 0.5 0.5 0.5 0.5 0.5 0.5 0.5 0.5 0.5 0.5 0.5 0.5 0.5 0.5 0.5 0.5 0.5 0.5 0.5 0.5 0.5 0.5 0.5 0.5 0.5 0.5 0.5 0.5 0.5 0.5 0.5 0.5 0.5 0.5 0.5 0.5 0.5 0.5 0.5 0.5 0.5 0.5 0.5 0.5 0.5 0.5 0.5 0.5 0.5 0.5 0.5 0.5 0.5 0.5 0.5 0.5 0.5 0.5 0.5 0.5 0.5 0.5 0.5 0.5 0.5 0.5 0.5 0.5 0.5 0.5 0.5 0.5 0.5 0.5 0.5 0.5 0.5 0.450166 0.598688 0.0691384 0.952574 0.973403 0.916827 0.00669285 0.00669285 0.00669285 0.00669285 0.00669285 0.00669285 0.00669285 0.00669285 0.00669285 0.00669285 0.00669285 0.00669285 0.00669285 0.00669285 0.00669285 0.00669285 0.00669285 0.00669285 0.00669285 0.00669285 0.00669285 0.00669285 0.00669285 0.00669285 0.00669285 0.00669285 0.00669285 0.00669285 0.00669285 0.00669285 0.00669285 0.00669285 0.00669285 0.00669285 0.00669285 0.00669285 0.00669285 0.00669285 0.00669285 0.00669285 0.00669285 0.00669285 0.00669285 0.00669285 0.00669285 0.00669285 0.00669285 0.00669285 0.00669285 0.00669285 0.00669285 0.00669285 0.00669285 0.00669285 0.00669285 0.00669285 0.00669285 0.00669285 0.00669285 0.00669285 0.00669285 0.00669285 0.00669285 0.00669285 0.00669285 0.00669285 0.00669285 0.00669285 0.00669285 0.00669285 0.00669285 0.00669285 0.00669285 0.00669285 0.00669285 0.00669285 0.00669285 0.00669285 0.00669285 0.00669285 0.00669285 0.00669285 0.00669285 0.00669285 0.00669285 0.00669285 0.00669285 0.00669285 0.00669285 0.00669285 0.00669285 0.00669285 0.0179862 0.0179862 0.00669285 0.167982 0.731059 0.993307 0.991837 0.952574 0.310026 0.549834 0.768525 0.450166 0.768525 0.5 0.5 0.5 0.5 0.5 0.5 0.5 0.5 0.5 0.5 0.5 0.5 0.5 0.5 0.5 0.5 0.5 0.5 0.5 0.5 0.5 0.5 0.5 0.5 0.5 0.5 0.5 0.5 0.5 0.5 0.5 0.5 0.5 0.5 0.5 0.5 0.5 0.5 0.5 0.5 0.5 0.5 0.5 0.5 0.5 0.5 0.5 0.5 0.5 0.5 0.5 0.5 0.5 
0.5 0.5 0.5 0.5 0.5 0.5 0.5 0.5 0.5 0.5 0.5 0.5 0.5 0.5 0.5 0.5 0.5 0.5 0.5 0.5 0.5 0.5 0.5 0.5 0.5 0.5 0.5 0.5 0.5 0.5 0.5 0.5 0.5 0.5 0.5 0.5 0.5 0.5 0.5 0.5 0.5 0.5 0.5 0.5 0.5 0.5 0.5 0.5 0.5 0.5 0.5 0.5 0.5 0.5 0.5 0.5 0.5 0.5 0.5 0.5 0.5 0.5 0.5 0.5 0.5 0.5 0.5 0.5 0.5 0.5 0.5 0.5 0.5 0.5 0.5 0.5 0.5 0.5 0.5 0.5 0.5 0.5 0.5 0.5 0.5 0.5 0.5 0.5 0.5 0.5 0.5 0.5 0.5 0.5 0.5 0.5 0.5 0.5 0.5 0.5 0.5 0.5 0.5 0.5 0.5 0.5 0.5 0.5 0.5 0.5 0.5 0.5 0.5 0.5 0.5 0.5 0.5 0.5 0.5 0.5 0.5 0.5 0.5 0.5 0.5 0.5 0.5 0.5 0.5 0.5 0.5 0.5 0.5 0.5 0.5 0.5 0.768525 0.310026 0.197816 0.978119 0.982014 0.967705 0.00669286 0.00669285 0.00669285 0.00669285 0.00669285 0.00669285 0.00669285 0.00669285 0.00669285 0.00669285 0.00669285 0.00669285 0.00669285 0.00669285 0.00669285 0.00669285 0.00669285 0.00669285 0.00669285 0.00669285 0.00669285 0.00669285 0.00669285 0.00669285 0.00669285 0.00669285 0.00669285 0.00669285 0.00669285 0.00669285 0.00669285 0.00669285 0.00669285 0.00669285 0.00669285 0.00669285 0.00669285 0.00669285 0.00669285 0.00669285 0.00669285 0.00669285 0.00669285 0.00669285 0.00669285 0.00669285 0.00669285 0.00669285 0.00669285 0.00669285 0.00669285 0.00669285 0.00669285 0.00669285 0.00669285 0.00669285 0.00669285 0.00669285 0.00669285 0.00669285 0.00669285 0.00669285 0.00669285 0.00669285 0.00669285 0.00669285 0.00669285 0.00669285 0.00669285 0.00669285 0.00669285 0.00669285 0.00669285 0.00669285 0.00669285 0.00669285 0.00669285 0.00669285 0.00669285 0.00669285 0.00669285 0.00669285 0.00669285 0.00669285 0.00669285 0.00669285 0.00669285 0.00669285 0.00669285 0.00669285 0.00669285 0.00669285 0.00669285 0.00669285 0.00669285 0.5 0.401312 0.993307 0.991837 0.598688 0.450166 0.598688 0.598688 0.450166 0.450166 0.5 0.5 0.5 0.5 0.5 0.5 0.5 0.5 0.5 0.5 0.5 0.5 0.5 0.5 0.5 0.5 0.5 0.5 0.5 0.5 0.5 0.5 0.5 0.5 0.5 0.5 0.5 0.5 0.5 0.5 0.5 0.5 0.5 0.5 0.5 0.5 0.5 0.5 0.5 0.5 0.5 0.5 0.5 0.5 0.5 0.5 0.5 0.5 0.5 0.5 0.5 0.5 0.5 
0.5 0.5 0.5 0.5 0.5 0.5 0.5 0.5 0.5 0.5 0.5 0.5 0.5 0.5 0.5 0.5 0.5 0.5 0.5 0.5 0.5 0.5 0.5 0.5 0.5 0.5 0.5 0.5 0.5 0.5 0.5 0.5 0.5 0.5 0.5 0.5 0.5 0.5 0.5 0.5 0.5 0.5 0.5 0.5 0.5 0.5 0.5 0.5 0.5 0.5 0.5 0.5 0.5 0.5 0.5 0.5 0.5 0.5 0.5 0.5 0.5 0.5 0.5 0.5 0.5 0.5 0.5 0.5 0.5 0.5 0.5 0.5 0.5 0.5 0.5 0.5 0.5 0.5 0.5 0.5 0.5 0.5 0.5 0.5 0.5 0.5 0.5 0.5 0.5 0.5 0.5 0.5 0.5 0.5 0.5 0.5 0.5 0.5 0.5 0.5 0.5 0.5 0.5 0.5 0.5 0.5 0.5 0.5 0.5 0.5 0.5 0.5 0.5 0.5 0.5 0.5 0.5 0.5 0.5 0.5 0.5 0.5 0.5 0.5 0.5 0.5 0.5 0.5 0.5 0.5 0.5 0.5 0.5 0.5 0.5 0.5 0.5 0.991837 0.993307 0.990048 0.982014 0.978119 0.930862 0.00816258 0.00669285 0.00669285 0.00669285 0.00669285 0.00669285 0.00669285 0.00669285 0.00669285 0.00669285 0.00669285 0.00669285 0.00669285 0.00669285 0.00669285 0.00669285 0.00669285 0.00669285 0.00669285 0.00669285 0.00669285 0.00669285 0.00669285 0.00669285 0.00669285 0.00669285 0.00669285 0.00669285 0.00669285 0.00669285 0.00669285 0.00669285 0.00669285 0.00669285 0.00669285 0.00669285 0.00669285 0.00669285 0.00669285 0.00669285 0.00669285 0.00669285 0.00669285 0.00669285 0.00669285 0.00669285 0.00669285 0.00669285 0.00669285 0.00669285 0.00669285 0.00669285 0.00669285 0.00669285 0.00669285 0.00669285 0.00669285 0.00669285 0.00669285 0.00669285 0.00669285 0.00669285 0.00669285 0.00669285 0.00669285 0.00669285 0.00669285 0.00669285 0.00669285 0.00669285 0.00669285 0.00669285 0.00669285 0.00669285 0.00669285 0.00669285 0.00669285 0.00669285 0.00669285 0.00669285 0.00669285 0.00669285 0.00669285 0.00669285 0.00669285 0.00669285 0.00669285 0.00669285 0.00669285 0.00669285 0.00669285 0.00669285 0.00669285 0.00669285 0.141851 0.0691384 0.991837 0.985226 0.978119 0.310026 0.354344 0.645656 0.354344 0.731059 0.768525 0.5 0.5 0.5 0.5 0.5 0.5 0.5 0.5 0.5 0.5 0.5 0.5 0.5 0.5 0.5 0.5 0.5 0.5 0.5 0.5 0.5 0.5 0.5 0.5 0.5 0.5 0.5 0.5 0.5 0.5 0.5 0.5 0.5 0.5 0.5 0.5 0.5 0.5 0.5 0.5 0.5 0.5 0.5 0.5 0.5 0.5 0.5 0.5 0.5 0.5 0.5 0.5 
0.5 0.5 0.5 0.5 0.5 0.5 0.5 0.5 0.5 0.5 0.5 0.5 0.5 0.5 0.5 0.5 0.5 0.5 0.5 0.5 0.5 0.5 0.5 0.5 0.5 0.5 0.5 0.5 0.5 0.5 0.5 0.5 0.5 0.5 0.5 0.5 0.5 0.5 0.5 0.5 0.5 0.5 0.5 0.5 0.5 0.5 0.5 0.5 0.5 0.5 0.5 0.5 0.5 0.5 0.5 0.5 0.5 0.5 0.5 0.5 0.5 0.5 0.5 0.5 0.5 0.5 0.5 0.5 0.5 0.5 0.5 0.5 0.5 0.5 0.5 0.5 0.5 0.5 0.5 0.5 0.5 0.5 0.5 0.5 0.5 0.5 0.5 0.5 0.5 0.5 0.5 0.5 0.5 0.5 0.5 0.5 0.5 0.5 0.5 0.5 0.5 0.5 0.5 0.5 0.5 0.5 0.5 0.5 0.5 0.5 0.5 0.5 0.5 0.5 0.5 0.5 0.5 0.5 0.5 0.5 0.5 0.5 0.5 0.5 0.5 0.5 0.5 0.5 0.5 0.5 0.5 0.5 0.5 0.5 0.5 0.5 0.5 0.5 0.973403 0.985226 0.987872 0.978119 0.960834 0.802184 0.00669285 0.00669285 0.00669285 0.00669285 0.00669285 0.00669285 0.00669285 0.00669285 0.768525 0.00669285 0.00669285 0.00669285 0.00669285 0.00669285 0.00669285 0.00669285 0.00669285 0.00669285 0.00669285 0.00669285 0.00669285 0.00669285 0.00669285 0.00669285 0.00669285 0.00669285 0.00669285 0.00669285 0.00669285 0.00669285 0.00669285 0.00669285 0.00669285 0.00669285 0.00669285 0.00669285 0.00669285 0.00669285 0.00669285 0.00669285 0.00669285 0.00669285 0.00669285 0.00669285 0.00669285 0.00669285 0.00669285 0.00669285 0.00669285 0.00669285 0.00669285 0.00669285 0.00669285 0.00669285 0.00669285 0.00669285 0.00669285 0.00669285 0.00669285 0.00669285 0.00669285 0.00669285 0.00669285 0.00669285 0.00669285 0.00669285 0.00669285 0.00669285 0.00669285 0.00669285 0.00669285 0.00669285 0.00669285 0.00669285 0.00669285 0.00669285 0.00669285 0.00669285 0.00669285 0.00669285 0.00669285 0.00669285 0.00669285 0.00669285 0.00669285 0.00669285 0.00669285 0.00669285 0.00669285 0.00669285 0.00669285 0.00669285 0.00669285 0.00669285 0.167982 0.768525 0.993307 0.993307 0.268941 0.401312 0.689974 0.354344 0.354344 0.768525 0.5 0.5 0.5 0.5 0.5 0.5 0.5 0.5 0.5 0.5 0.5 0.5 0.5 0.5 0.5 0.5 0.5 0.5 0.5 0.5 0.5 0.5 0.5 0.5 0.5 0.5 0.5 0.5 0.5 0.5 0.5 0.5 0.5 0.5 0.5 0.5 0.5 0.5 0.5 0.5 0.5 0.5 0.5 0.5 0.5 0.5 0.5 0.5 0.5 0.5 0.5 0.5 
0.5 0.5 0.5 0.5 0.5 0.5 0.5 0.5 0.5 0.5 0.5 0.5 0.5 0.5 0.5 0.5 0.5 0.5 0.5 0.5 0.5 0.5 0.5 0.5 0.5 0.5 0.5 0.5 0.5 0.5 0.5 0.5 0.5 0.5 0.5 0.5 0.5 0.5 0.5 0.5 0.5 0.5 0.5 0.5 0.5 0.5 0.5 0.5 0.5 0.5 0.5 0.5 0.5 0.5 0.5 0.5 0.5 0.5 0.5 0.5 0.5 0.5 0.5 0.5 0.5 0.5 0.5 0.5 0.5 0.5 0.5 0.5 0.5 0.5 0.5 0.5 0.5 0.5 0.5 0.5 0.5 0.5 0.5 0.5 0.5 0.5 0.5 0.5 0.5 0.5 0.5 0.5 0.5 0.5 0.5 0.5 0.5 0.5 0.5 0.5 0.5 0.5 0.5 0.5 0.5 0.5 0.5 0.5 0.5 0.5 0.5 0.5 0.5 0.5 0.5 0.5 0.5 0.5 0.5 0.5 0.5 0.5 0.5 0.5 0.5 0.5 0.5 0.5 0.5 0.5 0.5 0.5 0.5 0.5 0.5 0.5 0.5 0.5 0.5 0.689974 0.802184 0.967705 0.985226 0.880797 0.880797 0.00669285 0.00669285 0.00669285 0.00669285 0.00669285 0.00669285 0.00669285 0.00669285 0.00669285 0.00669285 0.00669285 0.00669285 0.00669285 0.00669285 0.00669285 0.00669285 0.00669285 0.00669285 0.00669285 0.00669285 0.00669285 0.00669285 0.00669285 0.00669285 0.00669285 0.00669285 0.00669285 0.00669285 0.00669285 0.00669285 0.00669285 0.00669285 0.00669285 0.00669285 0.00669285 0.00669285 0.00669285 0.00669285 0.00669285 0.00669285 0.00669285 0.00669285 0.00669285 0.00669285 0.00669285 0.00669285 0.00669285 0.00669285 0.00669285 0.00669285 0.00669285 0.00669285 0.00669285 0.00669285 0.00669285 0.00669285 0.00669285 0.00669285 0.00669285 0.00669285 0.00669285 0.00669285 0.00669285 0.00669285 0.00669285 0.00669285 0.00669285 0.167982 0.00669285 0.00669285 0.00669285 0.00669285 0.00669285 0.00669285 0.00669285 0.00669285 0.00669285 0.00669285 0.00669285 0.00669285 0.00669285 0.00669285 0.00669285 0.00669285 0.00669285 0.00669285 0.00669285 0.00669285 0.00669285 0.00669285 0.00669285 0.00669285 0.00669285 0.0099518 0.231475 0.993307 0.991837 0.354344 0.268941 0.689974 0.401312 0.401312 0.90025 0.5 0.5 0.5 0.5 0.5 0.5 0.5 0.5 0.5 0.5 0.5 0.5 0.5 0.5 0.5 0.5 0.5 0.5 0.5 0.5 0.5 0.5 0.5 0.5 0.5 0.5 0.5 0.5 0.5 0.5 0.5 0.5 0.5 0.5 0.5 0.5 0.5 0.5 0.5 0.5 0.5 0.5 0.5 0.5 0.5 0.5 0.5 0.5 0.5 0.5 0.5 0.5 
0.5 0.5 0.5 0.5 0.5 0.5 0.5 0.5 0.5 0.5 0.5 0.5 0.5 0.5 0.5 0.5 0.5 0.5 0.5 0.5 0.5 0.5 0.5 0.5 0.5 0.5 0.5 0.5 0.5 0.5 0.5 0.5 0.5 0.5 0.5 0.5 0.5 0.5 0.5 0.5 0.5 0.5 0.5 0.5 0.5 0.5 0.5 0.5 0.5 0.5 0.5 0.5 0.5 0.5 0.5 0.5 0.5 0.5 0.5 0.5 0.5 0.5 0.5 0.5 0.5 0.5 0.5 0.5 0.5 0.5 0.5 0.5 0.5 0.5 0.5 0.5 0.5 0.5 0.5 0.5 0.5 0.5 0.5 0.5 0.5 0.5 0.5 0.5 0.5 0.5 0.5 0.5 0.5 0.5 0.5 0.5 0.5 0.5 0.5 0.5 0.5 0.5 0.5 0.5 0.5 0.5 0.5 0.5 0.5 0.5 0.5 0.5 0.5 0.5 0.5 0.5 0.5 0.5 0.5 0.5 0.5 0.5 0.5 0.5 0.5 0.5 0.5 0.5 0.5 0.5 0.5 0.5 0.5 0.5 0.5 0.5 0.5 0.5 0.5 0.916827 0.858149 0.197816 0.978119 0.987872 0.768525 0.0218813 0.00669285 0.00669285 0.00669285 0.00669285 0.00669285 0.00669285 0.00669285 0.00669285 0.00669285 0.00669285 0.00669285 0.00669285 0.00669285 0.00669285 0.00669285 0.00669285 0.00669285 0.00669285 0.00669285 0.00669285 0.00669285 0.00669285 0.00669285 0.00669285 0.00669285 0.00669285 0.00669285 0.00669285 0.00669285 0.00669285 0.00669285 0.00669285 0.00669285 0.00669285 0.00669285 0.00669285 0.00669285 0.00669285 0.00669285 0.00669285 0.00669285 0.00669285 0.00669285 0.00669285 0.00669285 0.00669285 0.00669285 0.00669285 0.00669285 0.00669285 0.00669285 0.00669285 0.00669285 0.00669285 0.00669285 0.00669285 0.00669285 0.00669285 0.00669285 0.00669285 0.00669285 0.00669285 0.0218813 0.0218813 0.0218813 0.645656 0.982014 0.982014 0.268941 0.014774 0.0121284 0.00669285 0.00669285 0.00669285 0.00669285 0.00669285 0.00669285 0.00669285 0.00669285 0.00669285 0.00669285 0.00669285 0.00669285 0.00669285 0.00669285 0.00669285 0.00669285 0.00669285 0.00669285 0.00669285 0.00669285 0.00669285 0.00669285 0.0831726 0.880797 0.990048 0.991837 0.645656 0.858149 0.645656 0.401312 0.310026 0.768525 0.5 0.5 0.5 0.5 0.5 0.5 0.5 0.5 0.5 0.5 0.5 0.5 0.5 0.5 0.5 0.5 0.5 0.5 0.5 0.5 0.5 0.5 0.5 0.5 0.5 0.5 0.5 0.5 0.5 0.5 0.5 0.5 0.5 0.5 0.5 0.5 0.5 0.5 0.5 0.5 0.5 0.5 0.5 0.5 0.5 0.5 0.5 0.5 0.5 0.5 0.5 
0.5 0.5 0.5 0.5 0.5 0.5 0.5 0.5 0.5 0.5 0.5 0.5 0.5 0.5 0.5 0.5 0.5 0.5 0.5 0.5 0.5 0.5 0.5 0.5 0.5 0.5 0.5 0.5 0.5 0.5 0.5 0.5 0.5 0.5 0.5 0.5 0.5 0.5 0.5 0.5 0.5 0.5 0.5 0.5 0.5 0.5 0.5 0.5 0.5 0.5 0.5 0.5 0.5 0.5 0.5 0.5 0.5 0.5 0.5 0.5 0.5 0.5 0.5 0.5 0.5 0.5 0.5 0.5 0.5 0.5 0.5 0.5 0.5 0.5 0.5 0.5 0.5 0.5 0.5 0.5 0.5 0.5 0.5 0.5 0.5 0.5 0.5 0.5 0.5 0.5 0.5 0.5 0.5 0.5 0.5 0.5 0.5 0.5 0.5 0.5 0.5 0.5 0.5 0.5 0.5 0.5 0.5 0.5 0.5 0.5 0.5 0.5 0.5 0.5 0.5 0.5 0.5 0.5 0.5 0.5 0.5 0.5 0.5 0.5 0.5 0.5 0.5 0.5 0.5 0.5 0.5 0.5 0.5 0.5 0.5 0.5 0.5 0.5 0.5 0.5 0.5 0.167982 0.802184 0.832018 0.982014 0.0831727 0.00669285 0.00669285 0.00669285 0.00669285 0.00669285 0.00669285 0.00669285 0.00669285 0.00669285 0.00669285 0.00669285 0.00669285 0.00669285 0.00669285 0.00669285 0.00669285 0.00669285 0.00669285 0.00669285 0.598688 0.00669285 0.00669285 0.00669285 0.00669285 0.00669285 0.00669285 0.00669285 0.00669285 0.00669285 0.00669285 0.00669285 0.00669285 0.00669285 0.00669285 0.00669285 0.00669285 0.00669285 0.00669285 0.00669285 0.00669285 0.00669285 0.00669285 0.00669285 0.00669285 0.00669285 0.00669285 0.00669285 0.00669285 0.00669285 0.00669285 0.00669285 0.00669285 0.00669285 0.00669285 0.00669285 0.00669285 0.00669285 0.00669285 0.00669285 0.00669285 0.197816 0.00669285 0.0691384 0.985226 0.993307 0.991837 0.990048 0.973403 0.310025 0.197816 0.0474258 0.00669285 0.00669285 0.00669285 0.00669285 0.00669285 0.00669285 0.00669285 0.00669285 0.00669285 0.00669285 0.00669285 0.00669285 0.00669285 0.00669285 0.00669285 0.00669285 0.00669285 0.00669285 0.00669285 0.0121284 0.0179862 0.00669285 0.0179862 0.952574 0.993307 0.993307 0.549834 0.858149 0.401312 0.354344 0.5 0.880797 0.5 0.5 0.5 0.5 0.5 0.5 0.5 0.5 0.5 0.5 0.5 0.5 0.5 0.5 0.5 0.5 0.5 0.5 0.5 0.5 0.5 0.5 0.5 0.5 0.5 0.5 0.5 0.5 0.5 0.5 0.5 0.5 0.5 0.5 0.5 0.5 0.5 0.5 0.5 0.5 0.5 0.5 0.5 0.5 0.5 0.5 0.5 0.5 0.5 0.5 0.5 
0.5 0.5 0.5 0.5 0.5 0.5 0.5 0.5 0.5 0.5 0.5 0.5 0.5 0.5 0.5 0.5 0.5 0.5 0.5 0.5 0.5 0.5 0.5 0.5 0.5 0.5 0.5 0.5 0.5 0.5 0.5 0.5 0.5 0.5 0.5 0.5 0.5 0.5 0.5 0.5 0.5 0.5 0.5 0.5 0.5 0.5 0.5 0.5 0.5 0.5 0.5 0.5 0.5 0.5 0.5 0.5 0.5 0.5 0.5 0.5 0.5 0.5 0.5 0.5 0.5 0.5 0.5 0.5 0.5 0.5 0.5 0.5 0.5 0.5 0.5 0.5 0.5 0.5 0.5 0.5 0.5 0.5 0.5 0.5 0.5 0.5 0.5 0.5 0.5 0.5 0.5 0.5 0.5 0.5 0.5 0.5 0.5 0.5 0.5 0.5 0.5 0.5 0.5 0.5 0.5 0.5 0.5 0.5 0.5 0.5 0.5 0.5 0.5 0.5 0.5 0.5 0.5 0.5 0.5 0.5 0.5 0.5 0.5 0.5 0.5 0.5 0.5 0.5 0.5 0.5 0.5 0.5 0.5 0.5 0.5 0.5 0.5 0.5 0.5 0.5 0.5 0.268941 0.231475 0.0179862 0.967705 0.354344 0.00669286 0.00669285 0.00669285 0.00669285 0.00669285 0.00669285 0.00669285 0.00669285 0.00669285 0.00669285 0.00669285 0.00669285 0.00669285 0.00669285 0.00669285 0.00669285 0.00669285 0.00669285 0.00669285 0.00669285 0.00669285 0.00669285 0.00669285 0.00669285 0.00669285 0.00669285 0.00669285 0.00669285 0.00669285 0.00669285 0.00669285 0.00669285 0.00669285 0.00669285 0.00669285 0.00669285 0.00669285 0.00669285 0.00669285 0.00669285 0.00669285 0.00669285 0.00669285 0.00669285 0.00669285 0.00669285 0.00669285 0.00669285 0.00669285 0.00669285 0.00669285 0.00669285 0.00669285 0.00669285 0.00669285 0.00669285 0.00669285 0.197816 0.197816 0.197816 0.026597 0.993307 0.993307 0.993307 0.993307 0.993307 0.993307 0.993307 0.916827 0.598688 0.0391657 0.167982 0.0391657 0.00669285 0.00669285 0.00669285 0.00669285 0.00669285 0.00669285 0.00669285 0.00669285 0.00669285 0.00669285 0.00669285 0.00669285 0.00669285 0.00669285 0.00669285 0.00669285 0.00669285 0.00669285 0.014774 0.00669285 0.167982 0.00669285 0.993307 0.993307 0.973403 0.802184 0.880797 0.401312 0.90025 0.5 0.731059 0.5 0.5 0.5 0.5 0.5 0.5 0.5 0.5 0.5 0.5 0.5 0.5 0.5 0.5 0.5 0.5 0.5 0.5 0.5 0.5 0.5 0.5 0.5 0.5 0.5 0.5 0.5 0.5 0.5 0.5 0.5 0.5 0.5 0.5 0.5 0.5 0.5 0.5 0.5 0.5 0.5 0.5 0.5 0.5 0.5 0.5 0.5 0.5 0.5 0.5 
0.5 0.5 0.5 0.5 0.5 0.5 0.5 0.5 0.5 0.5 0.5 0.5 0.5 0.5 0.5 0.5 0.5 0.5 0.5 0.5 0.5 0.5 0.5 0.5 0.5 0.5 0.5 0.5 0.5 0.5 0.5 0.5 0.5 0.5 0.5 0.5 0.5 0.5 0.5 0.5 0.5 0.5 0.5 0.5 0.5 0.5 0.5 0.5 0.5 0.5 0.5 0.5 0.5 0.5 0.5 0.5 0.5 0.5 0.5 0.5 0.5 0.5 0.5 0.5 0.5 0.5 0.5 0.5 0.5 0.5 0.5 0.5 0.5 0.5 0.5 0.5 0.5 0.5 0.5 0.5 0.5 0.5 0.5 0.5 0.5 0.5 0.5 0.5 0.5 0.5 0.5 0.5 0.5 0.5 0.5 0.5 0.5 0.5 0.5 0.5 0.5 0.5 0.5 0.5 0.5 0.5 0.5 0.5 0.5 0.5 0.5 0.5 0.5 0.5 0.5 0.5 0.5 0.5 0.5 0.5 0.5 0.5 0.5 0.5 0.5 0.5 0.5 0.5 0.5 0.5 0.5 0.5 0.5 0.5 0.5 0.5 0.5 0.5 0.5 0.5 0.5 0.645656 0.0831727 0.450166 0.978119 0.930862 0.00669285 0.00669285 0.00669285 0.00669285 0.00669285 0.00669285 0.00669285 0.00669285 0.00669285 0.00669285 0.00669285 0.00669285 0.00669285 0.00669285 0.00669285 0.00669285 0.00669285 0.00669285 0.00669285 0.00669285 0.00669285 0.00669285 0.00669285 0.00669285 0.00669285 0.00669285 0.00669285 0.00669285 0.00669285 0.00669285 0.00669285 0.00669285 0.00669285 0.00669285 0.00669285 0.00669285 0.00669285 0.00669285 0.00669285 0.00669285 0.00669285 0.00669285 0.00669285 0.00669285 0.00669285 0.00669285 0.00669285 0.00669285 0.00669285 0.00669285 0.00669285 0.00669285 0.00669285 0.00669285 0.00669285 0.0218813 0.197816 0.119203 0.993307 0.993307 0.993307 0.993307 0.993307 0.993307 0.993307 0.993307 0.880797 0.401312 0.5 0.5 0.310026 0.310026 0.141851 0.0573242 0.014774 0.0218813 0.00816257 0.0121284 0.0218813 0.00816257 0.0218813 0.00669285 0.00669285 0.00669285 0.00669285 0.00669285 0.00669285 0.00669285 0.00669285 0.00669285 0.00669285 0.014774 0.00669285 0.014774 0.00669285 0.942676 0.990048 0.991837 0.354344 0.858149 0.401312 0.401312 0.450166 0.5 0.768525 0.5 0.5 0.5 0.5 0.5 0.5 0.5 0.5 0.5 0.5 0.5 0.5 0.5 0.5 0.5 0.5 0.5 0.5 0.5 0.5 0.5 0.5 0.5 0.5 0.5 0.5 0.5 0.5 0.5 0.5 0.5 0.5 0.5 0.5 0.5 0.5 0.5 0.5 0.5 0.5 0.5 0.5 0.5 0.5 0.5 0.5 0.5 0.5 0.5 
0.5 0.5 0.5 0.5 0.5 0.5 0.5 0.5 0.5 0.5 0.5 0.5 0.5 0.5 0.5 0.5 0.5 0.5 0.5 0.5 0.5 0.5 0.5 0.5 0.5 0.5 0.5 0.5 0.5 0.5 0.5 0.5 0.5 0.5 0.5 0.5 0.5 0.5 0.5 0.5 0.5 0.5 0.5 0.5 0.5 0.5 0.5 0.5 0.5 0.5 0.5 0.5 0.5 0.5 0.5 0.5 0.5 0.5 0.5 0.5 0.5 0.5 0.5 0.5 0.5 0.5 0.5 0.5 0.5 0.5 0.5 0.5 0.5 0.5 0.5 0.5 0.5 0.5 0.5 0.5 0.5 0.5 0.5 0.5 0.5 0.5 0.5 0.5 0.5 0.5 0.5 0.5 0.5 0.5 0.5 0.5 0.5 0.5 0.5 0.5 0.5 0.5 0.5 0.5 0.5 0.5 0.5 0.5 0.5 0.5 0.5 0.5 0.5 0.5 0.5 0.5 0.5 0.5 0.5 0.5 0.5 0.5 0.5 0.5 0.5 0.5 0.5 0.5 0.5 0.5 0.5 0.5 0.5 0.5 0.5 0.5 0.5 0.5 0.5 0.5 0.5 0.689974 0.401312 0.310025 0.026597 0.942676 0.960834 0.00669285 0.00669285 0.00669285 0.00669285 0.00669285 0.00669285 0.00669285 0.00669285 0.00669285 0.00669285 0.00669285 0.00669285 0.00669285 0.00669285 0.00669285 0.00669285 0.00669285 0.00669285 0.00669285 0.00669285 0.00669285 0.00669285 0.00669285 0.00669285 0.00669285 0.00669285 0.00669285 0.00669285 0.00669285 0.00669285 0.00669285 0.00669285 0.00669285 0.00669285 0.00669285 0.00669285 0.00669285 0.00669285 0.00669285 0.00669285 0.00669285 0.00669285 0.00669285 0.00669285 0.00669285 0.00669285 0.00669285 0.00669285 0.00669285 0.00669285 0.00669285 0.00669285 0.00669285 0.00669285 0.802184 0.993307 0.993307 0.993307 0.993307 0.993307 0.993307 0.993307 0.858149 0.880797 0.973403 0.768525 0.689974 0.5 0.5 0.450166 0.401312 0.401312 0.197816 0.0831727 0.014774 0.0179862 0.0322954 0.014774 0.026597 0.014774 0.026597 0.0218813 0.0322954 0.0218813 0.00669285 0.0099518 0.00669285 0.0121284 0.00669285 0.0179862 0.0831727 0.0322954 0.310025 0.0099518 0.310025 0.993307 0.991837 0.598688 0.90025 0.354344 0.401312 0.354344 0.401312 0.5 0.5 0.5 0.5 0.5 0.5 0.5 0.5 0.5 0.5 0.5 0.5 0.5 0.5 0.5 0.5 0.5 0.5 0.5 0.5 0.5 0.5 0.5 0.5 0.5 0.5 0.5 0.5 0.5 0.5 0.5 0.5 0.5 0.5 0.5 0.5 0.5 0.5 0.5 0.5 0.5 0.5 0.5 0.5 0.5 0.5 0.5 0.5 0.5 0.5 
0.5 0.5 0.5 0.5 0.5 0.5 0.5 0.5 0.5 0.5 0.5 0.5 0.5 0.5 0.5 0.5 0.5 0.5 0.5 0.5 0.5 0.5 0.5 0.5 0.5 0.5 0.5 0.5 0.5 0.5 0.5 0.5 0.5 0.5 0.5 0.5 0.5 0.5 0.5 0.5 0.5 0.5 0.5 0.5 0.5 0.5 0.5 0.5 0.5 0.5 0.5 0.5 0.5 0.5 0.5 0.5 0.5 0.5 0.5 0.5 0.5 0.5 0.5 0.5 0.5 0.5 0.5 0.5 0.5 0.5 0.5 0.5 0.5 0.5 0.5 0.5 0.5 0.5 0.5 0.5 0.5 0.5 0.5 0.5 0.5 0.5 0.5 0.5 0.5 0.5 0.5 0.5 0.5 0.5 0.5 0.5 0.5 0.5 0.5 0.5 0.5 0.5 0.5 0.5 0.5 0.5 0.5 0.5 0.5 0.5 0.5 0.5 0.5 0.5 0.5 0.5 0.5 0.5 0.5 0.5 0.5 0.5 0.5 0.5 0.5 0.5 0.5 0.5 0.5 0.5 0.5 0.5 0.5 0.5 0.5 0.5 0.5 0.5 0.5 0.5 0.5 0.401312 0.930862 0.0997505 0.0179862 0.880797 0.90025 0.00669285 0.00669285 0.00669285 0.00669285 0.00669285 0.00669285 0.00669285 0.00669285 0.00669285 0.00669285 0.00669285 0.00669285 0.00669285 0.00669285 0.00669285 0.00669285 0.00669285 0.00669285 0.00669285 0.00669285 0.00669285 0.00669285 0.00669285 0.00669285 0.00669285 0.00669285 0.00669285 0.00669285 0.00669285 0.00669285 0.00669285 0.00669285 0.00669285 0.00669285 0.00669285 0.00669285 0.00669285 0.00669285 0.00669285 0.00669285 0.00669285 0.00669285 0.00669285 0.00669285 0.00669285 0.00669285 0.00669285 0.00669285 0.00669285 0.00669285 0.00669285 0.0691384 0.993307 0.993307 0.993307 0.993307 0.978119 0.993307 0.993307 0.985226 0.993307 0.401312 0.5 0.916827 0.916827 0.5 0.5 0.401312 0.5 0.5 0.401312 0.450166 0.450166 0.268941 0.197816 0.026597 0.0179862 0.0322954 0.026597 0.0179862 0.0322954 0.0179862 0.0391657 0.0391657 0.0322954 0.0218813 0.0121284 0.0121284 0.0121284 0.00669285 0.0218813 0.014774 0.0218813 0.026597 0.014774 0.993307 0.987872 0.952574 0.549834 0.689974 0.354344 0.401312 0.401312 0.731059 0.5 0.5 0.5 0.5 0.5 0.5 0.5 0.5 0.5 0.5 0.5 0.5 0.5 0.5 0.5 0.5 0.5 0.5 0.5 0.5 0.5 0.5 0.5 0.5 0.5 0.5 0.5 0.5 0.5 0.5 0.5 0.5 0.5 0.5 0.5 0.5 0.5 0.5 0.5 0.5 0.5 0.5 0.5 0.5 0.5 0.5 0.5 0.5 0.5 
0.5 0.5 0.5 0.5 0.5 0.5 0.5 0.5 0.5 0.5 0.5 0.5 0.5 0.5 0.5 0.5 0.5 0.5 0.5 0.5 0.5 0.5 0.5 0.5 0.5 0.5 0.5 0.5 0.5 0.5 0.5 0.5 0.5 0.5 0.5 0.5 0.5 0.5 0.5 0.5 0.5 0.5 0.5 0.5 0.5 0.5 0.5 0.5 0.5 0.5 0.5 0.5 0.5 0.5 0.5 0.5 0.5 0.5 0.5 0.5 0.5 0.5 0.5 0.5 0.5 0.5 0.5 0.5 0.5 0.5 0.5 0.5 0.5 0.5 0.5 0.5 0.5 0.5 0.5 0.5 0.5 0.5 0.5 0.5 0.5 0.5 0.5 0.5 0.5 0.5 0.5 0.5 0.5 0.5 0.5 0.5 0.5 0.5 0.5 0.5 0.5 0.5 0.5 0.5 0.5 0.5 0.5 0.5 0.5 0.5 0.5 0.5 0.5 0.5 0.5 0.5 0.5 0.5 0.5 0.5 0.5 0.5 0.5 0.5 0.5 0.5 0.5 0.5 0.5 0.5 0.5 0.5 0.5 0.5 0.5 0.5 0.5 0.5 0.5 0.5 0.5 0.401312 0.310026 0.0831727 0.167982 0.5 0.90025 0.00669285 0.00669285 0.00669285 0.00669285 0.00669285 0.00669285 0.00669285 0.00669285 0.00669285 0.00669285 0.00669285 0.00669285 0.00669285 0.00669285 0.00669285 0.00669285 0.00669285 0.00669285 0.00669285 0.00669285 0.00669285 0.00669285 0.00669285 0.00669285 0.00669285 0.00669285 0.00669285 0.00669285 0.00669285 0.00669285 0.00669285 0.00669285 0.00669285 0.00669285 0.00669285 0.00669285 0.00669285 0.00669285 0.00669285 0.00669285 0.00669285 0.00669285 0.00669285 0.00669285 0.00669285 0.00669285 0.00669285 0.00669285 0.00669285 0.942676 0.993307 0.993307 0.993307 0.993307 0.993307 0.993307 0.993307 0.90025 0.768525 0.5 0.5 0.5 0.916827 0.5 0.5 0.5 0.5 0.5 0.401312 0.5 0.450166 0.450166 0.5 0.450166 0.401312 0.141851 0.119203 0.026597 0.0391657 0.0474259 0.0474259 0.0391657 0.0121284 0.0218813 0.0179862 0.0474259 0.0391657 0.014774 0.00669285 0.0179862 0.026597 0.450166 0.167982 0.0391657 0.0391657 0.967705 0.952574 0.987872 0.549834 0.549834 0.967705 0.354344 0.401312 0.731059 0.768525 0.5 0.5 0.5 0.5 0.5 0.5 0.5 0.5 0.5 0.5 0.5 0.5 0.5 0.5 0.5 0.5 0.5 0.5 0.5 0.5 0.5 0.5 0.5 0.5 0.5 0.5 0.5 0.5 0.5 0.5 0.5 0.5 0.5 0.5 0.5 0.5 0.5 0.5 0.5 0.5 0.5 0.5 0.5 0.5 0.5 0.5 0.5 0.5 
0.5 0.5 0.5 0.5 0.5 0.5 0.5 0.5 0.5 0.5 0.5 0.5 0.5 0.5 0.5 0.5 0.5 0.5 0.5 0.5 0.5 0.5 0.5 0.5 0.5 0.5 0.5 0.5 0.5 0.5 0.5 0.5 0.5 0.5 0.5 0.5 0.5 0.5 0.5 0.5 0.5 0.5 0.5 0.5 0.5 0.5 0.5 0.5 0.5 0.5 0.5 0.5 0.5 0.5 0.5 0.5 0.5 0.5 0.5 0.5 0.5 0.5 0.5 0.5 0.5 0.5 0.5 0.5 0.5 0.5 0.5 0.5 0.5 0.5 0.5 0.5 0.5 0.5 0.5 0.5 0.5 0.5 0.5 0.5 0.5 0.5 0.5 0.5 0.5 0.5 0.5 0.5 0.5 0.5 0.5 0.5 0.5 0.5 0.5 0.5 0.5 0.5 0.5 0.5 0.5 0.5 0.5 0.5 0.5 0.5 0.5 0.5 0.5 0.5 0.5 0.5 0.5 0.5 0.5 0.5 0.5 0.5 0.5 0.5 0.5 0.5 0.5 0.5 0.5 0.5 0.5 0.5 0.5 0.5 0.5 0.5 0.5 0.5 0.5 0.5 0.5 0.401312 0.310026 0.119203 0.0218813 0.00669285 0.00669285 0.00669285 0.00669285 0.00669285 0.00669285 0.00669285 0.00669285 0.00669285 0.00669285 0.00669285 0.00669285 0.00669285 0.00669285 0.00669285 0.00669285 0.00669285 0.00669285 0.00669285 0.00669285 0.00669285 0.00669285 0.00669285 0.00669285 0.00669285 0.00669285 0.00669285 0.00669285 0.00669285 0.00669285 0.00669285 0.00669285 0.00669285 0.00669285 0.00669285 0.00669285 0.00669285 0.00669285 0.00669285 0.00669285 0.00669285 0.00669285 0.00669285 0.00669285 0.00669285 0.00669285 0.00669285 0.00669285 0.401312 0.993307 0.993307 0.993307 0.993307 0.993307 0.993307 0.993307 0.960834 0.916827 0.5 0.5 0.5 0.5 0.5 0.5 0.5 0.5 0.5 0.5 0.5 0.5 0.401312 0.5 0.5 0.401312 0.5 0.5 0.450166 0.354344 0.197816 0.119203 0.0831727 0.0831727 0.026597 0.0573242 0.0391657 0.026597 0.0391657 0.0179862 0.0391657 0.0391657 0.0573242 0.00816257 0.0099518 0.0322955 0.0391657 0.268941 0.0573242 0.401312 0.985226 0.832018 0.689974 0.310026 0.354344 0.5 0.354344 0.731059 0.768525 0.5 0.5 0.5 0.5 0.5 0.5 0.5 0.5 0.5 0.5 0.5 0.5 0.5 0.5 0.5 0.5 0.5 0.5 0.5 0.5 0.5 0.5 0.5 0.5 0.5 0.5 0.5 0.5 0.5 0.5 0.5 0.5 0.5 0.5 0.5 0.5 0.5 0.5 0.5 0.5 0.5 0.5 0.5 0.5 0.5 0.5 0.5 0.5 
0.5 0.5 0.5 0.5 0.5 0.5 0.5 0.5 0.5 0.5 0.5 0.5 0.5 0.5 0.5 0.5 0.5 0.5 0.5 0.5 0.5 0.5 0.5 0.5 0.5 0.5 0.5 0.5 0.5 0.5 0.5 0.5 0.5 0.5 0.5 0.5 0.5 0.5 0.5 0.5 0.5 0.5 0.5 0.5 0.5 0.5 0.5 0.5 0.5 0.5 0.5 0.5 0.5 0.5 0.5 0.5 0.5 0.5 0.5 0.5 0.5 0.5 0.5 0.5 0.5 0.5 0.5 0.5 0.5 0.5 0.5 0.5 0.5 0.5 0.5 0.5 0.5 0.5 0.5 0.5 0.5 0.5 0.5 0.5 0.5 0.5 0.5 0.5 0.5 0.5 0.5 0.5 0.5 0.5 0.5 0.5 0.5 0.5 0.5 0.5 0.5 0.5 0.5 0.5 0.5 0.5 0.5 0.5 0.5 0.5 0.5 0.5 0.5 0.5 0.5 0.5 0.5 0.5 0.5 0.5 0.5 0.5 0.5 0.5 0.5 0.5 0.5 0.5 0.5 0.5 0.5 0.5 0.5 0.5 0.5 0.5 0.5 0.5 0.5 0.5 0.5 0.5 0.197816 0.0691384 0.00669285 0.00669285 0.00669285 0.00669285 0.00669285 0.00669285 0.00669285 0.00669285 0.00669285 0.00669285 0.00669285 0.00669285 0.00669285 0.00669285 0.00669285 0.00669285 0.00669285 0.00669285 0.00669285 0.00669285 0.00669285 0.00669285 0.00669285 0.00669285 0.00669285 0.00669285 0.00669285 0.00669285 0.00669285 0.00669285 0.00669285 0.00669285 0.00669285 0.00669285 0.00669285 0.00669285 0.00669285 0.00669285 0.00669285 0.00669285 0.00669285 0.00669285 0.00669285 0.00669285 0.00669285 0.00669285 0.00669285 0.0218813 0.993307 0.993307 0.993307 0.993307 0.993307 0.993307 0.993307 0.916827 0.5 0.5 0.5 0.5 0.5 0.5 0.5 0.5 0.5 0.5 0.5 0.5 0.5 0.5 0.5 0.5 0.401312 0.5 0.450166 0.450166 0.5 0.5 0.401312 0.354344 0.119203 0.197816 0.197816 0.197816 0.0474259 0.0322954 0.0691384 0.026597 0.014774 0.0573242 0.026597 0.0218813 0.026597 0.0099518 0.026597 0.0691384 0.0391657 0.231475 0.119203 0.942676 0.967705 0.880797 0.401312 0.310026 0.310026 0.5 0.689974 0.450166 0.5 0.5 0.5 0.5 0.5 0.5 0.5 0.5 0.5 0.5 0.5 0.5 0.5 0.5 0.5 0.5 0.5 0.5 0.5 0.5 0.5 0.5 0.5 0.5 0.5 0.5 0.5 0.5 0.5 0.5 0.5 0.5 0.5 0.5 0.5 0.5 0.5 0.5 0.5 0.5 0.5 0.5 0.5 0.5 0.5 0.5 0.5 0.5 
0.5 0.5 0.5 0.5 0.5 0.5 0.5 0.5 0.5 0.5 0.5 0.5 0.5 0.5 0.5 0.5 0.5 0.5 0.5 0.5 0.5 0.5 0.5 0.5 0.5 0.5 0.5 0.5 0.5 0.5 0.5 0.5 0.5 0.5 0.5 0.5 0.5 0.5 0.5 0.5 0.5 0.5 0.5 0.5 0.5 0.5 0.5 0.5 0.5 0.5 0.5 0.5 0.5 0.5 0.5 0.5 0.5 0.5 0.5 0.5 0.5 0.5 0.5 0.5 0.5 0.5 0.5 0.5 0.5 0.5 0.5 0.5 0.5 0.5 0.5 0.5 0.5 0.5 0.5 0.5 0.5 0.5 0.5 0.5 0.5 0.5 0.5 0.5 0.5 0.5 0.5 0.5 0.5 0.5 0.5 0.5 0.5 0.5 0.5 0.5 0.5 0.5 0.5 0.5 0.5 0.5 0.5 0.5 0.5 0.5 0.5 0.5 0.5 0.5 0.5 0.5 0.5 0.5 0.5 0.5 0.5 0.5 0.5 0.5 0.5 0.5 0.5 0.5 0.5 0.5 0.5 0.5 0.5 0.5 0.5 0.5 0.5 0.5 0.5 0.5 0.5 0.401312 0.141851 0.0179862 0.00669285 0.00669285 0.00669285 0.00669285 0.00669285 0.00669285 0.00669285 0.00669285 0.00669285 0.00669285 0.00669285 0.00669285 0.00669285 0.00669285 0.00669285 0.00669285 0.00669285 0.00669285 0.00669285 0.00669285 0.00669285 0.00669285 0.00669285 0.00669285 0.00669285 0.00669285 0.00669285 0.00669285 0.00669285 0.00669285 0.00669285 0.00669285 0.00669285 0.00669285 0.00669285 0.00669285 0.00669285 0.00669285 0.00669285 0.00669285 0.00669285 0.00669285 0.00669285 0.00669285 0.00669285 0.990048 0.993307 0.993307 0.993307 0.993307 0.993307 0.993307 0.90025 0.768525 0.5 0.5 0.5 0.5 0.5 0.5 0.5 0.5 0.5 0.5 0.5 0.5 0.5 0.5 0.5 0.5 0.5 0.5 0.5 0.401312 0.5 0.450166 0.450166 0.5 0.5 0.450166 0.197816 0.268941 0.141851 0.354344 0.268941 0.231475 0.0391657 0.0391657 0.0573242 0.0121284 0.0121284 0.0691384 0.0218813 0.0179862 0.014774 0.231475 0.119203 0.268941 0.197816 0.952574 0.973403 0.450166 0.5 0.401312 0.689974 0.598688 0.5 0.401312 0.768525 0.5 0.5 0.5 0.5 0.5 0.5 0.5 0.5 0.5 0.5 0.5 0.5 0.5 0.5 0.5 0.5 0.5 0.5 0.5 0.5 0.5 0.5 0.5 0.5 0.5 0.5 0.5 0.5 0.5 0.5 0.5 0.5 0.5 0.5 0.5 0.5 0.5 0.5 0.5 0.5 0.5 0.5 0.5 0.5 0.5 0.5 0.5 
0.5 0.5 0.5 0.5 0.5 0.5 0.5 0.5 0.5 0.5 0.5 0.5 0.5 0.5 0.5 0.5 0.5 0.5 0.5 0.5 0.5 0.5 0.5 0.5 0.5 0.5 0.5 0.5 0.5 0.5 0.5 0.5 0.5 0.5 0.5 0.5 0.5 0.5 0.5 0.5 0.5 0.5 0.5 0.5 0.5 0.5 0.5 0.5 0.5 0.5 0.5 0.5 0.5 0.5 0.5 0.5 0.5 0.5 0.5 0.5 0.5 0.5 0.5 0.5 0.5 0.5 0.5 0.5 0.5 0.5 0.5 0.5 0.5 0.5 0.5 0.5 0.5 0.5 0.5 0.5 0.5 0.5 0.5 0.5 0.5 0.5 0.5 0.5 0.5 0.5 0.5 0.5 0.5 0.5 0.5 0.5 0.5 0.5 0.5 0.5 0.5 0.5 0.5 0.5 0.5 0.5 0.5 0.5 0.5 0.5 0.5 0.5 0.5 0.5 0.5 0.5 0.5 0.5 0.5 0.5 0.5 0.5 0.5 0.5 0.5 0.5 0.5 0.5 0.5 0.5 0.5 0.5 0.5 0.5 0.5 0.5 0.5 0.5 0.5 0.450166 0.354344 0.268941 0.0691384 0.0831727 0.00669285 0.00669285 0.00669285 0.00669285 0.00669285 0.00669285 0.00669285 0.00669285 0.00669285 0.00669285 0.00669285 0.00669285 0.00669285 0.00669285 0.00669285 0.00669285 0.00669285 0.00669285 0.00669285 0.00669285 0.00669285 0.00669285 0.00669285 0.00669285 0.00669285 0.00669285 0.00669285 0.00669285 0.00669285 0.00669285 0.00669285 0.00669285 0.00669285 0.00669285 0.00669285 0.00669285 0.00669285 0.00669285 0.00669285 0.00669285 0.00669285 0.00669286 0.00669285 0.993307 0.993307 0.993307 0.993307 0.993307 0.993307 0.993307 0.993307 0.916827 0.5 0.5 0.5 0.5 0.5 0.5 0.5 0.5 0.5 0.5 0.5 0.5 0.5 0.5 0.5 0.5 0.5 0.5 0.5 0.5 0.5 0.5 0.401312 0.450166 0.450166 0.5 0.5 0.5 0.401312 0.197816 0.197816 0.231475 0.401312 0.231475 0.231475 0.0997505 0.0474259 0.0474259 0.0573242 0.0218813 0.0573242 0.0322954 0.0218813 0.0218813 0.0218813 0.354344 0.268941 0.119203 0.982014 0.930862 0.401312 0.450166 0.731059 0.401312 0.645656 0.401312 0.401312 0.5 0.5 0.5 0.5 0.5 0.5 0.5 0.5 0.5 0.5 0.5 0.5 0.5 0.5 0.5 0.5 0.5 0.5 0.5 0.5 0.5 0.5 0.5 0.5 0.5 0.5 0.5 0.5 0.5 0.5 0.5 0.5 0.5 0.5 0.5 0.5 0.5 0.5 0.5 0.5 0.5 0.5 0.5 0.5 0.5 0.5 0.5 
0.5 0.5 0.5 0.5 0.5 0.5 0.5 0.5 0.5 0.5 0.5 0.5 0.5 0.5 0.5 0.5 0.5 0.5 0.5 0.5 0.5 0.5 0.5 0.5 0.5 0.5 0.5 0.5 0.5 0.5 0.5 0.5 0.5 0.5 0.5 0.5 0.5 0.5 0.5 0.5 0.5 0.5 0.5 0.5 0.5 0.5 0.5 0.5 0.5 0.5 0.5 0.5 0.5 0.5 0.5 0.5 0.5 0.5 0.5 0.5 0.5 0.5 0.5 0.5 0.5 0.5 0.5 0.5 0.5 0.5 0.5 0.5 0.5 0.5 0.5 0.5 0.5 0.5 0.5 0.5 0.5 0.5 0.5 0.5 0.5 0.5 0.5 0.5 0.5 0.5 0.5 0.5 0.5 0.5 0.5 0.5 0.5 0.5 0.5 0.5 0.5 0.5 0.5 0.5 0.5 0.5 0.5 0.5 0.5 0.5 0.5 0.5 0.5 0.5 0.5 0.5 0.5 0.5 0.5 0.5 0.5 0.5 0.5 0.5 0.5 0.5 0.5 0.5 0.5 0.5 0.5 0.5 0.5 0.5 0.5 0.5 0.5 0.5 0.401312 0.354344 0.231475 0.141851 0.141851 0.0179862 0.026597 0.00669285 0.00669285 0.00669285 0.00669285 0.00669285 0.00669285 0.00669285 0.00669285 0.00669285 0.00669285 0.00669285 0.00669285 0.00669285 0.00669285 0.00669285 0.00669285 0.00669285 0.00669285 0.00669285 0.00669285 0.00669285 0.00669285 0.00669285 0.00669285 0.00669285 0.00669285 0.00669285 0.00669285 0.00669285 0.00669285 0.00669285 0.00669285 0.00669285 0.00669285 0.00669285 0.00669285 0.00669285 0.00669285 0.026597 0.990048 0.982014 0.993307 0.993307 0.993307 0.993307 0.993307 0.993307 0.973403 0.768525 0.5 0.5 0.5 0.5 0.5 0.5 0.5 0.5 0.5 0.5 0.5 0.5 0.5 0.5 0.5 0.5 0.5 0.5 0.5 0.5 0.5 0.5 0.5 0.5 0.401312 0.5 0.450166 0.450166 0.5 0.5 0.450166 0.401312 0.167982 0.268941 0.167982 0.401312 0.310026 0.268941 0.141851 0.119203 0.0391657 0.0391657 0.0218813 0.0322954 0.0218813 0.0322954 0.0322954 0.0322954 0.401312 0.0831727 0.916827 0.832018 0.880797 0.401312 0.450166 0.5 0.731059 0.450166 0.401312 0.731059 0.5 0.5 0.5 0.5 0.5 0.5 0.5 0.5 0.5 0.5 0.5 0.5 0.5 0.5 0.5 0.5 0.5 0.5 0.5 0.5 0.5 0.5 0.5 0.5 0.5 0.5 0.5 0.5 0.5 0.5 0.5 0.5 0.5 0.5 0.5 0.5 0.5 0.5 0.5 0.5 0.5 0.5 0.5 0.5 0.5 0.5 
0.5 0.5 0.5 0.5 0.5 0.5 0.5 0.5 0.5 0.5 0.5 0.5 0.5 0.5 0.5 0.5 0.5 0.5 0.5 0.5 0.5 0.5 0.5 0.5 0.5 0.5 0.5 0.5 0.5 0.5 0.5 0.5 0.5 0.5 0.5 0.5 0.5 0.5 0.5 0.5 0.5 0.5 0.5 0.5 0.5 0.5 0.5 0.5 0.5 0.5 0.5 0.5 0.5 0.5 0.5 0.5 0.5 0.5 0.5 0.5 0.5 0.5 0.5 0.5 0.5 0.5 0.5 0.5 0.5 0.5 0.5 0.5 0.5 0.5 0.5 0.5 0.5 0.5 0.5 0.5 0.5 0.5 0.5 0.5 0.5 0.5 0.5 0.5 0.5 0.5 0.5 0.5 0.5 0.5 0.5 0.5 0.5 0.5 0.5 0.5 0.5 0.5 0.5 0.5 0.5 0.5 0.5 0.5 0.5 0.5 0.5 0.5 0.5 0.5 0.5 0.5 0.5 0.5 0.5 0.5 0.5 0.5 0.5 0.5 0.5 0.5 0.5 0.5 0.5 0.5 0.5 0.5 0.5 0.5 0.5 0.5 0.450166 0.354344 0.310026 0.231475 0.268941 0.231475 0.0474259 0.0322954 0.0474259 0.00669285 0.00669285 0.00669285 0.00669285 0.00669285 0.00669285 0.00669285 0.00669285 0.00669285 0.00669285 0.00669285 0.00669285 0.00669285 0.00669285 0.00669285 0.00669285 0.00669285 0.00669285 0.00669285 0.00669285 0.00669285 0.00669285 0.00669285 0.00669285 0.00669285 0.00669285 0.00669285 0.00669285 0.00669285 0.00669285 0.00669285 0.00669285 0.00669285 0.00669285 0.00669285 0.00669286 0.231475 0.268941 0.916827 0.802184 0.982014 0.990048 0.993307 0.993307 0.993307 0.973403 0.5 0.5 0.5 0.5 0.5 0.5 0.5 0.5 0.5 0.5 0.5 0.5 0.5 0.5 0.5 0.5 0.5 0.5 0.5 0.5 0.5 0.5 0.5 0.5 0.5 0.5 0.5 0.5 0.401312 0.450166 0.450166 0.5 0.5 0.5 0.401312 0.231475 0.310026 0.354344 0.197816 0.401312 0.268941 0.401312 0.197816 0.197816 0.0831727 0.0391657 0.0218813 0.0474259 0.0391657 0.0218813 0.119203 0.5 0.141851 0.832018 0.930862 0.689974 0.768525 0.401312 0.450166 0.450166 0.450166 0.450166 0.916827 0.768525 0.5 0.5 0.5 0.5 0.5 0.5 0.5 0.5 0.5 0.5 0.5 0.5 0.5 0.5 0.5 0.5 0.5 0.5 0.5 0.5 0.5 0.5 0.5 0.5 0.5 0.5 0.5 0.5 0.5 0.5 0.5 0.5 0.5 0.5 0.5 0.5 0.5 0.5 0.5 0.5 0.5 0.5 0.5 0.5 0.5 
0.5 0.5 0.5 0.5 0.5 0.5 0.5 0.5 0.5 0.5 0.5 0.5 0.5 0.5 0.5 0.5 0.5 0.5 0.5 0.5 0.5 0.5 0.5 0.5 0.5 0.5 0.5 0.5 0.5 0.5 0.5 0.5 0.5 0.5 0.5 0.5 0.5 0.5 0.5 0.5 0.5 0.5 0.5 0.5 0.5 0.5 0.5 0.5 0.5 0.5 0.5 0.5 0.5 0.5 0.5 0.5 0.5 0.5 0.5 0.5 0.5 0.5 0.5 0.5 0.5 0.5 0.5 0.5 0.5 0.5 0.5 0.5 0.5 0.5 0.5 0.5 0.5 0.5 0.5 0.5 0.5 0.5 0.5 0.5 0.5 0.5 0.5 0.5 0.5 0.5 0.5 0.5 0.5 0.5 0.5 0.5 0.5 0.5 0.5 0.5 0.5 0.5 0.5 0.5 0.5 0.5 0.5 0.5 0.5 0.5 0.5 0.5 0.5 0.5 0.5 0.5 0.5 0.5 0.5 0.5 0.5 0.5 0.5 0.5 0.5 0.5 0.5 0.5 0.5 0.5 0.5 0.5 0.5 0.5 0.450166 0.401312 0.354344 0.268941 0.231475 0.354344 0.141851 0.167982 0.026597 0.0997505 0.014774 0.00669285 0.00669285 0.00669285 0.00669285 0.00669285 0.00669285 0.00669285 0.00669285 0.00669285 0.00669285 0.00669285 0.00669285 0.00669285 0.00669285 0.00669285 0.00669285 0.00669285 0.00669285 0.00669285 0.00669285 0.00669285 0.00669285 0.00669285 0.00669285 0.00669285 0.00669285 0.00669285 0.00669285 0.00669285 0.00669285 0.00669285 0.00669285 0.00669285 0.310025 0.990048 0.310026 0.231475 0.90025 0.985226 0.985226 0.993307 0.993307 0.993307 0.768525 0.5 0.5 0.5 0.5 0.5 0.5 0.5 0.5 0.5 0.5 0.5 0.5 0.5 0.5 0.5 0.5 0.5 0.5 0.5 0.5 0.5 0.5 0.5 0.5 0.5 0.5 0.5 0.5 0.5 0.5 0.5 0.401312 0.450166 0.450166 0.5 0.5 0.450166 0.354344 0.268941 0.310026 0.354344 0.310026 0.401312 0.268941 0.310026 0.231475 0.197816 0.167982 0.0573242 0.014774 0.0179862 0.0997505 0.141851 0.0691384 0.231475 0.0831727 0.942676 0.768525 0.354344 0.5 0.401312 0.450166 0.768525 0.450166 0.450166 0.5 0.5 0.5 0.5 0.5 0.5 0.5 0.5 0.5 0.5 0.5 0.5 0.5 0.5 0.5 0.5 0.5 0.5 0.5 0.5 0.5 0.5 0.5 0.5 0.5 0.5 0.5 0.5 0.5 0.5 0.5 0.5 0.5 0.5 0.5 0.5 0.5 0.5 0.5 0.5 0.5 0.5 0.5 0.5 0.5 0.5 
0.5 0.5 0.5 0.5 0.5 0.5 0.5 0.5 0.5 0.5 0.5 0.5 0.5 0.5 0.5 0.5 0.5 0.5 0.5 0.5 0.5 0.5 0.5 0.5 0.5 0.5 0.5 0.5 0.5 0.5 0.5 0.5 0.5 0.5 0.5 0.5 0.5 0.5 0.5 0.5 0.5 0.5 0.5 0.5 0.5 0.5 0.5 0.5 0.5 0.5 0.5 0.5 0.5 0.5 0.5 0.5 0.5 0.5 0.5 0.5 0.5 0.5 0.5 0.5 0.5 0.5 0.5 0.5 0.5 0.5 0.5 0.5 0.5 0.5 0.5 0.5 0.5 0.5 0.5 0.5 0.5 0.5 0.5 0.5 0.5 0.5 0.5 0.5 0.5 0.5 0.5 0.5 0.5 0.5 0.5 0.5 0.5 0.5 0.5 0.5 0.5 0.5 0.5 0.5 0.5 0.5 0.5 0.5 0.5 0.5 0.5 0.5 0.5 0.5 0.5 0.5 0.5 0.5 0.5 0.5 0.5 0.5 0.5 0.5 0.5 0.5 0.5 0.5 0.5 0.5 0.5 0.5 0.5 0.450166 0.401312 0.401312 0.310026 0.310026 0.354344 0.167982 0.197816 0.0831727 0.0831727 0.0573242 0.026597 0.00669285 0.00669285 0.00669285 0.00669285 0.00669285 0.00669285 0.00669285 0.00669285 0.00669285 0.00669285 0.00669285 0.00669285 0.00669285 0.00669285 0.00669285 0.00669285 0.00669285 0.00669285 0.00669285 0.00669285 0.00669285 0.00669285 0.00669285 0.00669285 0.00669285 0.00669285 0.00669285 0.00669285 0.00669285 0.00669285 0.00669285 0.268941 0.930862 0.832018 0.993307 0.990048 0.982014 0.987872 0.993307 0.993307 0.993307 0.5 0.5 0.5 0.5 0.5 0.5 0.5 0.5 0.5 0.5 0.5 0.5 0.5 0.5 0.5 0.5 0.5 0.5 0.5 0.5 0.5 0.5 0.5 0.5 0.5 0.5 0.5 0.5 0.5 0.5 0.5 0.5 0.5 0.5 0.401312 0.450166 0.450166 0.5 0.5 0.5 0.401312 0.354344 0.310026 0.310026 0.354344 0.310026 0.401312 0.310026 0.354344 0.231475 0.231475 0.197816 0.119203 0.0474259 0.0573241 0.0997505 0.119203 0.768525 0.141851 0.900249 0.978119 0.987872 0.689974 0.5 0.450166 0.731059 0.5 0.450166 0.450166 0.5 0.5 0.5 0.5 0.5 0.5 0.5 0.5 0.5 0.5 0.5 0.5 0.5 0.5 0.5 0.5 0.5 0.5 0.5 0.5 0.5 0.5 0.5 0.5 0.5 0.5 0.5 0.5 0.5 0.5 0.5 0.5 0.5 0.5 0.5 0.5 0.5 0.5 0.5 0.5 0.5 0.5 0.5 0.5 0.5 
0.5 0.5 0.5 0.5 0.5 0.5 0.5 0.5 0.5 0.5 0.5 0.5 0.5 0.5 0.5 0.5 0.5 0.5 0.5 0.5 0.5 0.5 0.5 0.5 0.5 0.5 0.5 0.5 0.5 0.5 0.5 0.5 0.5 0.5 0.5 0.5 0.5 0.5 0.5 0.5 0.5 0.5 0.5 0.5 0.5 0.5 0.5 0.5 0.5 0.5 0.5 0.5 0.5 0.5 0.5 0.5 0.5 0.5 0.5 0.5 0.5 0.5 0.5 0.5 0.5 0.5 0.5 0.5 0.5 0.5 0.5 0.5 0.5 0.5 0.5 0.5 0.5 0.5 0.5 0.5 0.5 0.5 0.5 0.5 0.5 0.5 0.5 0.5 0.5 0.5 0.5 0.5 0.5 0.5 0.5 0.5 0.5 0.5 0.5 0.5 0.5 0.5 0.5 0.5 0.5 0.5 0.5 0.5 0.5 0.5 0.5 0.5 0.5 0.5 0.5 0.5 0.5 0.5 0.5 0.5 0.5 0.5 0.5 0.5 0.5 0.5 0.5 0.5 0.5 0.5 0.5 0.450166 0.401312 0.354344 0.268941 0.231475 0.310026 0.310026 0.167982 0.167982 0.167982 0.119203 0.0831727 0.119203 0.00669285 0.00669285 0.00669285 0.00669285 0.00669285 0.00669285 0.00669285 0.00669285 0.00669285 0.00669285 0.00669285 0.00669285 0.00669285 0.00669285 0.00669285 0.00669285 0.00669285 0.00669285 0.00669285 0.00669285 0.00669285 0.00669285 0.00669285 0.00669285 0.00669285 0.00669285 0.00669285 0.00669285 0.0121284 0.026597 0.993307 0.993307 0.802184 0.967705 0.987872 0.993307 0.993307 0.993307 0.993307 0.991837 0.5 0.5 0.5 0.5 0.5 0.5 0.5 0.5 0.5 0.5 0.5 0.5 0.5 0.5 0.5 0.5 0.5 0.5 0.5 0.5 0.5 0.5 0.5 0.5 0.5 0.5 0.5 0.5 0.5 0.5 0.5 0.5 0.5 0.5 0.5 0.5 0.5 0.401312 0.450166 0.450166 0.5 0.5 0.450166 0.354344 0.268941 0.401312 0.401312 0.354344 0.310026 0.401312 0.268941 0.354344 0.231475 0.197816 0.197816 0.141851 0.0573242 0.197816 0.0474259 0.231475 0.731059 0.310026 0.880797 0.598688 0.90025 0.401312 0.450166 0.5 0.768525 0.5 0.768525 0.768525 0.5 0.5 0.5 0.5 0.5 0.5 0.5 0.5 0.5 0.5 0.5 0.5 0.5 0.5 0.5 0.5 0.5 0.5 0.5 0.5 0.5 0.5 0.5 0.5 0.5 0.5 0.5 0.5 0.5 0.5 0.5 0.5 0.5 0.5 0.5 0.5 0.5 0.5 0.5 0.5 0.5 0.5 0.5 0.5 
0.5 0.5 0.5 0.5 0.5 0.5 0.5 0.5 0.5 0.5 0.5 0.5 0.5 0.5 0.5 0.5 0.5 0.5 0.5 0.5 0.5 0.5 0.5 0.5 0.5 0.5 0.5 0.5 0.5 0.5 0.5 0.5 0.5 0.5 0.5 0.5 0.5 0.5 0.5 0.5 0.5 0.5 0.5 0.5 0.5 0.5 0.5 0.5 0.5 0.5 0.5 0.5 0.5 0.5 0.5 0.5 0.5 0.5 0.5 0.5 0.5 0.5 0.5 0.5 0.5 0.5 0.5 0.5 0.5 0.5 0.5 0.5 0.5 0.5 0.5 0.5 0.5 0.5 0.5 0.5 0.5 0.5 0.5 0.5 0.5 0.5 0.5 0.5 0.5 0.5 0.5 0.5 0.5 0.5 0.5 0.5 0.5 0.5 0.5 0.5 0.5 0.5 0.5 0.5 0.5 0.5 0.5 0.5 0.5 0.5 0.5 0.5 0.5 0.5 0.5 0.5 0.5 0.5 0.5 0.5 0.5 0.5 0.5 0.5 0.5 0.5 0.5 0.5 0.5 0.5 0.450166 0.401312 0.401312 0.310026 0.310026 0.354344 0.268941 0.197816 0.141851 0.167982 0.141851 0.167982 0.141851 0.0573242 0.00816257 0.00669285 0.00669285 0.00669285 0.00669285 0.00669285 0.00669285 0.00669285 0.00669285 0.00669285 0.00669285 0.00669285 0.00669285 0.00669285 0.00669285 0.00669285 0.00669285 0.00669285 0.00669285 0.00669285 0.00669285 0.00669285 0.00669285 0.00669285 0.00669285 0.00669285 0.197816 0.0573242 0.990048 0.450166 0.268941 0.987872 0.978119 0.990048 0.993307 0.993307 0.993307 0.916827 0.5 0.5 0.5 0.5 0.5 0.5 0.5 0.5 0.5 0.5 0.5 0.5 0.5 0.5 0.5 0.5 0.5 0.5 0.5 0.5 0.5 0.5 0.5 0.5 0.5 0.5 0.5 0.5 0.5 0.5 0.5 0.5 0.5 0.5 0.5 0.5 0.5 0.5 0.5 0.5 0.354344 0.450166 0.5 0.5 0.450166 0.450166 0.354344 0.310026 0.310026 0.401312 0.450166 0.310026 0.450166 0.268941 0.354344 0.231475 0.268941 0.141851 0.167982 0.645656 0.645656 0.858149 0.231475 0.0997505 0.942676 0.952574 0.880797 0.768525 0.768525 0.768525 0.5 0.5 0.5 0.5 0.5 0.5 0.5 0.5 0.5 0.5 0.5 0.5 0.5 0.5 0.5 0.5 0.5 0.5 0.5 0.5 0.5 0.5 0.5 0.5 0.5 0.5 0.5 0.5 0.5 0.5 0.5 0.5 0.5 0.5 0.5 0.5 0.5 0.5 0.5 0.5 0.5 0.5 0.5 0.5 0.5 0.5 0.5 0.5 
0.5 0.5 0.5 0.5 0.5 0.5 0.5 0.5 0.5 0.5 0.5 0.5 0.5 0.5 0.5 0.5 0.5 0.5 0.5 0.5 0.5 0.5 0.5 0.5 0.5 0.5 0.5 0.5 0.5 0.5 0.5 0.5 0.5 0.5 0.5 0.5 0.5 0.5 0.5 0.5 0.5 0.5 0.5 0.5 0.5 0.5 0.5 0.5 0.5 0.5 0.5 0.5 0.5 0.5 0.5 0.5 0.5 0.5 0.5 0.5 0.5 0.5 0.5 0.5 0.5 0.5 0.5 0.5 0.5 0.5 0.5 0.5 0.5 0.5 0.5 0.5 0.5 0.5 0.5 0.5 0.5 0.5 0.5 0.5 0.5 0.5 0.5 0.5 0.5 0.5 0.5 0.5 0.5 0.5 0.5 0.5 0.5 0.5 0.5 0.5 0.5 0.5 0.5 0.5 0.5 0.5 0.5 0.5 0.5 0.5 0.5 0.5 0.5 0.5 0.5 0.5 0.5 0.5 0.5 0.5 0.5 0.5 0.5 0.5 0.5 0.5 0.5 0.5 0.450166 0.401312 0.354344 0.401312 0.268941 0.310026 0.354344 0.268941 0.197816 0.141851 0.197816 0.231475 0.167982 0.0997505 0.197816 0.026597 0.00669285 0.00669285 0.00669285 0.00669285 0.00669285 0.00669285 0.00669285 0.00669285 0.00669285 0.00669285 0.00669285 0.00669285 0.00669285 0.00669285 0.00669285 0.00669285 0.00669285 0.00669285 0.00669285 0.00669285 0.00669285 0.00669285 0.00669285 0.00669285 0.0121284 0.197816 0.0179862 0.598688 0.802184 0.973403 0.993307 0.991837 0.993307 0.993307 0.993307 0.916827 0.5 0.5 0.5 0.5 0.5 0.5 0.5 0.5 0.5 0.5 0.5 0.5 0.5 0.5 0.5 0.5 0.5 0.5 0.5 0.5 0.5 0.5 0.5 0.5 0.5 0.5 0.5 0.5 0.5 0.5 0.5 0.5 0.5 0.5 0.5 0.5 0.5 0.5 0.5 0.5 0.5 0.5 0.401312 0.450166 0.450166 0.5 0.450166 0.450166 0.401312 0.450166 0.310026 0.310026 0.401312 0.5 0.310026 0.450166 0.268941 0.310026 0.268941 0.231475 0.119203 0.310025 0.268941 0.5 0.645656 0.802184 0.880797 0.952574 0.450166 0.90025 0.5 0.5 0.5 0.5 0.5 0.5 0.5 0.5 0.5 0.5 0.5 0.5 0.5 0.5 0.5 0.5 0.5 0.5 0.5 0.5 0.5 0.5 0.5 0.5 0.5 0.5 0.5 0.5 0.5 0.5 0.5 0.5 0.5 0.5 0.5 0.5 0.5 0.5 0.5 0.5 0.5 0.5 0.5 0.5 0.5 0.5 0.5 0.5 0.5 0.5 
0.5 0.5 0.5 0.5 0.5 0.5 0.5 0.5 0.5 0.5 0.5 0.5 0.5 0.5 0.5 0.5 0.5 0.5 0.5 0.5 0.5 0.5 0.5 0.5 0.5 0.5 0.5 0.5 0.5 0.5 0.5 0.5 0.5 0.5 0.5 0.5 0.5 0.5 0.5 0.5 0.5 0.5 0.5 0.5 0.5 0.5 0.5 0.5 0.5 0.5 0.5 0.5 0.5 0.5 0.5 0.5 0.5 0.5 0.5 0.5 0.5 0.5 0.5 0.5 0.5 0.5 0.5 0.5 0.5 0.5 0.5 0.5 0.5 0.5 0.5 0.5 0.5 0.5 0.5 0.5 0.5 0.5 0.5 0.5 0.5 0.5 0.5 0.5 0.5 0.5 0.5 0.5 0.5 0.5 0.5 0.5 0.5 0.5 0.5 0.5 0.5 0.5 0.5 0.5 0.5 0.5 0.5 0.5 0.5 0.5 0.5 0.5 0.5 0.5 0.5 0.5 0.5 0.5 0.5 0.5 0.5 0.5 0.5 0.5 0.5 0.5 0.5 0.450166 0.401312 0.401312 0.310026 0.268941 0.310026 0.268941 0.310026 0.167982 0.141851 0.231475 0.167982 0.268941 0.197816 0.0831727 0.0997505 0.014774 0.00669285 0.00669285 0.00669285 0.00669285 0.00669285 0.00669285 0.00669285 0.00669285 0.00669285 0.00669285 0.0218813 0.00669285 0.00669285 0.00669285 0.00669285 0.00669285 0.00669285 0.00669285 0.00669285 0.00669285 0.00669285 0.00669285 0.00669285 0.0322955 0.768525 0.401312 0.973403 0.689975 0.991837 0.990048 0.993307 0.993307 0.991837 0.768525 0.5 0.5 0.5 0.5 0.5 0.5 0.5 0.5 0.5 0.5 0.5 0.5 0.5 0.5 0.5 0.5 0.5 0.5 0.5 0.5 0.5 0.5 0.5 0.5 0.5 0.5 0.5 0.5 0.5 0.5 0.5 0.5 0.5 0.5 0.5 0.5 0.5 0.5 0.5 0.5 0.5 0.5 0.5 0.5 0.5 0.401312 0.401312 0.5 0.5 0.450166 0.450166 0.354344 0.310026 0.401312 0.401312 0.401312 0.5 0.310026 0.401312 0.310026 0.268941 0.268941 0.197816 0.167982 0.401312 0.310026 0.942676 0.731059 0.450166 0.993307 0.645656 0.5 0.768525 0.5 0.5 0.5 0.5 0.5 0.5 0.5 0.5 0.5 0.5 0.5 0.5 0.5 0.5 0.5 0.5 0.5 0.5 0.5 0.5 0.5 0.5 0.5 0.5 0.5 0.5 0.5 0.5 0.5 0.5 0.5 0.5 0.5 0.5 0.5 0.5 0.5 0.5 0.5 0.5 0.5 0.5 0.5 0.5 0.5 0.5 0.5 0.5 0.5 
0.5 0.5 0.5 0.5 0.5 0.5 0.5 0.5 0.5 0.5 0.5 0.5 0.5 0.5 0.5 0.5 0.5 0.5 0.5 0.5 0.5 0.5 0.5 0.5 0.5 0.5 0.5 0.5 0.5 0.5 0.5 0.5 0.5 0.5 0.5 0.5 0.5 0.5 0.5 0.5 0.5 0.5 0.5 0.5 0.5 0.5 0.5 0.5 0.5 0.5 0.5 0.5 0.5 0.5 0.5 0.5 0.5 0.5 0.5 0.5 0.5 0.5 0.5 0.5 0.5 0.5 0.5 0.5 0.5 0.5 0.5 0.5 0.5 0.5 0.5 0.5 0.5 0.5 0.5 0.5 0.5 0.5 0.5 0.5 0.5 0.5 0.5 0.5 0.5 0.5 0.5 0.5 0.5 0.5 0.5 0.5 0.5 0.5 0.5 0.5 0.5 0.5 0.5 0.5 0.5 0.5 0.5 0.5 0.5 0.5 0.5 0.5 0.5 0.5 0.5 0.5 0.5 0.5 0.5 0.5 0.5 0.5 0.5 0.5 0.5 0.450166 0.401312 0.354344 0.401312 0.268941 0.310026 0.310026 0.310026 0.354344 0.141851 0.268941 0.197816 0.119203 0.401312 0.197816 0.0997505 0.141851 0.0831727 0.00816257 0.00669285 0.00669285 0.00669285 0.00669285 0.00669285 0.00669285 0.00669285 0.00669285 0.00669285 0.00669285 0.00669285 0.00669285 0.00669285 0.00669285 0.00669285 0.00669285 0.00669285 0.00669285 0.00669285 0.00669285 0.00669285 0.832018 0.858149 0.942676 0.5 0.354344 0.930862 0.993307 0.993307 0.993307 0.993307 0.5 0.5 0.5 0.5 0.5 0.5 0.5 0.5 0.5 0.5 0.5 0.5 0.5 0.5 0.5 0.5 0.5 0.5 0.5 0.5 0.5 0.5 0.5 0.5 0.5 0.5 0.5 0.5 0.5 0.5 0.5 0.5 0.5 0.5 0.5 0.5 0.5 0.5 0.5 0.5 0.5 0.5 0.5 0.5 0.5 0.5 0.5 0.5 0.5 0.354344 0.450166 0.5 0.450166 0.450166 0.450166 0.401312 0.310026 0.310026 0.5 0.401312 0.5 0.354344 0.401312 0.354344 0.310026 0.598688 0.167982 0.0997505 0.549834 0.401312 0.880797 0.401312 0.689974 0.450166 0.916827 0.5 0.5 0.5 0.5 0.5 0.5 0.5 0.5 0.5 0.5 0.5 0.5 0.5 0.5 0.5 0.5 0.5 0.5 0.5 0.5 0.5 0.5 0.5 0.5 0.5 0.5 0.5 0.5 0.5 0.5 0.5 0.5 0.5 0.5 0.5 0.5 0.5 0.5 0.5 0.5 0.5 0.5 0.5 0.5 0.5 0.5 0.5 0.5 0.5 0.5 
0.5 0.5 0.5 0.5 0.5 0.5 0.5 0.5 0.5 0.5 0.5 0.5 0.5 0.5 0.5 0.5 0.5 0.5 0.5 0.5 0.5 0.5 0.5 0.5 0.5 0.5 0.5 0.5 0.5 0.5 0.5 0.5 0.5 0.5 0.5 0.5 0.5 0.5 0.5 0.5 0.5 0.5 0.5 0.5 0.5 0.5 0.5 0.5 0.5 0.5 0.5 0.5 0.5 0.5 0.5 0.5 0.5 0.5 0.5 0.5 0.5 0.5 0.5 0.5 0.5 0.5 0.5 0.5 0.5 0.5 0.5 0.5 0.5 0.5 0.5 0.5 0.5 0.5 0.5 0.5 0.5 0.5 0.5 0.5 0.5 0.5 0.5 0.5 0.5 0.5 0.5 0.5 0.5 0.5 0.5 0.5 0.5 0.5 0.5 0.5 0.5 0.5 0.5 0.5 0.5 0.5 0.5 0.5 0.5 0.5 0.5 0.5 0.5 0.5 0.5 0.5 0.5 0.5 0.5 0.5 0.5 0.5 0.5 0.5 0.401312 0.401312 0.401312 0.354344 0.310026 0.310026 0.354344 0.354344 0.268941 0.167982 0.310026 0.167982 0.167982 0.268941 0.268941 0.119203 0.0997505 0.167982 0.0573242 0.00669285 0.00669285 0.00669285 0.00669285 0.00669285 0.00669285 0.00669285 0.00669285 0.00669285 0.0573242 0.197816 0.00669285 0.00669285 0.00669285 0.00669285 0.00669285 0.0179862 0.00669285 0.014774 0.268941 0.731059 0.880797 0.982014 0.310026 0.401312 0.960834 0.985226 0.985226 0.993307 0.993307 0.768525 0.5 0.5 0.5 0.5 0.5 0.5 0.5 0.5 0.5 0.5 0.5 0.5 0.5 0.5 0.5 0.5 0.5 0.5 0.5 0.5 0.5 0.5 0.5 0.5 0.5 0.5 0.5 0.5 0.5 0.5 0.5 0.5 0.5 0.5 0.5 0.5 0.5 0.5 0.5 0.5 0.5 0.5 0.5 0.5 0.5 0.5 0.5 0.5 0.5 0.5 0.5 0.354344 0.450166 0.450166 0.450166 0.450166 0.450166 0.450166 0.310026 0.310026 0.401312 0.5 0.5 0.401312 0.401312 0.689974 0.880797 0.197816 0.197816 0.354344 0.549834 0.90025 0.5 0.450166 0.401312 0.450166 0.5 0.5 0.5 0.5 0.5 0.5 0.5 0.5 0.5 0.5 0.5 0.5 0.5 0.5 0.5 0.5 0.5 0.5 0.5 0.5 0.5 0.5 0.5 0.5 0.5 0.5 0.5 0.5 0.5 0.5 0.5 0.5 0.5 0.5 0.5 0.5 0.5 0.5 0.5 0.5 0.5 0.5 0.5 0.5 0.5 0.5 0.5 0.5 0.5 0.5 
0.5 0.5 0.5 0.5 0.5 0.5 0.5 0.5 0.5 0.5 0.5 0.5 0.5 0.5 0.5 0.5 0.5 0.5 0.5 0.5 0.5 0.5 0.5 0.5 0.5 0.5 0.5 0.5 0.5 0.5 0.5 0.5 0.5 0.5 0.5 0.5 0.5 0.5 0.5 0.5 0.5 0.5 0.5 0.5 0.5 0.5 0.5 0.5 0.5 0.5 0.5 0.5 0.5 0.5 0.5 0.5 0.5 0.5 0.5 0.5 0.5 0.5 0.5 0.5 0.5 0.5 0.5 0.5 0.5 0.5 0.5 0.5 0.5 0.5 0.5 0.5 0.5 0.5 0.5 0.5 0.5 0.5 0.5 0.5 0.5 0.5 0.5 0.5 0.5 0.5 0.5 0.5 0.5 0.5 0.5 0.5 0.5 0.5 0.5 0.5 0.5 0.5 0.5 0.5 0.5 0.5 0.5 0.5 0.5 0.5 0.5 0.5 0.5 0.5 0.5 0.5 0.5 0.5 0.5 0.5 0.5 0.5 0.450166 0.401312 0.450166 0.401312 0.310026 0.354344 0.310026 0.310026 0.310026 0.231475 0.197816 0.268941 0.197816 0.197816 0.268941 0.310026 0.167982 0.119203 0.310026 0.0474259 0.014774 0.00669285 0.00669285 0.00669285 0.00669285 0.00669285 0.00669285 0.00669285 0.0573242 0.0691384 0.0218813 0.00669285 0.00669285 0.00669285 0.0573242 0.858149 0.5 0.973403 0.993307 0.598688 0.598688 0.960834 0.942676 0.991837 0.985226 0.973403 0.991837 0.993307 0.993307 0.991837 0.5 0.5 0.5 0.5 0.5 0.5 0.5 0.5 0.5 0.5 0.5 0.5 0.5 0.5 0.5 0.5 0.5 0.5 0.5 0.5 0.5 0.5 0.5 0.5 0.5 0.5 0.5 0.5 0.5 0.5 0.5 0.5 0.5 0.5 0.5 0.5 0.5 0.5 0.5 0.5 0.5 0.5 0.5 0.5 0.5 0.5 0.5 0.5 0.5 0.5 0.5 0.5 0.5 0.354344 0.450166 0.5 0.401312 0.450166 0.5 0.401312 0.401312 0.310026 0.401312 0.401312 0.5 0.5 0.401312 0.916827 0.354344 0.5 0.401312 0.450166 0.310026 0.880797 0.5 0.5 0.768525 0.916827 0.768525 0.5 0.5 0.5 0.5 0.5 0.5 0.5 0.5 0.5 0.5 0.5 0.5 0.5 0.5 0.5 0.5 0.5 0.5 0.5 0.5 0.5 0.5 0.5 0.5 0.5 0.5 0.5 0.5 0.5 0.5 0.5 0.5 0.5 0.5 0.5 0.5 0.5 0.5 0.5 0.5 0.5 0.5 0.5 0.5 0.5 0.5 0.5 0.5 0.5 
0.5 0.5 0.5 0.5 0.5 0.5 0.5 0.5 0.5 0.5 0.5 0.5 0.5 0.5 0.5 0.5 0.5 0.5 0.5 0.5 0.5 0.5 0.5 0.5 0.5 0.5 0.5 0.5 0.5 0.5 0.5 0.5 0.5 0.5 0.5 0.5 0.5 0.5 0.5 0.5 0.5 0.5 0.5 0.5 0.5 0.5 0.5 0.5 0.5 0.5 0.5 0.5 0.5 0.5 0.5 0.5 0.5 0.5 0.5 0.5 0.5 0.5 0.5 0.5 0.5 0.5 0.5 0.5 0.5 0.5 0.5 0.5 0.5 0.5 0.5 0.5 0.5 0.5 0.5 0.5 0.5 0.5 0.5 0.5 0.5 0.5 0.5 0.5 0.5 0.5 0.5 0.5 0.5 0.5 0.5 0.5 0.5 0.5 0.5 0.5 0.5 0.5 0.5 0.5 0.5 0.5 0.5 0.5 0.5 0.5 0.5 0.5 0.5 0.5 0.5 0.5 0.5 0.5 0.5 0.5 0.5 0.401312 0.401312 0.401312 0.310026 0.310026 0.401312 0.268941 0.310026 0.401312 0.231475 0.197816 0.268941 0.197816 0.197816 0.268941 0.268941 0.310026 0.119203 0.197816 0.197816 0.026597 0.00669285 0.00669285 0.00669285 0.00669285 0.00669285 0.0179862 0.197816 0.0691384 0.0218813 0.00669285 0.00669285 0.0573242 0.880797 0.549834 0.549834 0.90025 0.768525 0.00669285 0.967705 0.987872 0.982014 0.987872 0.993307 0.985226 0.991837 0.993307 0.993307 0.916827 0.916827 0.5 0.5 0.5 0.5 0.5 0.5 0.5 0.5 0.5 0.5 0.5 0.5 0.5 0.5 0.5 0.5 0.5 0.5 0.5 0.5 0.5 0.5 0.5 0.5 0.5 0.5 0.5 0.5 0.5 0.5 0.5 0.5 0.5 0.5 0.5 0.5 0.5 0.5 0.5 0.5 0.5 0.5 0.5 0.5 0.5 0.5 0.5 0.5 0.5 0.5 0.5 0.5 0.5 0.5 0.5 0.354344 0.450166 0.450166 0.450166 0.450166 0.5 0.401312 0.310026 0.310026 0.5 0.401312 0.5 0.5 0.401312 0.5 0.354344 0.401312 0.952574 0.5 0.645656 0.731059 0.5 0.5 0.5 0.5 0.5 0.5 0.5 0.5 0.5 0.5 0.5 0.5 0.5 0.5 0.5 0.5 0.5 0.5 0.5 0.5 0.5 0.5 0.5 0.5 0.5 0.5 0.5 0.5 0.5 0.5 0.5 0.5 0.5 0.5 0.5 0.5 0.5 0.5 0.5 0.5 0.5 0.5 0.5 0.5 0.5 0.5 0.5 0.5 0.5 0.5 0.5 0.5 0.5 
0.5 0.5 0.5 0.5 0.5 0.5 0.5 0.5 0.5 0.5 0.5 0.5 0.5 0.5 0.5 0.5 0.5 0.5 0.5 0.5 0.5 0.5 0.5 0.5 0.5 0.5 0.5 0.5 0.5 0.5 0.5 0.5 0.5 0.5 0.5 0.5 0.5 0.5 0.5 0.5 0.5 0.5 0.5 0.5 0.5 0.5 0.5 0.5 0.5 0.5 0.5 0.5 0.5 0.5 0.5 0.5 0.5 0.5 0.5 0.5 0.5 0.5 0.5 0.5 0.5 0.5 0.5 0.5 0.5 0.5 0.5 0.5 0.5 0.5 0.5 0.5 0.5 0.5 0.5 0.5 0.5 0.5 0.5 0.5 0.5 0.5 0.5 0.5 0.5 0.5 0.5 0.5 0.5 0.5 0.5 0.5 0.5 0.5 0.5 0.5 0.5 0.5 0.5 0.5 0.5 0.5 0.5 0.5 0.5 0.5 0.5 0.5 0.5 0.5 0.5 0.5 0.5 0.5 0.5 0.450166 0.401312 0.450166 0.401312 0.354344 0.401312 0.310026 0.268941 0.354344 0.310026 0.197816 0.268941 0.268941 0.231475 0.197816 0.268941 0.268941 0.231475 0.167982 0.268941 0.119203 0.0997505 0.00669285 0.00669285 0.00669285 0.00669285 0.0691384 0.197816 0.0218813 0.00669285 0.00669285 0.00669285 0.354343 0.645656 0.0218813 0.0831727 0.982014 0.900249 0.90025 0.990048 0.982014 0.985226 0.991837 0.993307 0.993307 0.993307 0.993307 0.768525 0.5 0.768525 0.5 0.5 0.5 0.5 0.5 0.5 0.5 0.5 0.5 0.5 0.5 0.5 0.5 0.5 0.5 0.5 0.5 0.5 0.5 0.5 0.5 0.5 0.5 0.5 0.5 0.5 0.5 0.5 0.5 0.5 0.5 0.5 0.5 0.5 0.5 0.5 0.5 0.5 0.5 0.5 0.5 0.5 0.5 0.5 0.5 0.5 0.5 0.5 0.5 0.5 0.5 0.5 0.5 0.5 0.5 0.5 0.5 0.450166 0.354344 0.450166 0.450166 0.450166 0.5 0.450166 0.450166 0.310026 0.310026 0.401312 0.5 0.5 0.5 0.401312 0.5 0.90025 0.310026 0.354344 0.952574 0.731059 0.5 0.5 0.5 0.5 0.5 0.5 0.5 0.5 0.5 0.5 0.5 0.5 0.5 0.5 0.5 0.5 0.5 0.5 0.5 0.5 0.5 0.5 0.5 0.5 0.5 0.5 0.5 0.5 0.5 0.5 0.5 0.5 0.5 0.5 0.5 0.5 0.5 0.5 0.5 0.5 0.5 0.5 0.5 0.5 0.5 0.5 0.5 0.5 0.5 0.5 0.5 0.5 0.5 
0.5 0.5 0.5 0.5 0.5 0.5 0.5 0.5 0.5 0.5 0.5 0.5 0.5 0.5 0.5 0.5 0.5 0.5 0.5 0.5 0.5 0.5 0.5 0.5 0.5 0.5 0.5 0.5 0.5 0.5 0.5 0.5 0.5 0.5 0.5 0.5 0.5 0.5 0.5 0.5 0.5 0.5 0.5 0.5 0.5 0.5 0.5 0.5 0.5 0.5 0.5 0.5 0.5 0.5 0.5 0.5 0.5 0.5 0.5 0.5 0.5 0.5 0.5 0.5 0.5 0.5 0.5 0.5 0.5 0.5 0.5 0.5 0.5 0.5 0.5 0.5 0.5 0.5 0.5 0.5 0.5 0.5 0.5 0.5 0.5 0.5 0.5 0.5 0.5 0.5 0.5 0.5 0.5 0.5 0.5 0.5 0.5 0.5 0.5 0.5 0.5 0.5 0.5 0.5 0.5 0.5 0.5 0.5 0.5 0.5 0.5 0.5 0.5 0.5 0.5 0.5 0.5 0.5 0.401312 0.401312 0.401312 0.310026 0.310026 0.354344 0.268941 0.354344 0.354344 0.268941 0.231475 0.268941 0.231475 0.197816 0.197816 0.268941 0.268941 0.268941 0.268941 0.268941 0.141851 0.0997505 0.0218813 0.00669285 0.00669285 0.0218813 0.197816 0.00669285 0.00669285 0.014774 0.549834 0.967705 0.268941 0.0573242 0.952574 0.985226 0.967705 0.960834 0.985226 0.985226 0.982014 0.993307 0.993307 0.990048 0.991837 0.916827 0.5 0.5 0.5 0.5 0.5 0.5 0.5 0.5 0.5 0.5 0.5 0.5 0.5 0.5 0.5 0.5 0.5 0.5 0.5 0.5 0.5 0.5 0.5 0.5 0.5 0.5 0.5 0.5 0.5 0.5 0.5 0.5 0.5 0.5 0.5 0.5 0.5 0.5 0.5 0.5 0.5 0.5 0.5 0.5 0.5 0.5 0.5 0.5 0.5 0.5 0.5 0.5 0.5 0.5 0.5 0.5 0.5 0.5 0.5 0.5 0.5 0.5 0.5 0.354344 0.401312 0.450166 0.450166 0.5 0.5 0.401312 0.401312 0.401312 0.310026 0.401312 0.5 0.5 0.5 0.401312 0.5 0.354344 0.401312 0.598688 0.768525 0.450166 0.5 0.5 0.5 0.5 0.5 0.5 0.5 0.5 0.5 0.5 0.5 0.5 0.5 0.5 0.5 0.5 0.5 0.5 0.5 0.5 0.5 0.5 0.5 0.5 0.5 0.5 0.5 0.5 0.5 0.5 0.5 0.5 0.5 0.5 0.5 0.5 0.5 0.5 0.5 0.5 0.5 0.5 0.5 0.5 0.5 0.5 0.5 0.5 0.5 0.5 0.5 0.5 
0.5 0.5 0.5 0.5 0.5 0.5 0.5 0.5 0.5 0.5 0.5 0.5 0.5 0.5 0.5 0.5 0.5 0.5 0.5 0.5 0.5 0.5 0.5 0.5 0.5 0.5 0.5 0.5 0.5 0.5 0.5 0.5 0.5 0.5 0.5 0.5 0.5 0.5 0.5 0.5 0.5 0.5 0.5 0.5 0.5 0.5 0.5 0.5 0.5 0.5 0.5 0.5 0.5 0.5 0.5 0.5 0.5 0.5 0.5 0.5 0.5 0.5 0.5 0.5 0.5 0.5 0.5 0.5 0.5 0.5 0.5 0.5 0.5 0.5 0.5 0.5 0.5 0.5 0.5 0.5 0.5 0.5 0.5 0.5 0.5 0.5 0.5 0.5 0.5 0.5 0.5 0.5 0.5 0.5 0.5 0.5 0.5 0.5 0.5 0.5 0.5 0.5 0.5 0.5 0.5 0.5 0.5 0.5 0.5 0.5 0.5 0.5 0.5 0.5 0.5 0.5 0.450166 0.401312 0.450166 0.401312 0.354344 0.401312 0.401312 0.268941 0.354344 0.354344 0.197816 0.310026 0.401312 0.141851 0.197816 0.197816 0.268941 0.310026 0.310026 0.268941 0.268941 0.141851 0.0997505 0.0997505 0.0179862 0.00669285 0.00669285 0.00669285 0.00669285 0.197816 0.231475 0.598688 0.354344 0.0691384 0.978119 0.993307 0.598688 0.990048 0.978119 0.985226 0.991837 0.993307 0.993307 0.401312 0.973403 0.768525 0.5 0.5 0.5 0.5 0.5 0.5 0.5 0.5 0.5 0.5 0.5 0.5 0.5 0.5 0.5 0.5 0.5 0.5 0.5 0.5 0.5 0.5 0.5 0.5 0.5 0.5 0.5 0.5 0.5 0.5 0.5 0.5 0.5 0.5 0.5 0.5 0.5 0.5 0.5 0.5 0.5 0.5 0.5 0.5 0.5 0.5 0.5 0.5 0.5 0.5 0.5 0.5 0.5 0.5 0.5 0.5 0.5 0.5 0.5 0.5 0.5 0.5 0.5 0.5 0.5 0.450166 0.354344 0.450166 0.450166 0.450166 0.5 0.5 0.401312 0.310026 0.310026 0.5 0.401312 0.5 0.5 0.5 0.401312 0.401312 0.354344 0.401312 0.401312 0.450166 0.5 0.5 0.5 0.5 0.5 0.5 0.5 0.5 0.5 0.5 0.5 0.5 0.5 0.5 0.5 0.5 0.5 0.5 0.5 0.5 0.5 0.5 0.5 0.5 0.5 0.5 0.5 0.5 0.5 0.5 0.5 0.5 0.5 0.5 0.5 0.5 0.5 0.5 0.5 0.5 0.5 0.5 0.5 0.5 0.5 0.5 0.5 0.5 0.5 0.5 0.5 0.5 
0.5 0.5 0.5 0.5 0.5 0.5 0.5 0.5 0.5 0.5 0.5 0.5 0.5 0.5 0.5 0.5 0.5 0.5 0.5 0.5 0.5 0.5 0.5 0.5 0.5 0.5 0.5 0.5 0.5 0.5 0.5 0.5 0.5 0.5 0.5 0.5 0.5 0.5 0.5 0.5 0.5 0.5 0.5 0.5 0.5 0.5 0.5 0.5 0.5 0.5 0.5 0.5 0.5 0.5 0.5 0.5 0.5 0.5 0.5 0.5 0.5 0.5 0.5 0.5 0.5 0.5 0.5 0.5 0.5 0.5 0.5 0.5 0.5 0.5 0.5 0.5 0.5 0.5 0.5 0.5 0.5 0.5 0.5 0.5 0.5 0.5 0.5 0.5 0.5 0.5 0.5 0.5 0.5 0.5 0.5 0.5 0.5 0.5 0.5 0.5 0.5 0.5 0.5 0.5 0.5 0.5 0.5 0.5 0.5 0.5 0.5 0.5 0.5 0.5 0.5 0.401312 0.401312 0.401312 0.310026 0.354344 0.401312 0.310026 0.268941 0.354344 0.354344 0.231475 0.354344 0.310026 0.167982 0.231475 0.231475 0.354344 0.310026 0.310026 0.268941 0.268941 0.119203 0.197816 0.167982 0.0573242 0.0573241 0.231475 0.167982 0.993307 0.993307 0.450166 0.450166 0.645656 0.993307 0.991837 0.991837 0.993307 0.991837 0.987872 0.993307 0.993307 0.987872 0.916827 0.916827 0.916827 0.5 0.5 0.5 0.5 0.5 0.5 0.5 0.5 0.5 0.5 0.5 0.5 0.5 0.5 0.5 0.5 0.5 0.5 0.5 0.5 0.5 0.5 0.5 0.5 0.5 0.5 0.5 0.5 0.5 0.5 0.5 0.5 0.5 0.5 0.5 0.5 0.5 0.5 0.5 0.5 0.5 0.5 0.5 0.5 0.5 0.5 0.5 0.5 0.5 0.5 0.5 0.5 0.5 0.5 0.5 0.5 0.5 0.5 0.5 0.5 0.5 0.5 0.5 0.5 0.5 0.5 0.5 0.5 0.450166 0.310026 0.450166 0.450166 0.5 0.5 0.450166 0.450166 0.310026 0.310026 0.5 0.401312 0.5 0.5 0.5 0.401312 0.401312 0.354344 0.310026 0.5 0.450166 0.5 0.5 0.5 0.5 0.5 0.5 0.5 0.5 0.5 0.5 0.5 0.5 0.5 0.5 0.5 0.5 0.5 0.5 0.5 0.5 0.5 0.5 0.5 0.5 0.5 0.5 0.5 0.5 0.5 0.5 0.5 0.5 0.5 0.5 0.5 0.5 0.5 0.5 0.5 0.5 0.5 0.5 0.5 0.5 0.5 0.5 0.5 0.5 0.5 0.5 0.5 
0.5 0.5 0.5 0.5 0.5 0.5 0.5 0.5 0.5 0.5 0.5 0.5 0.5 0.5 0.5 0.5 0.5 0.5 0.5 0.5 0.5 0.5 0.5 0.5 0.5 0.5 0.5 0.5 0.5 0.5 0.5 0.5 0.5 0.5 0.5 0.5 0.5 0.5 0.5 0.5 0.5 0.5 0.5 0.5 0.5 0.5 0.5 0.5 0.5 0.5 0.5 0.5 0.5 0.5 0.5 0.5 0.5 0.5 0.5 0.5 0.5 0.5 0.5 0.5 0.5 0.5 0.5 0.5 0.5 0.5 0.5 0.5 0.5 0.5 0.5 0.5 0.5 0.5 0.5 0.5 0.5 0.5 0.5 0.5 0.5 0.5 0.5 0.5 0.5 0.5 0.5 0.5 0.5 0.5 0.5 0.5 0.5 0.5 0.5 0.5 0.5 0.5 0.5 0.5 0.5 0.5 0.5 0.5 0.5 0.5 0.5 0.5 0.5 0.450166 0.401312 0.450166 0.401312 0.354344 0.401312 0.401312 0.268941 0.354344 0.401312 0.310026 0.197816 0.310026 0.310026 0.231475 0.310026 0.231475 0.231475 0.268941 0.231475 0.549834 0.549834 0.167982 0.858149 0.90025 0.119203 0.0322955 0.689974 0.0691384 0.014774 0.916827 0.993307 0.993307 0.993307 0.985226 0.993307 0.993307 0.993307 0.993307 0.993307 0.993307 0.90025 0.973403 0.916827 0.5 0.5 0.5 0.5 0.5 0.5 0.5 0.5 0.5 0.5 0.5 0.5 0.5 0.5 0.5 0.5 0.5 0.5 0.5 0.5 0.5 0.5 0.5 0.5 0.5 0.5 0.5 0.5 0.5 0.5 0.5 0.5 0.5 0.5 0.5 0.5 0.5 0.5 0.5 0.5 0.5 0.5 0.5 0.5 0.5 0.5 0.5 0.5 0.5 0.5 0.5 0.5 0.5 0.5 0.5 0.5 0.5 0.5 0.5 0.5 0.5 0.5 0.5 0.5 0.5 0.5 0.5 0.5 0.5 0.5 0.5 0.450166 0.310026 0.450166 0.450166 0.5 0.5 0.5 0.401312 0.401312 0.401312 0.310026 0.401312 0.5 0.5 0.5 0.5 0.310026 0.401312 0.354344 0.401312 0.450166 0.5 0.5 0.5 0.5 0.5 0.5 0.5 0.5 0.5 0.5 0.5 0.5 0.5 0.5 0.5 0.5 0.5 0.5 0.5 0.5 0.5 0.5 0.5 0.5 0.5 0.5 0.5 0.5 0.5 0.5 0.5 0.5 0.5 0.5 0.5 0.5 0.5 0.5 0.5 0.5 0.5 0.5 0.5 0.5 0.5 0.5 0.5 0.5 0.5 0.5 0.5 
0.5 0.5 0.5 0.5 0.5 0.5 0.5 0.5 0.5 0.5 0.5 0.5 0.5 0.5 0.5 0.5 0.5 0.5 0.5 0.5 0.5 0.5 0.5 0.5 0.5 0.5 0.5 0.5 0.5 0.5 0.5 0.5 0.5 0.5 0.5 0.5 0.5 0.5 0.5 0.5 0.5 0.5 0.5 0.5 0.5 0.5 0.5 0.5 0.5 0.5 0.5 0.5 0.5 0.5 0.5 0.5 0.5 0.5 0.5 0.5 0.5 0.5 0.5 0.5 0.5 0.5 0.5 0.5 0.5 0.5 0.5 0.5 0.5 0.5 0.5 0.5 0.5 0.5 0.5 0.5 0.5 0.5 0.5 0.5 0.5 0.5 0.5 0.5 0.5 0.5 0.5 0.5 0.5 0.5 0.5 0.5 0.5 0.5 0.5 0.5 0.5 0.5 0.5 0.5 0.5 0.5 0.5 0.5 0.5 0.5 0.5 0.450166 0.401312 0.401312 0.401312 0.401312 0.354344 0.401312 0.401312 0.268941 0.401312 0.354344 0.197816 0.268941 0.401312 0.354344 0.268941 0.310026 0.268941 0.141851 0.197816 0.197816 0.354344 0.645656 0.549834 0.354344 0.310026 0.197816 0.401312 0.832018 0.987872 0.993307 0.993307 0.993307 0.993307 0.993307 0.993307 0.993307 0.993307 0.993307 0.993307 0.993307 0.5 0.5 0.768525 0.5 0.5 0.5 0.5 0.5 0.5 0.5 0.5 0.5 0.5 0.5 0.5 0.5 0.5 0.5 0.5 0.5 0.5 0.5 0.5 0.5 0.5 0.5 0.5 0.5 0.5 0.5 0.5 0.5 0.5 0.5 0.5 0.5 0.5 0.5 0.5 0.5 0.5 0.5 0.5 0.5 0.5 0.5 0.5 0.5 0.5 0.5 0.5 0.5 0.5 0.5 0.5 0.5 0.5 0.5 0.5 0.5 0.5 0.5 0.5 0.5 0.5 0.5 0.5 0.5 0.5 0.5 0.5 0.5 0.5 0.5 0.5 0.5 0.5 0.401312 0.310026 0.450166 0.5 0.5 0.5 0.5 0.731059 0.880797 0.310026 0.5 0.916827 0.5 0.5 0.5 0.5 0.310026 0.310026 0.354344 0.5 0.450166 0.5 0.5 0.5 0.5 0.5 0.5 0.5 0.5 0.5 0.5 0.5 0.5 0.5 0.5 0.5 0.5 0.5 0.5 0.5 0.5 0.5 0.5 0.5 0.5 0.5 0.5 0.5 0.5 0.5 0.5 0.5 0.5 0.5 0.5 0.5 0.5 0.5 0.5 0.5 0.5 0.5 0.5 0.5 0.5 0.5 0.5 0.5 0.5 0.5 0.5 
0.5 0.5 0.5 0.5 0.5 0.5 0.5 0.5 0.5 0.5 0.5 0.5 0.5 0.5 0.5 0.5 0.5 0.5 0.5 0.5 0.5 0.5 0.5 0.5 0.5 0.5 0.5 0.5 0.5 0.5 0.5 0.5 0.5 0.5 0.5 0.5 0.5 0.5 0.5 0.5 0.5 0.5 0.5 0.5 0.5 0.5 0.5 0.5 0.5 0.5 0.5 0.5 0.5 0.5 0.5 0.5 0.5 0.5 0.5 0.5 0.5 0.5 0.5 0.5 0.5 0.5 0.5 0.5 0.5 0.5 0.5 0.5 0.5 0.5 0.5 0.5 0.5 0.5 0.5 0.5 0.5 0.5 0.5 0.5 0.5 0.5 0.5 0.5 0.5 0.5 0.5 0.5 0.5 0.5 0.5 0.5 0.5 0.5 0.5 0.5 0.5 0.5 0.5 0.5 0.5 0.5 0.5 0.5 0.5 0.5 0.450166 0.450166 0.450166 0.450166 0.354344 0.354344 0.450166 0.268941 0.268941 0.354344 0.310026 0.231475 0.401312 0.354344 0.268941 0.167982 0.197816 0.197816 0.141851 0.268941 0.354344 0.401312 0.354344 0.268941 0.354344 0.645656 0.993307 0.993307 0.990048 0.993307 0.993307 0.930862 0.731059 0.231475 0.197816 0.942676 0.993307 0.993307 0.993307 0.5 0.5 0.5 0.5 0.5 0.5 0.5 0.5 0.5 0.5 0.5 0.5 0.5 0.5 0.5 0.5 0.5 0.5 0.5 0.5 0.5 0.5 0.5 0.5 0.5 0.5 0.5 0.5 0.5 0.5 0.5 0.5 0.5 0.5 0.5 0.5 0.5 0.5 0.5 0.5 0.5 0.5 0.5 0.5 0.5 0.5 0.5 0.5 0.5 0.5 0.5 0.5 0.5 0.5 0.5 0.5 0.5 0.5 0.5 0.5 0.5 0.5 0.5 0.5 0.5 0.5 0.5 0.5 0.5 0.5 0.5 0.5 0.5 0.5 0.5 0.5 0.5 0.5 0.5 0.5 0.450166 0.401312 0.354344 0.450166 0.5 0.5 0.5 0.450166 0.5 0.916827 0.880797 0.5 0.5 0.5 0.5 0.5 0.401312 0.310026 0.401312 0.354344 0.450166 0.5 0.5 0.5 0.5 0.5 0.5 0.5 0.5 0.5 0.5 0.5 0.5 0.5 0.5 0.5 0.5 0.5 0.5 0.5 0.5 0.5 0.5 0.5 0.5 0.5 0.5 0.5 0.5 0.5 0.5 0.5 0.5 0.5 0.5 0.5 0.5 0.5 0.5 0.5 0.5 0.5 0.5 0.5 0.5 0.5 0.5 0.5 0.5 0.5 0.5 
0.5 0.5 0.5 0.5 0.5 0.5 0.5 0.5 0.5 0.5 0.5 0.5 0.5 0.5 0.5 0.5 0.5 0.5 0.5 0.5 0.5 0.5 0.5 0.5 0.5 0.5 0.5 0.5 0.5 0.5 0.5 0.5 0.5 0.5 0.5 0.5 0.5 0.5 0.5 0.5 0.5 0.5 0.5 0.5 0.5 0.5 0.5 0.5 0.5 0.5 0.5 0.5 0.5 0.5 0.5 0.5 0.5 0.5 0.5 0.5 0.5 0.5 0.5 0.5 0.5 0.5 0.5 0.5 0.5 0.5 0.5 0.5 0.5 0.5 0.5 0.5 0.5 0.5 0.5 0.5 0.5 0.5 0.5 0.5 0.5 0.5 0.5 0.5 0.5 0.5 0.5 0.5 0.5 0.5 0.5 0.5 0.5 0.5 0.5 0.5 0.5 0.5 0.5 0.5 0.5 0.5 0.5 0.5 0.450166 0.401312 0.401312 0.401312 0.401312 0.354344 0.401312 0.354344 0.231475 0.401312 0.401312 0.354344 0.231475 0.354344 0.310026 0.268941 0.832018 0.645656 0.310026 0.942676 0.598688 0.354344 0.401312 0.354344 0.598688 0.689974 0.689974 0.768525 0.731059 0.802184 0.268941 0.310026 0.0691384 0.991837 0.993307 0.993307 0.993307 0.991837 0.5 0.5 0.5 0.5 0.5 0.5 0.5 0.5 0.5 0.5 0.5 0.5 0.5 0.5 0.5 0.5 0.5 0.5 0.5 0.5 0.5 0.5 0.5 0.5 0.5 0.5 0.5 0.5 0.5 0.5 0.5 0.5 0.5 0.5 0.5 0.5 0.5 0.5 0.5 0.5 0.5 0.5 0.5 0.5 0.5 0.5 0.5 0.5 0.5 0.5 0.5 0.5 0.5 0.5 0.5 0.5 0.5 0.5 0.5 0.5 0.5 0.5 0.5 0.5 0.5 0.5 0.5 0.5 0.5 0.5 0.5 0.5 0.5 0.5 0.5 0.5 0.5 0.5 0.5 0.5 0.5 0.5 0.5 0.5 0.731059 0.731059 0.689974 0.5 0.5 0.5 0.5 0.768525 0.5 0.5 0.401312 0.5 0.5 0.5 0.5 0.5 0.401312 0.231475 0.401312 0.450166 0.450166 0.5 0.5 0.5 0.5 0.5 0.5 0.5 0.5 0.5 0.5 0.5 0.5 0.5 0.5 0.5 0.5 0.5 0.5 0.5 0.5 0.5 0.5 0.5 0.5 0.5 0.5 0.5 0.5 0.5 0.5 0.5 0.5 0.5 0.5 0.5 0.5 0.5 0.5 0.5 0.5 0.5 0.5 0.5 0.5 0.5 0.5 0.5 0.5 0.5 
0.5 0.5 0.5 0.5 0.5 0.5 0.5 0.5 0.5 0.5 0.5 0.5 0.5 0.5 0.5 0.5 0.5 0.5 0.5 0.5 0.5 0.5 0.5 0.5 0.5 0.5 0.5 0.5 0.5 0.5 0.5 0.5 0.5 0.5 0.5 0.5 0.5 0.5 0.5 0.5 0.5 0.5 0.5 0.5 0.5 0.5 0.5 0.5 0.5 0.5 0.5 0.5 0.5 0.5 0.5 0.5 0.5 0.5 0.5 0.5 0.5 0.5 0.5 0.5 0.5 0.5 0.5 0.5 0.5 0.5 0.5 0.5 0.5 0.5 0.5 0.5 0.5 0.5 0.5 0.5 0.5 0.5 0.5 0.5 0.5 0.5 0.5 0.5 0.5 0.5 0.5 0.5 0.5 0.5 0.5 0.5 0.5 0.5 0.5 0.5 0.5 0.5 0.5 0.5 0.5 0.5 0.5 0.450166 0.450166 0.450166 0.450166 0.354344 0.354344 0.401312 0.401312 0.310026 0.450166 0.401312 0.231475 0.231475 0.354344 0.645656 0.645656 0.689974 0.90025 0.967705 0.967705 0.967705 0.689974 0.731059 0.90025 0.880797 0.916827 0.916827 0.5 0.5 0.858149 0.991837 0.991837 0.993307 0.993307 0.768525 0.5 0.5 0.5 0.5 0.5 0.5 0.5 0.5 0.5 0.5 0.5 0.5 0.5 0.5 0.5 0.5 0.5 0.5 0.5 0.5 0.5 0.5 0.5 0.5 0.5 0.5 0.5 0.5 0.5 0.5 0.5 0.5 0.5 0.5 0.5 0.5 0.5 0.5 0.5 0.5 0.5 0.5 0.5 0.5 0.5 0.5 0.5 0.5 0.5 0.5 0.5 0.5 0.5 0.5 0.5 0.5 0.5 0.5 0.5 0.5 0.5 0.5 0.5 0.5 0.5 0.5 0.5 0.5 0.5 0.5 0.5 0.5 0.5 0.5 0.5 0.5 0.5 0.5 0.5 0.5 0.5 0.5 0.5 0.5 0.5 0.5 0.5 0.5 0.450166 0.450166 0.401312 0.5 0.5 0.5 0.5 0.5 0.5 0.5 0.401312 0.5 0.5 0.5 0.5 0.5 0.401312 0.401312 0.310026 0.401312 0.731059 0.5 0.5 0.5 0.5 0.5 0.5 0.5 0.5 0.5 0.5 0.5 0.5 0.5 0.5 0.5 0.5 0.5 0.5 0.5 0.5 0.5 0.5 0.5 0.5 0.5 0.5 0.5 0.5 0.5 0.5 0.5 0.5 0.5 0.5 0.5 0.5 0.5 0.5 0.5 0.5 0.5 0.5 0.5 0.5 0.5 0.5 0.5 0.5 0.5 
0.5 0.5 0.5 0.5 0.5 0.5 0.5 0.5 0.5 0.5 0.5 0.5 0.5 0.5 0.5 0.5 0.5 0.5 0.5 0.5 0.5 0.5 0.5 0.5 0.5 0.5 0.5 0.5 0.5 0.5 0.5 0.5 0.5 0.5 0.5 0.5 0.5 0.5 0.5 0.5 0.5 0.5 0.5 0.5 0.5 0.5 0.5 0.5 0.5 0.5 0.5 0.5 0.5 0.5 0.5 0.5 0.5 0.5 0.5 0.5 0.5 0.5 0.5 0.5 0.5 0.5 0.5 0.5 0.5 0.5 0.5 0.5 0.5 0.5 0.5 0.5 0.5 0.5 0.5 0.5 0.5 0.5 0.5 0.5 0.5 0.5 0.5 0.5 0.5 0.5 0.5 0.5 0.5 0.5 0.5 0.5 0.5 0.5 0.5 0.5 0.5 0.5 0.5 0.5 0.5 0.450166 0.401312 0.401312 0.401312 0.401312 0.354344 0.450166 0.450166 0.268941 0.268941 0.354344 0.310026 0.5 0.689974 0.731059 0.731059 0.731059 0.916827 0.768525 0.768525 0.768525 0.768525 0.916827 0.768525 0.768525 0.916827 0.5 0.5 0.5 0.5 0.768525 0.689974 0.5 0.5 0.5 0.5 0.5 0.5 0.5 0.5 0.5 0.5 0.5 0.5 0.5 0.5 0.5 0.5 0.5 0.5 0.5 0.5 0.5 0.5 0.5 0.5 0.5 0.5 0.5 0.5 0.5 0.5 0.5 0.5 0.5 0.5 0.5 0.5 0.5 0.5 0.5 0.5 0.5 0.5 0.5 0.5 0.5 0.5 0.5 0.5 0.5 0.5 0.5 0.5 0.5 0.5 0.5 0.5 0.5 0.5 0.5 0.5 0.5 0.5 0.5 0.5 0.5 0.5 0.5 0.5 0.5 0.5 0.5 0.5 0.5 0.5 0.5 0.5 0.5 0.5 0.5 0.5 0.5 0.5 0.5 0.5 0.5 0.5 0.5 0.5 0.5 0.5 0.5 0.5 0.5 0.5 0.768525 0.768525 0.916827 0.5 0.5 0.5 0.5 0.5 0.5 0.5 0.401312 0.5 0.5 0.5 0.5 0.5 0.401312 0.310026 0.310026 0.5 0.450166 0.5 0.5 0.5 0.5 0.5 0.5 0.5 0.5 0.5 0.5 0.5 0.5 0.5 0.5 0.5 0.5 0.5 0.5 0.5 0.5 0.5 0.5 0.5 0.5 0.5 0.5 0.5 0.5 0.5 0.5 0.5 0.5 0.5 0.5 0.5 0.5 0.5 0.5 0.5 0.5 0.5 0.5 0.5 0.5 0.5 0.5 0.5 0.5 
0.5 0.5 0.5 0.5 0.5 0.5 0.5 0.5 0.5 0.5 0.5 0.5 0.5 0.5 0.5 0.5 0.5 0.5 0.5 0.5 0.5 0.5 0.5 0.5 0.5 0.5 0.5 0.5 0.5 0.5 0.5 0.5 0.5 0.5 0.5 0.5 0.5 0.5 0.5 0.5 0.5 0.5 0.5 0.5 0.5 0.5 0.5 0.5 0.5 0.5 0.5 0.5 0.5 0.5 0.5 0.5 0.5 0.5 0.5 0.5 0.5 0.5 0.5 0.5 0.5 0.5 0.5 0.5 0.5 0.5 0.5 0.5 0.5 0.5 0.5 0.5 0.5 0.5 0.5 0.5 0.5 0.5 0.5 0.5 0.5 0.5 0.5 0.5 0.5 0.5 0.5 0.5 0.5 0.5 0.5 0.5 0.5 0.5 0.5 0.5 0.5 0.5 0.5 0.5 0.450166 0.450166 0.450166 0.450166 0.354344 0.354344 0.401312 0.354344 0.549834 0.731059 0.731059 0.731059 0.967705 0.768525 0.768525 0.768525 0.768525 0.5 0.5 0.5 0.5 0.5 0.5 0.5 0.5 0.5 0.5 0.5 0.5 0.5 0.5 0.916827 0.5 0.5 0.5 0.5 0.5 0.5 0.5 0.5 0.5 0.5 0.5 0.5 0.5 0.5 0.5 0.5 0.5 0.5 0.5 0.5 0.5 0.5 0.5 0.5 0.5 0.5 0.5 0.5 0.5 0.5 0.5 0.5 0.5 0.5 0.5 0.5 0.5 0.5 0.5 0.5 0.5 0.5 0.5 0.5 0.5 0.5 0.5 0.5 0.5 0.5 0.5 0.5 0.5 0.5 0.5 0.5 0.5 0.5 0.5 0.5 0.5 0.5 0.5 0.5 0.5 0.5 0.5 0.5 0.5 0.5 0.5 0.5 0.5 0.5 0.5 0.5 0.5 0.5 0.5 0.5 0.5 0.5 0.5 0.5 0.5 0.5 0.5 0.5 0.5 0.5 0.5 0.5 0.5 0.5 0.5 0.5 0.5 0.5 0.5 0.5 0.5 0.5 0.5 0.5 0.5 0.5 0.401312 0.5 0.5 0.5 0.5 0.401312 0.401312 0.401312 0.310026 0.5 0.768525 0.5 0.5 0.5 0.5 0.5 0.5 0.5 0.5 0.5 0.5 0.5 0.5 0.5 0.5 0.5 0.5 0.5 0.5 0.5 0.5 0.5 0.5 0.5 0.5 0.5 0.5 0.5 0.5 0.5 0.5 0.5 0.5 0.5 0.5 0.5 0.5 0.5 0.5 0.5 0.5 0.5 0.5 0.5 0.5 0.5 0.5 0.5 
0.5 0.5 0.5 0.5 0.5 0.5 0.5 0.5 0.5 0.5 0.5 0.5 0.5 0.5 0.5 0.5 0.5 0.5 0.5 0.5 0.5 0.5 0.5 0.5 0.5 0.5 0.5 0.5 0.5 0.5 0.5 0.5 0.5 0.5 0.5 0.5 0.5 0.5 0.5 0.5 0.5 0.5 0.5 0.5 0.5 0.5 0.5 0.5 0.5 0.5 0.5 0.5 0.5 0.5 0.5 0.5 0.5 0.5 0.5 0.5 0.5 0.5 0.5 0.5 0.5 0.5 0.5 0.5 0.5 0.5 0.5 0.5 0.5 0.5 0.5 0.5 0.5 0.5 0.5 0.5 0.5 0.5 0.5 0.5 0.5 0.5 0.5 0.5 0.5 0.5 0.5 0.5 0.5 0.5 0.5 0.5 0.5 0.5 0.5 0.5 0.5 0.5 0.450166 0.401312 0.401312 0.401312 0.401312 0.90025 0.768525 0.768525 0.731059 0.973403 0.5 0.768525 0.768525 0.768525 0.5 0.5 0.5 0.5 0.5 0.5 0.5 0.5 0.5 0.5 0.5 0.5 0.5 0.5 0.5 0.5 0.5 0.5 0.5 0.5 0.5 0.5 0.5 0.5 0.5 0.5 0.5 0.5 0.5 0.5 0.5 0.5 0.5 0.5 0.5 0.5 0.5 0.5 0.5 0.5 0.5 0.5 0.5 0.5 0.5 0.5 0.5 0.5 0.5 0.5 0.5 0.5 0.5 0.5 0.5 0.5 0.5 0.5 0.5 0.5 0.5 0.5 0.5 0.5 0.5 0.5 0.5 0.5 0.5 0.5 0.5 0.5 0.5 0.5 0.5 0.5 0.5 0.5 0.5 0.5 0.5 0.5 0.5 0.5 0.5 0.5 0.5 0.5 0.5 0.5 0.5 0.5 0.5 0.5 0.5 0.5 0.5 0.5 0.5 0.5 0.5 0.5 0.5 0.5 0.5 0.5 0.5 0.5 0.5 0.5 0.5 0.5 0.5 0.5 0.5 0.5 0.5 0.5 0.5 0.5 0.5 0.5 0.5 0.5 0.5 0.5 0.401312 0.5 0.5 0.5 0.5 0.5 0.310026 0.401312 0.401312 0.916827 0.5 0.5 0.5 0.5 0.5 0.5 0.5 0.5 0.5 0.5 0.5 0.5 0.5 0.5 0.5 0.5 0.5 0.5 0.5 0.5 0.5 0.5 0.5 0.5 0.5 0.5 0.5 0.5 0.5 0.5 0.5 0.5 0.5 0.5 0.5 0.5 0.5 0.5 0.5 0.5 0.5 0.5 0.5 0.5 0.5 0.5 0.5 0.5 
0.5 0.5 0.5 0.5 0.5 0.5 0.5 0.5 0.5 0.5 0.5 0.5 0.5 0.5 0.5 0.5 0.5 0.5 0.5 0.5 0.5 0.5 0.5 0.5 0.5 0.5 0.5 0.5 0.5 0.5 0.5 0.5 0.5 0.5 0.5 0.5 0.5 0.5 0.5 0.5 0.5 0.5 0.5 0.5 0.5 0.5 0.5 0.5 0.5 0.5 0.5 0.5 0.5 0.5 0.5 0.5 0.5 0.5 0.5 0.5 0.5 0.5 0.5 0.5 0.5 0.5 0.5 0.5 0.5 0.5 0.5 0.5 0.5 0.5 0.5 0.5 0.5 0.5 0.5 0.5 0.5 0.5 0.5 0.5 0.5 0.5 0.5 0.5 0.5 0.5 0.5 0.5 0.5 0.5 0.5 0.5 0.5 0.5 0.5 0.5 0.5 0.768525 0.768525 0.768525 0.768525 0.768525 0.5 0.5 0.5 0.768525 0.5 0.5 0.5 0.5 0.5 0.5 0.5 0.5 0.5 0.5 0.5 0.5 0.5 0.5 0.5 0.5 0.5 0.5 0.5 0.5 0.5 0.5 0.5 0.5 0.5 0.5 0.5 0.5 0.5 0.5 0.5 0.5 0.5 0.5 0.5 0.5 0.5 0.5 0.5 0.5 0.5 0.5 0.5 0.5 0.5 0.5 0.5 0.5 0.5 0.5 0.5 0.5 0.5 0.5 0.5 0.5 0.5 0.5 0.5 0.5 0.5 0.5 0.5 0.5 0.5 0.5 0.5 0.5 0.5 0.5 0.5 0.5 0.5 0.5 0.5 0.5 0.5 0.5 0.5 0.5 0.5 0.5 0.5 0.5 0.5 0.5 0.5 0.5 0.5 0.5 0.5 0.5 0.5 0.5 0.5 0.5 0.5 0.5 0.5 0.5 0.5 0.5 0.5 0.5 0.5 0.5 0.5 0.5 0.5 0.5 0.5 0.5 0.5 0.5 0.5 0.5 0.5 0.5 0.5 0.5 0.5 0.5 0.5 0.5 0.5 0.5 0.5 0.5 0.5 0.5 0.5 0.5 0.5 0.401312 0.5 0.5 0.5 0.5 0.401312 0.401312 0.310026 0.5 0.5 0.5 0.5 0.5 0.5 0.5 0.5 0.5 0.5 0.5 0.5 0.5 0.5 0.5 0.5 0.5 0.5 0.5 0.5 0.5 0.5 0.5 0.5 0.5 0.5 0.5 0.5 0.5 0.5 0.5 0.5 0.5 0.5 0.5 0.5 0.5 0.5 0.5 0.5 0.5 0.5 0.5 0.5 0.5 0.5 0.5 0.5 0.5 
0.5 0.5 0.5 0.5 0.5 0.5 0.5 0.5 0.5 0.5 0.5 0.5 0.5 0.5 0.5 0.5 0.5 0.5 0.5 0.5 0.5 0.5 0.5 0.5 0.5 0.5 0.5 0.5 0.5 0.5 0.5 0.5 0.5 0.5 0.5 0.5 0.5 0.5 0.5 0.5 0.5 0.5 0.5 0.5 0.5 0.5 0.5 0.5 0.5 0.5 0.5 0.5 0.5 0.5 0.5 0.5 0.5 0.5 0.5 0.5 0.5 0.5 0.5 0.5 0.5 0.5 0.5 0.5 0.5 0.5 0.5 0.5 0.5 0.5 0.5 0.5 0.5 0.5 0.5 0.5 0.5 0.5 0.5 0.5 0.5 0.5 0.5 0.5 0.5 0.5 0.5 0.5 0.5 0.5 0.5 0.5 0.5 0.5 0.5 0.5 0.5 0.5 0.5 0.5 0.5 0.5 0.5 0.5 0.5 0.5 0.5 0.5 0.5 0.5 0.5 0.5 0.5 0.5 0.5 0.5 0.5 0.5 0.5 0.5 0.5 0.5 0.5 0.5 0.5 0.5 0.5 0.5 0.5 0.5 0.5 0.5 0.5 0.5 0.5 0.5 0.5 0.5 0.5 0.5 0.5 0.5 0.5 0.5 0.5 0.5 0.5 0.5 0.5 0.5 0.5 0.5 0.5 0.5 0.5 0.5 0.5 0.5 0.5 0.5 0.5 0.5 0.5 0.5 0.5 0.5 0.5 0.5 0.5 0.5 0.5 0.5 0.5 0.5 0.5 0.5 0.5 0.5 0.5 0.5 0.5 0.5 0.5 0.5 0.5 0.5 0.5 0.5 0.5 0.5 0.5 0.5 0.5 0.5 0.5 0.5 0.5 0.5 0.5 0.5 0.5 0.5 0.5 0.5 0.5 0.5 0.5 0.5 0.5 0.5 0.5 0.5 0.5 0.5 0.5 0.5 0.5 0.5 0.5 0.5 0.5 0.5 0.5 0.5 0.5 0.5 0.5 0.5 0.5 0.5 0.5 0.5 0.5 0.5 0.5 0.5 0.5 0.5 0.5 0.5 0.401312 0.5 0.5 0.5 0.401312 0.401312 0.401312 0.401312 0.5 0.5 0.5 0.5 0.5 0.5 0.5 0.5 0.5 0.5 0.5 0.5 0.5 0.5 0.5 0.5 0.5 0.5 0.5 0.5 0.5 0.5 0.5 0.5 0.5 0.5 0.5 0.5 0.5 0.5 0.5 0.5 0.5 0.5 0.5 0.5 0.5 0.5 0.5 0.5 0.5 0.5 0.5 0.5 0.5 0.5 0.5 0.5 
0.5 0.5 0.5 0.5 0.5 0.5 0.5 0.5 0.5 0.5 0.5 0.5 0.5 0.5 0.5 0.5 0.5 0.5 0.5 0.5 0.5 0.5 0.5 0.5 0.5 0.5 0.5 0.5 0.5 0.5 0.5 0.5 0.5 0.5 0.5 0.5 0.5 0.5 0.5 0.5 0.5 0.5 0.5 0.5 0.5 0.5 0.5 0.5 0.5 0.5 0.5 0.5 0.5 0.5 0.5 0.5 0.5 0.5 0.5 0.5 0.5 0.5 0.5 0.5 0.5 0.5 0.5 0.5 0.5 0.5 0.5 0.5 0.5 0.5 0.5 0.5 0.5 0.5 0.5 0.5 0.5 0.5 0.5 0.5 0.5 0.5 0.5 0.5 0.5 0.5 0.5 0.5 0.5 0.5 0.5 0.5 0.5 0.5 0.5 0.5 0.5 0.5 0.5 0.5 0.5 0.5 0.5 0.5 0.5 0.5 0.5 0.5 0.5 0.5 0.5 0.5 0.5 0.5 0.5 0.5 0.5 0.5 0.5 0.5 0.5 0.5 0.5 0.5 0.5 0.5 0.5 0.5 0.5 0.5 0.5 0.5 0.5 0.5 0.5 0.5 0.5 0.5 0.5 0.5 0.5 0.5 0.5 0.5 0.5 0.5 0.5 0.5 0.5 0.5 0.5 0.5 0.5 0.5 0.5 0.5 0.5 0.5 0.5 0.5 0.5 0.5 0.5 0.5 0.5 0.5 0.5 0.5 0.5 0.5 0.5 0.5 0.5 0.5 0.5 0.5 0.5 0.5 0.5 0.5 0.5 0.5 0.5 0.5 0.5 0.5 0.5 0.5 0.5 0.5 0.5 0.5 0.5 0.5 0.5 0.5 0.5 0.5 0.5 0.5 0.5 0.5 0.5 0.5 0.5 0.5 0.5 0.5 0.5 0.5 0.5 0.5 0.5 0.5 0.5 0.5 0.5 0.5 0.5 0.5 0.5 0.5 0.5 0.5 0.5 0.5 0.5 0.5 0.5 0.5 0.5 0.5 0.5 0.5 0.5 0.5 0.5 0.5 0.5 0.5 0.401312 0.5 0.5 0.5 0.5 0.401312 0.401312 0.310026 0.5 0.5 0.5 0.5 0.5 0.5 0.5 0.5 0.5 0.5 0.5 0.5 0.5 0.5 0.5 0.5 0.5 0.5 0.5 0.5 0.5 0.5 0.5 0.5 0.5 0.5 0.5 0.5 0.5 0.5 0.5 0.5 0.5 0.5 0.5 0.5 0.5 0.5 0.5 0.5 0.5 0.5 0.5 0.5 0.5 0.5 0.5 0.5 
0.5 0.5 0.5 0.5 0.5 0.5 0.5 0.5 0.5 0.5 0.5 0.5 0.5 0.5 0.5 0.5 0.5 0.5 0.5 0.5 0.5 0.5 0.5 0.5 0.5 0.5 0.5 0.5 0.5 0.5 0.5 0.5 0.5 0.5 0.5 0.5 0.5 0.5 0.5 0.5 0.5 0.5 0.5 0.5 0.5 0.5 0.5 0.5 0.5 0.5 0.5 0.5 0.5 0.5 0.5 0.5 0.5 0.5 0.5 0.5 0.5 0.5 0.5 0.5 0.5 0.5 0.5 0.5 0.5 0.5 0.5 0.5 0.5 0.5 0.5 0.5 0.5 0.5 0.5 0.5 0.5 0.5 0.5 0.5 0.5 0.5 0.5 0.5 0.5 0.5 0.5 0.5 0.5 0.5 0.5 0.5 0.5 0.5 0.5 0.5 0.5 0.5 0.5 0.5 0.5 0.5 0.5 0.5 0.5 0.5 0.5 0.5 0.5 0.5 0.5 0.5 0.5 0.5 0.5 0.5 0.5 0.5 0.5 0.5 0.5 0.5 0.5 0.5 0.5 0.5 0.5 0.5 0.5 0.5 0.5 0.5 0.5 0.5 0.5 0.5 0.5 0.5 0.5 0.5 0.5 0.5 0.5 0.5 0.5 0.5 0.5 0.5 0.5 0.5 0.5 0.5 0.5 0.5 0.5 0.5 0.5 0.5 0.5 0.5 0.5 0.5 0.5 0.5 0.5 0.5 0.5 0.5 0.5 0.5 0.5 0.5 0.5 0.5 0.5 0.5 0.5 0.5 0.5 0.5 0.5 0.5 0.5 0.5 0.5 0.5 0.5 0.5 0.5 0.5 0.5 0.5 0.5 0.5 0.5 0.5 0.5 0.5 0.5 0.5 0.5 0.5 0.5 0.5 0.5 0.5 0.5 0.5 0.5 0.5 0.5 0.5 0.5 0.5 0.5 0.5 0.5 0.5 0.5 0.5 0.5 0.5 0.5 0.5 0.5 0.5 0.5 0.5 0.5 0.5 0.5 0.5 0.5 0.5 0.5 0.5 0.5 0.5 0.5 0.5 0.5 0.401312 0.5 0.5 0.5 0.401312 0.401312 0.401312 0.401312 0.5 0.5 0.5 0.5 0.5 0.5 0.5 0.5 0.5 0.5 0.5 0.5 0.5 0.5 0.5 0.5 0.5 0.5 0.5 0.5 0.5 0.5 0.5 0.5 0.5 0.5 0.5 0.5 0.5 0.5 0.5 0.5 0.5 0.5 0.5 0.5 0.5 0.5 0.5 0.5 0.5 0.5 0.5 0.5 0.5 0.5 0.5 
0.5 0.5 0.5 0.5 0.5 0.5 0.5 0.5 0.5 0.5 0.5 0.5 0.5 0.5 0.5 0.5 0.5 0.5 0.5 0.5 0.5 0.5 0.5 0.5 0.5 0.5 0.5 0.5 0.5 0.5 0.5 0.5 0.5 0.5 0.5 0.5 0.5 0.5 0.5 0.5 0.5 0.5 0.5 0.5 0.5 0.5 0.5 0.5 0.5 0.5 0.5 0.5 0.5 0.5 0.5 0.5 0.5 0.5 0.5 0.5 0.5 0.5 0.5 0.5 0.5 0.5 0.5 0.5 0.5 0.5 0.5 0.5 0.5 0.5 0.5 0.5 0.5 0.5 0.5 0.5 0.5 0.5 0.5 0.5 0.5 0.5 0.5 0.5 0.5 0.5 0.5 0.5 0.5 0.5 0.5 0.5 0.5 0.5 0.5 0.5 0.5 0.5 0.5 0.5 0.5 0.5 0.5 0.5 0.5 0.5 0.5 0.5 0.5 0.5 0.5 0.5 0.5 0.5 0.5 0.5 0.5 0.5 0.5 0.5 0.5 0.5 0.5 0.5 0.5 0.5 0.5 0.5 0.5 0.5 0.5 0.5 0.5 0.5 0.5 0.5 0.5 0.5 0.5 0.5 0.5 0.5 0.5 0.5 0.5 0.5 0.5 0.5 0.5 0.5 0.5 0.5 0.5 0.5 0.5 0.5 0.5 0.5 0.5 0.5 0.5 0.5 0.5 0.5 0.5 0.5 0.5 0.5 0.5 0.5 0.5 0.5 0.5 0.5 0.5 0.5 0.5 0.5 0.5 0.5 0.5 0.5 0.5 0.5 0.5 0.5 0.5 0.5 0.5 0.5 0.5 0.5 0.5 0.5 0.5 0.5 0.5 0.5 0.5 0.5 0.5 0.5 0.5 0.5 0.5 0.5 0.5 0.5 0.5 0.5 0.5 0.5 0.5 0.5 0.5 0.5 0.5 0.5 0.5 0.5 0.5 0.5 0.5 0.5 0.5 0.5 0.5 0.5 0.5 0.5 0.5 0.5 0.5 0.5 0.5 0.5 0.5 0.5 0.5 0.5 0.5 0.5 0.401312 0.5 0.5 0.5 0.401312 0.401312 0.310026 0.5 0.5 0.5 0.5 0.5 0.5 0.5 0.5 0.5 0.5 0.5 0.5 0.5 0.5 0.5 0.5 0.5 0.5 0.5 0.5 0.5 0.5 0.5 0.5 0.5 0.5 0.5 0.5 0.5 0.5 0.5 0.5 0.5 0.5 0.5 0.5 0.5 0.5 0.5 0.5 0.5 0.5 0.5 0.5 0.5 0.5 0.5 
0.5 0.5 0.5 0.5 0.5 0.5 0.5 0.5 0.5 0.5 0.5 0.5 0.5 0.5 0.5 0.5 0.5 0.5 0.5 0.5 0.5 0.5 0.5 0.5 0.5 0.5 0.5 0.5 0.5 0.5 0.5 0.5 0.5 0.5 0.5 0.5 0.5 0.5 0.5 0.5 0.5 0.5 0.5 0.5 0.5 0.5 0.5 0.5 0.5 0.5 0.5 0.5 0.5 0.5 0.5 0.5 0.5 0.5 0.5 0.5 0.5 0.5 0.5 0.5 0.5 0.5 0.5 0.5 0.5 0.5 0.5 0.5 0.5 0.5 0.5 0.5 0.5 0.5 0.5 0.5 0.5 0.5 0.5 0.5 0.5 0.5 0.5 0.5 0.5 0.5 0.5 0.5 0.5 0.5 0.5 0.5 0.5 0.5 0.5 0.5 0.5 0.5 0.5 0.5 0.5 0.5 0.5 0.5 0.5 0.5 0.5 0.5 0.5 0.5 0.5 0.5 0.5 0.5 0.5 0.5 0.5 0.5 0.5 0.5 0.5 0.5 0.5 0.5 0.5 0.5 0.5 0.5 0.5 0.5 0.5 0.5 0.5 0.5 0.5 0.5 0.5 0.5 0.5 0.5 0.5 0.5 0.5 0.5 0.5 0.5 0.5 0.5 0.5 0.5 0.5 0.5 0.5 0.5 0.5 0.5 0.5 0.5 0.5 0.5 0.5 0.5 0.5 0.5 0.5 0.5 0.5 0.5 0.5 0.5 0.5 0.5 0.5 0.5 0.5 0.5 0.5 0.5 0.5 0.5 0.5 0.5 0.5 0.5 0.5 0.5 0.5 0.5 0.5 0.5 0.5 0.5 0.5 0.5 0.5 0.5 0.5 0.5 0.5 0.5 0.5 0.5 0.5 0.5 0.5 0.5 0.5 0.5 0.5 0.5 0.5 0.5 0.5 0.5 0.5 0.5 0.5 0.5 0.5 0.5 0.5 0.5 0.5 0.5 0.5 0.5 0.5 0.5 0.5 0.5 0.5 0.5 0.5 0.5 0.5 0.5 0.5 0.5 0.5 0.5 0.5 0.5 0.5 0.401312 0.5 0.5 0.401312 0.401312 0.401312 0.401312 0.5 0.5 0.5 0.5 0.5 0.5 0.5 0.5 0.5 0.5 0.5 0.5 0.5 0.5 0.5 0.5 0.5 0.5 0.5 0.5 0.5 0.5 0.5 0.5 0.5 0.5 0.5 0.5 0.5 0.5 0.5 0.5 0.5 0.5 0.5 0.5 0.5 0.5 0.5 0.5 0.5 0.5 0.5 0.5 0.5 0.5 
0.5 0.5 0.5 0.5 0.5 0.5 0.5 0.5 0.5 0.5 0.5 0.5 0.5 0.5 0.5 0.5 0.5 0.5 0.5 0.5 0.5 0.5 0.5 0.5 0.5 0.5 0.5 0.5 0.5 0.5 0.5 0.5 0.5 0.5 0.5 0.5 0.5 0.5 0.5 0.5 0.5 0.5 0.5 0.5 0.5 0.5 0.5 0.5 0.5 0.5 0.5 0.5 0.5 0.5 0.5 0.5 0.5 0.5 0.5 0.5 0.5 0.5 0.5 0.5 0.5 0.5 0.5 0.5 0.5 0.5 0.5 0.5 0.5 0.5 0.5 0.5 0.5 0.5 0.5 0.5 0.5 0.5 0.5 0.5 0.5 0.5 0.5 0.5 0.5 0.5 0.5 0.5 0.5 0.5 0.5 0.5 0.5 0.5 0.5 0.5 0.5 0.5 0.5 0.5 0.5 0.5 0.5 0.5 0.5 0.5 0.5 0.5 0.5 0.5 0.5 0.5 0.5 0.5 0.5 0.5 0.5 0.5 0.5 0.5 0.5 0.5 0.5 0.5 0.5 0.5 0.5 0.5 0.5 0.5 0.5 0.5 0.5 0.5 0.5 0.5 0.5 0.5 0.5 0.5 0.5 0.5 0.5 0.5 0.5 0.5 0.5 0.5 0.5 0.5 0.5 0.5 0.5 0.5 0.5 0.5 0.5 0.5 0.5 0.5 0.5 0.5 0.5 0.5 0.5 0.5 0.5 0.5 0.5 0.5 0.5 0.5 0.5 0.5 0.5 0.5 0.5 0.5 0.5 0.5 0.5 0.5 0.5 0.5 0.5 0.5 0.5 0.5 0.5 0.5 0.5 0.5 0.5 0.5 0.5 0.5 0.5 0.5 0.5 0.5 0.5 0.5 0.5 0.5 0.5 0.5 0.5 0.5 0.5 0.5 0.5 0.5 0.5 0.5 0.5 0.5 0.5 0.5 0.5 0.5 0.5 0.5 0.5 0.5 0.5 0.5 0.5 0.5 0.5 0.5 0.5 0.5 0.5 0.5 0.5 0.5 0.5 0.5 0.5 0.5 0.5 0.5 0.5 0.401312 0.5 0.5 0.5 0.401312 0.401312 0.310026 0.5 0.5 0.5 0.5 0.5 0.5 0.5 0.5 0.5 0.5 0.5 0.5 0.5 0.5 0.5 0.5 0.5 0.5 0.5 0.5 0.5 0.5 0.5 0.5 0.5 0.5 0.5 0.5 0.5 0.5 0.5 0.5 0.5 0.5 0.5 0.5 0.5 0.5 0.5 0.5 0.5 0.5 0.5 0.5 0.5 0.5 
0.5 0.5 0.5 0.5 0.5 0.5 0.5 0.5 0.5 0.5 0.5 0.5 0.5 0.5 0.5 0.5 0.5 0.5 0.5 0.5 0.5 0.5 0.5 0.5 0.5 0.5 0.5 0.5 0.5 0.5 0.5 0.5 0.5 0.5 0.5 0.5 0.5 0.5 0.5 0.5 0.5 0.5 0.5 0.5 0.5 0.5 0.5 0.5 0.5 0.5 0.5 0.5 0.5 0.5 0.5 0.5 0.5 0.5 0.5 0.5 0.5 0.5 0.5 0.5 0.5 0.5 0.5 0.5 0.5 0.5 0.5 0.5 0.5 0.5 0.5 0.5 0.5 0.5 0.5 0.5 0.5 0.5 0.5 0.5 0.5 0.5 0.5 0.5 0.5 0.5 0.5 0.5 0.5 0.5 0.5 0.5 0.5 0.5 0.5 0.5 0.5 0.5 0.5 0.5 0.5 0.5 0.5 0.5 0.5 0.5 0.5 0.5 0.5 0.5 0.5 0.5 0.5 0.5 0.5 0.5 0.5 0.5 0.5 0.5 0.5 0.5 0.5 0.5 0.5 0.5 0.5 0.5 0.5 0.5 0.5 0.5 0.5 0.5 0.5 0.5 0.5 0.5 0.5 0.5 0.5 0.5 0.5 0.5 0.5 0.5 0.5 0.5 0.5 0.5 0.5 0.5 0.5 0.5 0.5 0.5 0.5 0.5 0.5 0.5 0.5 0.5 0.5 0.5 0.5 0.5 0.5 0.5 0.5 0.5 0.5 0.5 0.5 0.5 0.5 0.5 0.5 0.5 0.5 0.5 0.5 0.5 0.5 0.5 0.5 0.5 0.5 0.5 0.5 0.5 0.5 0.5 0.5 0.5 0.5 0.5 0.5 0.5 0.5 0.5 0.5 0.5 0.5 0.5 0.5 0.5 0.5 0.5 0.5 0.5 0.5 0.5 0.5 0.5 0.5 0.5 0.5 0.5 0.5 0.5 0.5 0.5 0.5 0.5 0.5 0.5 0.5 0.5 0.5 0.5 0.5 0.5 0.5 0.5 0.5 0.5 0.5 0.5 0.5 0.5 0.5 0.5 0.5 0.5 0.401312 0.5 0.5 0.401312 0.401312 0.401312 0.401312 0.5 0.5 0.5 0.5 0.5 0.5 0.5 0.5 0.5 0.5 0.5 0.5 0.5 0.5 0.5 0.5 0.5 0.5 0.5 0.5 0.5 0.5 0.5 0.5 0.5 0.5 0.5 0.5 0.5 0.5 0.5 0.5 0.5 0.5 0.5 0.5 0.5 0.5 0.5 0.5 0.5 0.5 0.5 0.5 0.5 
0.5 0.5 0.5 0.5 0.5 0.5 0.5 0.5 0.5 0.5 0.5 0.5 0.5 0.5 0.5 0.5 0.5 0.5 0.5 0.5 0.5 0.5 0.5 0.5 0.5 0.5 0.5 0.5 0.5 0.5 0.5 0.5 0.5 0.5 0.5 0.5 0.5 0.5 0.5 0.5 0.5 0.5 0.5 0.5 0.5 0.5 0.5 0.5 0.5 0.5 0.5 0.5 0.5 0.5 0.5 0.5 0.5 0.5 0.5 0.5 0.5 0.5 0.5 0.5 0.5 0.5 0.5 0.5 0.5 0.5 0.5 0.5 0.5 0.5 0.5 0.5 0.5 0.5 0.5 0.5 0.5 0.5 0.5 0.5 0.5 0.5 0.5 0.5 0.5 0.5 0.5 0.5 0.5 0.5 0.5 0.5 0.5 0.5 0.5 0.5 0.5 0.5 0.5 0.5 0.5 0.5 0.5 0.5 0.5 0.5 0.5 0.5 0.5 0.5 0.5 0.5 0.5 0.5 0.5 0.5 0.5 0.5 0.5 0.5 0.5 0.5 0.5 0.5 0.5 0.5 0.5 0.5 0.5 0.5 0.5 0.5 0.5 0.5 0.5 0.5 0.5 0.5 0.5 0.5 0.5 0.5 0.5 0.5 0.5 0.5 0.5 0.5 0.5 0.5 0.5 0.5 0.5 0.5 0.5 0.5 0.5 0.5 0.5 0.5 0.5 0.5 0.5 0.5 0.5 0.5 0.5 0.5 0.5 0.5 0.5 0.5 0.5 0.5 0.5 0.5 0.5 0.5 0.5 0.5 0.5 0.5 0.5 0.5 0.5 0.5 0.5 0.5 0.5 0.5 0.5 0.5 0.5 0.5 0.5 0.5 0.5 0.5 0.5 0.5 0.5 0.5 0.5 0.5 0.5 0.5 0.5 0.5 0.5 0.5 0.5 0.5 0.5 0.5 0.5 0.5 0.5 0.5 0.5 0.5 0.5 0.5 0.5 0.5 0.5 0.5 0.5 0.5 0.5 0.5 0.5 0.5 0.5 0.5 0.5 0.5 0.5 0.5 0.5 0.5 0.5 0.5 0.5 0.5 0.5 0.401312 0.5 0.5 0.401312 0.401312 0.310026 0.5 0.5 0.5 0.5 0.5 0.5 0.5 0.5 0.5 0.5 0.5 0.5 0.5 0.5 0.5 0.5 0.5 0.5 0.5 0.5 0.5 0.5 0.5 0.5 0.5 0.5 0.5 0.5 0.5 0.5 0.5 0.5 0.5 0.5 0.5 0.5 0.5 0.5 0.5 0.5 0.5 0.5 0.5 0.5 0.5 
0.5 0.5 0.5 0.5 0.5 0.5 0.5 0.5 0.5 0.5 0.5 0.5 0.5 0.5 0.5 0.5 0.5 0.5 0.5 0.5 0.5 0.5 0.5 0.5 0.5 0.5 0.5 0.5 0.5 0.5 0.5 0.5 0.5 0.5 0.5 0.5 0.5 0.5 0.5 0.5 0.5 0.5 0.5 0.5 0.5 0.5 0.5 0.5 0.5 0.5 0.5 0.5 0.5 0.5 0.5 0.5 0.5 0.5 0.5 0.5 0.5 0.5 0.5 0.5 0.5 0.5 0.5 0.5 0.5 0.5 0.5 0.5 0.5 0.5 0.5 0.5 0.5 0.5 0.5 0.5 0.5 0.5 0.5 0.5 0.5 0.5 0.5 0.5 0.5 0.5 0.5 0.5 0.5 0.5 0.5 0.5 0.5 0.5 0.5 0.5 0.5 0.5 0.5 0.5 0.5 0.5 0.5 0.5 0.5 0.5 0.5 0.5 0.5 0.5 0.5 0.5 0.5 0.5 0.5 0.5 0.5 0.5 0.5 0.5 0.5 0.5 0.5 0.5 0.5 0.5 0.5 0.5 0.5 0.5 0.5 0.5 0.5 0.5 0.5 0.5 0.5 0.5 0.5 0.5 0.5 0.5 0.5 0.5 0.5 0.5 0.5 0.5 0.5 0.5 0.5 0.5 0.5 0.5 0.5 0.5 0.5 0.5 0.5 0.5 0.5 0.5 0.5 0.5 0.5 0.5 0.5 0.5 0.5 0.5 0.5 0.5 0.5 0.5 0.5 0.5 0.5 0.5 0.5 0.5 0.5 0.5 0.5 0.5 0.5 0.5 0.5 0.5 0.5 0.5 0.5 0.5 0.5 0.5 0.5 0.5 0.5 0.5 0.5 0.5 0.5 0.5 0.5 0.5 0.5 0.5 0.5 0.5 0.5 0.5 0.5 0.5 0.5 0.5 0.5 0.5 0.5 0.5 0.5 0.5 0.5 0.5 0.5 0.5 0.5 0.5 0.5 0.5 0.5 0.5 0.5 0.5 0.5 0.5 0.5 0.5 0.5 0.5 0.5 0.5 0.5 0.5 0.5 0.5 0.5 0.401312 0.5 0.5 0.401312 0.401312 0.310026 0.5 0.5 0.5 0.5 0.5 0.5 0.5 0.5 0.5 0.5 0.5 0.5 0.5 0.5 0.5 0.5 0.5 0.5 0.5 0.5 0.5 0.5 0.5 0.5 0.5 0.5 0.5 0.5 0.5 0.5 0.5 0.5 0.5 0.5 0.5 0.5 0.5 0.5 0.5 0.5 0.5 0.5 0.5 0.5 0.5 
0.5 0.5 0.5 0.5 0.5 0.5 0.5 0.5 0.5 0.5 0.5 0.5 0.5 0.5 0.5 0.5 0.5 0.5 0.5 0.5 0.5 0.5 0.5 0.5 0.5 0.5 0.5 0.5 0.5 0.5 0.5 0.5 0.5 0.5 0.5 0.5 0.5 0.5 0.5 0.5 0.5 0.5 0.5 0.5 0.5 0.5 0.5 0.5 0.5 0.5 0.5 0.5 0.5 0.5 0.5 0.5 0.5 0.5 0.5 0.5 0.5 0.5 0.5 0.5 0.5 0.5 0.5 0.5 0.5 0.5 0.5 0.5 0.5 0.5 0.5 0.5 0.5 0.5 0.5 0.5 0.5 0.5 0.5 0.5 0.5 0.5 0.5 0.5 0.5 0.5 0.5 0.5 0.5 0.5 0.5 0.5 0.5 0.5 0.5 0.5 0.5 0.5 0.5 0.5 0.5 0.5 0.5 0.5 0.5 0.5 0.5 0.5 0.5 0.5 0.5 0.5 0.5 0.5 0.5 0.5 0.5 0.5 0.5 0.5 0.5 0.5 0.5 0.5 0.5 0.5 0.5 0.5 0.5 0.5 0.5 0.5 0.5 0.5 0.5 0.5 0.5 0.5 0.5 0.5 0.5 0.5 0.5 0.5 0.5 0.5 0.5 0.5 0.5 0.5 0.5 0.5 0.5 0.5 0.5 0.5 0.5 0.5 0.5 0.5 0.5 0.5 0.5 0.5 0.5 0.5 0.5 0.5 0.5 0.5 0.5 0.5 0.5 0.5 0.5 0.5 0.5 0.5 0.5 0.5 0.5 0.5 0.5 0.5 0.5 0.5 0.5 0.5 0.5 0.5 0.5 0.5 0.5 0.5 0.5 0.5 0.5 0.5 0.5 0.5 0.5 0.5 0.5 0.5 0.5 0.5 0.5 0.5 0.5 0.5 0.5 0.5 0.5 0.5 0.5 0.5 0.5 0.5 0.5 0.5 0.5 0.5 0.5 0.5 0.5 0.5 0.5 0.5 0.5 0.5 0.5 0.5 0.5 0.5 0.5 0.5 0.5 0.5 0.5 0.5 0.5 0.5 0.5 0.5 0.5 0.5 0.401312 0.5 0.5 0.401312 0.310026 0.401312 0.5 0.5 0.5 0.5 0.5 0.5 0.5 0.5 0.5 0.5 0.5 0.5 0.5 0.5 0.5 0.5 0.5 0.5 0.5 0.5 0.5 0.5 0.5 0.5 0.5 0.5 0.5 0.5 0.5 0.5 0.5 0.5 0.5 0.5 0.5 0.5 0.5 0.5 0.5 0.5 0.5 0.5 0.5 0.5 
0.5 0.5 0.5 0.5 0.5 0.5 0.5 0.5 0.5 0.5 0.5 0.5 0.5 0.5 0.5 0.5 0.5 0.5 0.5 0.5 0.5 0.5 0.5 0.5 0.5 0.5 0.5 0.5 0.5 0.5 0.5 0.5 0.5 0.5 0.5 0.5 0.5 0.5 0.5 0.5 0.5 0.5 0.5 0.5 0.5 0.5 0.5 0.5 0.5 0.5 0.5 0.5 0.5 0.5 0.5 0.5 0.5 0.5 0.5 0.5 0.5 0.5 0.5 0.5 0.5 0.5 0.5 0.5 0.5 0.5 0.5 0.5 0.5 0.5 0.5 0.5 0.5 0.5 0.5 0.5 0.5 0.5 0.5 0.5 0.5 0.5 0.5 0.5 0.5 0.5 0.5 0.5 0.5 0.5 0.5 0.5 0.5 0.5 0.5 0.5 0.5 0.5 0.5 0.5 0.5 0.5 0.5 0.5 0.5 0.5 0.5 0.5 0.5 0.5 0.5 0.5 0.5 0.5 0.5 0.5 0.5 0.5 0.5 0.5 0.5 0.5 0.5 0.5 0.5 0.5 0.5 0.5 0.5 0.5 0.5 0.5 0.5 0.5 0.5 0.5 0.5 0.5 0.5 0.5 0.5 0.5 0.5 0.5 0.5 0.5 0.5 0.5 0.5 0.5 0.5 0.5 0.5 0.5 0.5 0.5 0.5 0.5 0.5 0.5 0.5 0.5 0.5 0.5 0.5 0.5 0.5 0.5 0.5 0.5 0.5 0.5 0.5 0.5 0.5 0.5 0.5 0.5 0.5 0.5 0.5 0.5 0.5 0.5 0.5 0.5 0.5 0.5 0.5 0.5 0.5 0.5 0.5 0.5 0.5 0.5 0.5 0.5 0.5 0.5 0.5 0.5 0.5 0.5 0.5 0.5 0.5 0.5 0.5 0.5 0.5 0.5 0.5 0.5 0.5 0.5 0.5 0.5 0.5 0.5 0.5 0.5 0.5 0.5 0.5 0.5 0.5 0.5 0.5 0.5 0.5 0.5 0.5 0.5 0.5 0.5 0.5 0.5 0.5 0.5 0.5 0.5 0.5 0.5 0.5 0.5 0.5 0.401312 0.5 0.401312 0.401312 0.310026 0.5 0.5 0.5 0.5 0.5 0.5 0.5 0.5 0.5 0.5 0.5 0.5 0.5 0.5 0.5 0.5 0.5 0.5 0.5 0.5 0.5 0.5 0.5 0.5 0.5 0.5 0.5 0.5 0.5 0.5 0.5 0.5 0.5 0.5 0.5 0.5 0.5 0.5 0.5 0.5 0.5 0.5 0.5 0.5 
0.5 0.5 0.5 0.5 0.5 0.5 0.5 0.5 0.5 0.5 0.5 0.5 0.5 0.5 0.5 0.5 0.5 0.5 0.5 0.5 0.5 0.5 0.5 0.5 0.5 0.5 0.5 0.5 0.5 0.5 0.5 0.5 0.5 0.5 0.5 0.5 0.5 0.5 0.5 0.5 0.5 0.5 0.5 0.5 0.5 0.5 0.5 0.5 0.5 0.5 0.5 0.5 0.5 0.5 0.5 0.5 0.5 0.5 0.5 0.5 0.5 0.5 0.5 0.5 0.5 0.5 0.5 0.5 0.5 0.5 0.5 0.5 0.5 0.5 0.5 0.5 0.5 0.5 0.5 0.5 0.5 0.5 0.5 0.5 0.5 0.5 0.5 0.5 0.5 0.5 0.5 0.5 0.5 0.5 0.5 0.5 0.5 0.5 0.5 0.5 0.5 0.5 0.5 0.5 0.5 0.5 0.5 0.5 0.5 0.5 0.5 0.5 0.5 0.5 0.5 0.5 0.5 0.5 0.5 0.5 0.5 0.5 0.5 0.5 0.5 0.5 0.5 0.5 0.5 0.5 0.5 0.5 0.5 0.5 0.5 0.5 0.5 0.5 0.5 0.5 0.5 0.5 0.5 0.5 0.5 0.5 0.5 0.5 0.5 0.5 0.5 0.5 0.5 0.5 0.5 0.5 0.5 0.5 0.5 0.5 0.5 0.5 0.5 0.5 0.5 0.5 0.5 0.5 0.5 0.5 0.5 0.5 0.5 0.5 0.5 0.5 0.5 0.5 0.5 0.5 0.5 0.5 0.5 0.5 0.5 0.5 0.5 0.5 0.5 0.5 0.5 0.5 0.5 0.5 0.5 0.5 0.5 0.5 0.5 0.5 0.5 0.5 0.5 0.5 0.5 0.5 0.5 0.5 0.5 0.5 0.5 0.5 0.5 0.5 0.5 0.5 0.5 0.5 0.5 0.5 0.5 0.5 0.5 0.5 0.5 0.5 0.5 0.5 0.5 0.5 0.5 0.5 0.5 0.5 0.5 0.5 0.5 0.5 0.5 0.5 0.5 0.5 0.5 0.5 0.5 0.5 0.5 0.5 0.5 0.5 0.5 0.401312 0.5 0.5 0.310026 0.401312 0.401312 0.5 0.5 0.5 0.5 0.5 0.5 0.5 0.5 0.5 0.5 0.5 0.5 0.5 0.5 0.5 0.5 0.5 0.5 0.5 0.5 0.5 0.5 0.5 0.5 0.5 0.5 0.5 0.5 0.5 0.5 0.5 0.5 0.5 0.5 0.5 0.5 0.5 0.5 0.5 0.5 0.5 0.5 0.5 
0.5 0.5 0.5 0.5 0.5 0.5 0.5 0.5 0.5 0.5 0.5 0.5 0.5 0.5 0.5 0.5 0.5 0.5 0.5 0.5 0.5 0.5 0.5 0.5 0.5 0.5 0.5 0.5 0.5 0.5 0.5 0.5 0.5 0.5 0.5 0.5 0.5 0.5 0.5 0.5 0.5 0.5 0.5 0.5 0.5 0.5 0.5 0.5 0.5 0.5 0.5 0.5 0.5 0.5 0.5 0.5 0.5 0.5 0.5 0.5 0.5 0.5 0.5 0.5 0.5 0.5 0.5 0.5 0.5 0.5 0.5 0.5 0.5 0.5 0.5 0.5 0.5 0.5 0.5 0.5 0.5 0.5 0.5 0.5 0.5 0.5 0.5 0.5 0.5 0.5 0.5 0.5 0.5 0.5 0.5 0.5 0.5 0.5 0.5 0.5 0.5 0.5 0.5 0.5 0.5 0.5 0.5 0.5 0.5 0.5 0.5 0.5 0.5 0.5 0.5 0.5 0.5 0.5 0.5 0.5 0.5 0.5 0.5 0.5 0.5 0.5 0.5 0.5 0.5 0.5 0.5 0.5 0.5 0.5 0.5 0.5 0.5 0.5 0.5 0.5 0.5 0.5 0.5 0.5 0.5 0.5 0.5 0.5 0.5 0.5 0.5 0.5 0.5 0.5 0.5 0.5 0.5 0.5 0.5 0.5 0.5 0.5 0.5 0.5 0.5 0.5 0.5 0.5 0.5 0.5 0.5 0.5 0.5 0.5 0.5 0.5 0.5 0.5 0.5 0.5 0.5 0.5 0.5 0.5 0.5 0.5 0.5 0.5 0.5 0.5 0.5 0.5 0.5 0.5 0.5 0.5 0.5 0.5 0.5 0.5 0.5 0.5 0.5 0.5 0.5 0.5 0.5 0.5 0.5 0.5 0.5 0.5 0.5 0.5 0.5 0.5 0.5 0.5 0.5 0.5 0.5 0.5 0.5 0.5 0.5 0.5 0.5 0.5 0.5 0.5 0.5 0.5 0.5 0.5 0.5 0.5 0.5 0.5 0.5 0.5 0.5 0.5 0.5 0.5 0.5 0.5 0.5 0.5 0.5 0.5 0.5 0.5 0.401312 0.5 0.401312 0.401312 0.310026 0.5 0.5 0.5 0.5 0.5 0.5 0.5 0.5 0.5 0.5 0.5 0.5 0.5 0.5 0.5 0.5 0.5 0.5 0.5 0.5 0.5 0.5 0.5 0.5 0.5 0.5 0.5 0.5 0.5 0.5 0.5 0.5 0.5 0.5 0.5 0.5 0.5 0.5 0.5 0.5 0.5 0.5 0.5 
0.5 0.5 0.5 0.5 0.5 0.5 0.5 0.5 0.5 0.5 0.5 0.5 0.5 0.5 0.5 0.5 0.5 0.5 0.5 0.5 0.5 0.5 0.5 0.5 0.5 0.5 0.5 0.5 0.5 0.5 0.5 0.5 0.5 0.5 0.5 0.5 0.5 0.5 0.5 0.5 0.5 0.5 0.5 0.5 0.5 0.5 0.5 0.5 0.5 0.5 0.5 0.5 0.5 0.5 0.5 0.5 0.5 0.5 0.5 0.5 0.5 0.5 0.5 0.5 0.5 0.5 0.5 0.5 0.5 0.5 0.5 0.5 0.5 0.5 0.5 0.5 0.5 0.5 0.5 0.5 0.5 0.5 0.5 0.5 0.5 0.5 0.5 0.5 0.5 0.5 0.5 0.5 0.5 0.5 0.5 0.5 0.5 0.5 0.5 0.5 0.5 0.5 0.5 0.5 0.5 0.5 0.5 0.5 0.5 0.5 0.5 0.5 0.5 0.5 0.5 0.5 0.5 0.5 0.5 0.5 0.5 0.5 0.5 0.5 0.5 0.5 0.5 0.5 0.5 0.5 0.5 0.5 0.5 0.5 0.5 0.5 0.5 0.5 0.5 0.5 0.5 0.5 0.5 0.5 0.5 0.5 0.5 0.5 0.5 0.5 0.5 0.5 0.5 0.5 0.5 0.5 0.5 0.5 0.5 0.5 0.5 0.5 0.5 0.5 0.5 0.5 0.5 0.5 0.5 0.5 0.5 0.5 0.5 0.5 0.5 0.5 0.5 0.5 0.5 0.5 0.5 0.5 0.5 0.5 0.5 0.5 0.5 0.5 0.5 0.5 0.5 0.5 0.5 0.5 0.5 0.5 0.5 0.5 0.5 0.5 0.5 0.5 0.5 0.5 0.5 0.5 0.5 0.5 0.5 0.5 0.5 0.5 0.5 0.5 0.5 0.5 0.5 0.5 0.5 0.5 0.5 0.5 0.5 0.5 0.5 0.5 0.5 0.5 0.5 0.5 0.5 0.5 0.5 0.5 0.5 0.5 0.5 0.5 0.5 0.5 0.5 0.5 0.5 0.5 0.5 0.5 0.5 0.5 0.5 0.5 0.5 0.5 0.5 0.401312 0.401312 0.401312 0.401312 0.401312 0.5 0.5 0.5 0.5 0.5 0.5 0.5 0.5 0.5 0.5 0.5 0.5 0.5 0.5 0.5 0.5 0.5 0.5 0.5 0.5 0.5 0.5 0.5 0.5 0.5 0.5 0.5 0.5 0.5 0.5 0.5 0.5 0.5 0.5 0.5 0.5 0.5 0.5 0.5 0.5 0.5 0.5 
0.5 0.5 0.5 0.5 0.5 0.5 0.5 0.5 0.5 0.5 0.5 0.5 0.5 0.5 0.5 0.5 0.5 0.5 0.5 0.5 0.5 0.5 0.5 0.5 0.5 0.5 0.5 0.5 0.5 0.5 0.5 0.5 0.5 0.5 0.5 0.5 0.5 0.5 0.5 0.5 0.5 0.5 0.5 0.5 0.5 0.5 0.5 0.5 0.5 0.5 0.5 0.5 0.5 0.5 0.5 0.5 0.5 0.5 0.5 0.5 0.5 0.5 0.5 0.5 0.5 0.5 0.5 0.5 0.5 0.5 0.5 0.5 0.5 0.5 0.5 0.5 0.5 0.5 0.5 0.5 0.5 0.5 0.5 0.5 0.5 0.5 0.5 0.5 0.5 0.5 0.5 0.5 0.5 0.5 0.5 0.5 0.5 0.5 0.5 0.5 0.5 0.5 0.5 0.5 0.5 0.5 0.5 0.5 0.5 0.5 0.5 0.5 0.5 0.5 0.5 0.5 0.5 0.5 0.5 0.5 0.5 0.5 0.5 0.5 0.5 0.5 0.5 0.5 0.5 0.5 0.5 0.5 0.5 0.5 0.5 0.5 0.5 0.5 0.5 0.5 0.5 0.5 0.5 0.5 0.5 0.5 0.5 0.5 0.5 0.5 0.5 0.5 0.5 0.5 0.5 0.5 0.5 0.5 0.5 0.5 0.5 0.5 0.5 0.5 0.5 0.5 0.5 0.5 0.5 0.5 0.5 0.5 0.5 0.5 0.5 0.5 0.5 0.5 0.5 0.5 0.5 0.5 0.5 0.5 0.5 0.5 0.5 0.5 0.5 0.5 0.5 0.5 0.5 0.5 0.5 0.5 0.5 0.5 0.5 0.5 0.5 0.5 0.5 0.5 0.5 0.5 0.5 0.5 0.5 0.5 0.5 0.5 0.5 0.5 0.5 0.5 0.5 0.5 0.5 0.5 0.5 0.5 0.5 0.5 0.5 0.5 0.5 0.5 0.5 0.5 0.5 0.5 0.5 0.5 0.5 0.5 0.5 0.5 0.5 0.5 0.5 0.5 0.5 0.5 0.5 0.5 0.5 0.5 0.5 0.5 0.5 0.5 0.5 0.401312 0.5 0.401312 0.401312 0.310026 0.5 0.5 0.5 0.5 0.5 0.5 0.5 0.5 0.5 0.5 0.5 0.5 0.5 0.5 0.5 0.5 0.5 0.5 0.5 0.5 0.5 0.5 0.5 0.5 0.5 0.5 0.5 0.5 0.5 0.5 0.5 0.5 0.5 0.5 0.5 0.5 0.5 0.5 0.5 0.5 0.5 0.5 
0.5 0.5 0.5 0.5 0.5 0.5 0.5 0.5 0.5 0.5 0.5 0.5 0.5 0.5 0.5 0.5 0.5 0.5 0.5 0.5 0.5 0.5 0.5 0.5 0.5 0.5 0.5 0.5 0.5 0.5 0.5 0.5 0.5 0.5 0.5 0.5 0.5 0.5 0.5 0.5 0.5 0.5 0.5 0.5 0.5 0.5 0.5 0.5 0.5 0.5 0.5 0.5 0.5 0.5 0.5 0.5 0.5 0.5 0.5 0.5 0.5 0.5 0.5 0.5 0.5 0.5 0.5 0.5 0.5 0.5 0.5 0.5 0.5 0.5 0.5 0.5 0.5 0.5 0.5 0.5 0.5 0.5 0.5 0.5 0.5 0.5 0.5 0.5 0.5 0.5 0.5 0.5 0.5 0.5 0.5 0.5 0.5 0.5 0.5 0.5 0.5 0.5 0.5 0.5 0.5 0.5 0.5 0.5 0.5 0.5 0.5 0.5 0.5 0.5 0.5 0.5 0.5 0.5 0.5 0.5 0.5 0.5 0.5 0.5 0.5 0.5 0.5 0.5 0.5 0.5 0.5 0.5 0.5 0.5 0.5 0.5 0.5 0.5 0.5 0.5 0.5 0.5 0.5 0.5 0.5 0.5 0.5 0.5 0.5 0.5 0.5 0.5 0.5 0.5 0.5 0.5 0.5 0.5 0.5 0.5 0.5 0.5 0.5 0.5 0.5 0.5 0.5 0.5 0.5 0.5 0.5 0.5 0.5 0.5 0.5 0.5 0.5 0.5 0.5 0.5 0.5 0.5 0.5 0.5 0.5 0.5 0.5 0.5 0.5 0.5 0.5 0.5 0.5 0.5 0.5 0.5 0.5 0.5 0.5 0.5 0.5 0.5 0.5 0.5 0.5 0.5 0.5 0.5 0.5 0.5 0.5 0.5 0.5 0.5 0.5 0.5 0.5 0.5 0.5 0.5 0.5 0.5 0.5 0.5 0.5 0.5 0.5 0.5 0.5 0.5 0.5 0.5 0.5 0.5 0.5 0.5 0.5 0.5 0.5 0.5 0.5 0.5 0.5 0.5 0.5 0.5 0.5 0.5 0.5 0.5 0.5 0.5 0.5 0.5 0.401312 0.401312 0.401312 0.401312 0.401312 0.5 0.5 0.5 0.5 0.5 0.5 0.5 0.5 0.5 0.5 0.5 0.5 0.5 0.5 0.5 0.5 0.5 0.5 0.5 0.5 0.5 0.5 0.5 0.5 0.5 0.5 0.5 0.5 0.5 0.5 0.5 0.5 0.5 0.5 0.5 0.5 0.5 0.5 0.5 0.5 0.5 
0.5 0.5 0.5 0.5 0.5 0.5 0.5 0.5 0.5 0.5 0.5 0.5 0.5 0.5 0.5 0.5 0.5 0.5 0.5 0.5 0.5 0.5 0.5 0.5 0.5 0.5 0.5 0.5 0.5 0.5 0.5 0.5 0.5 0.5 0.5 0.5 0.5 0.5 0.5 0.5 0.5 0.5 0.5 0.5 0.5 0.5 0.5 0.5 0.5 0.5 0.5 0.5 0.5 0.5 0.5 0.5 0.5 0.5 0.5 0.5 0.5 0.5 0.5 0.5 0.5 0.5 0.5 0.5 0.5 0.5 0.5 0.5 0.5 0.5 0.5 0.5 0.5 0.5 0.5 0.5 0.5 0.5 0.5 0.5 0.5 0.5 0.5 0.5 0.5 0.5 0.5 0.5 0.5 0.5 0.5 0.5 0.5 0.5 0.5 0.5 0.5 0.5 0.5 0.5 0.5 0.5 0.5 0.5 0.5 0.5 0.5 0.5 0.5 0.5 0.5 0.5 0.5 0.5 0.5 0.5 0.5 0.5 0.5 0.5 0.5 0.5 0.5 0.5 0.5 0.5 0.5 0.5 0.5 0.5 0.5 0.5 0.5 0.5 0.5 0.5 0.5 0.5 0.5 0.5 0.5 0.5 0.5 0.5 0.5 0.5 0.5 0.5 0.5 0.5 0.5 0.5 0.5 0.5 0.5 0.5 0.5 0.5 0.5 0.5 0.5 0.5 0.5 0.5 0.5 0.5 0.5 0.5 0.5 0.5 0.5 0.5 0.5 0.5 0.5 0.5 0.5 0.5 0.5 0.5 0.5 0.5 0.5 0.5 0.5 0.5 0.5 0.5 0.5 0.5 0.5 0.5 0.5 0.5 0.5 0.5 0.5 0.5 0.5 0.5 0.5 0.5 0.5 0.5 0.5 0.5 0.5 0.5 0.5 0.5 0.5 0.5 0.5 0.5 0.5 0.5 0.5 0.5 0.5 0.5 0.5 0.5 0.5 0.5 0.5 0.5 0.5 0.5 0.5 0.5 0.5 0.5 0.5 0.5 0.5 0.5 0.5 0.5 0.5 0.5 0.5 0.5 0.5 0.5 0.5 0.5 0.5 0.5 0.5 0.5 0.5 0.401312 0.401312 0.401312 0.310026 0.5 0.5 0.5 0.5 0.5 0.5 0.5 0.5 0.5 0.5 0.5 0.5 0.5 0.5 0.5 0.5 0.5 0.5 0.5 0.5 0.5 0.5 0.5 0.5 0.5 0.5 0.5 0.5 0.5 0.5 0.5 0.5 0.5 0.5 0.5 0.5 0.5 0.5 0.5 0.5 0.5 
0.5 0.5 0.5 0.5 0.5 0.5 0.5 0.5 0.5 0.5 0.5 0.5 0.5 0.5 0.5 0.5 0.5 0.5 0.5 0.5 0.5 0.5 0.5 0.5 0.5 0.5 0.5 0.5 0.5 0.5 0.5 0.5 0.5 0.5 0.5 0.5 0.5 0.5 0.5 0.5 0.5 0.5 0.5 0.5 0.5 0.5 0.5 0.5 0.5 0.5 0.5 0.5 0.5 0.5 0.5 0.5 0.5 0.5 0.5 0.5 0.5 0.5 0.5 0.5 0.5 0.5 0.5 0.5 0.5 0.5 0.5 0.5 0.5 0.5 0.5 0.5 0.5 0.5 0.5 0.5 0.5 0.5 0.5 0.5 0.5 0.5 0.5 0.5 0.5 0.5 0.5 0.5 0.5 0.5 0.5 0.5 0.5 0.5 0.5 0.5 0.5 0.5 0.5 0.5 0.5 0.5 0.5 0.5 0.5 0.5 0.5 0.5 0.5 0.5 0.5 0.5 0.5 0.5 0.5 0.5 0.5 0.5 0.5 0.5 0.5 0.5 0.5 0.5 0.5 0.5 0.5 0.5 0.5 0.5 0.5 0.5 0.5 0.5 0.5 0.5 0.5 0.5 0.5 0.5 0.5 0.5 0.5 0.5 0.5 0.5 0.5 0.5 0.5 0.5 0.5 0.5 0.5 0.5 0.5 0.5 0.5 0.5 0.5 0.5 0.5 0.5 0.5 0.5 0.5 0.5 0.5 0.5 0.5 0.5 0.5 0.5 0.5 0.5 0.5 0.5 0.5 0.5 0.5 0.5 0.5 0.5 0.5 0.5 0.5 0.5 0.5 0.5 0.5 0.5 0.5 0.5 0.5 0.5 0.5 0.5 0.5 0.5 0.5 0.5 0.5 0.5 0.5 0.5 0.5 0.5 0.5 0.5 0.5 0.5 0.5 0.5 0.5 0.5 0.5 0.5 0.5 0.5 0.5 0.5 0.5 0.5 0.5 0.5 0.5 0.5 0.5 0.5 0.5 0.5 0.5 0.5 0.5 0.5 0.5 0.5 0.5 0.5 0.5 0.5 0.5 0.5 0.5 0.5 0.5 0.5 0.5 0.5 0.5 0.5 0.5 0.401312 0.401312 0.401312 0.310026 0.5 0.5 0.5 0.5 0.5 0.5 0.5 0.5 0.5 0.5 0.5 0.5 0.5 0.5 0.5 0.5 0.5 0.5 0.5 0.5 0.5 0.5 0.5 0.5 0.5 0.5 0.5 0.5 0.5 0.5 0.5 0.5 0.5 0.5 0.5 0.5 0.5 0.5 0.5 0.5 0.5 
0.5 0.5 0.5 0.5 0.5 0.5 0.5 0.5 0.5 0.5 0.5 0.5 0.5 0.5 0.5 0.5 0.5 0.5 0.5 0.5 0.5 0.5 0.5 0.5 0.5 0.5 0.5 0.5 0.5 0.5 0.5 0.5 0.5 0.5 0.5 0.5 0.5 0.5 0.5 0.5 0.5 0.5 0.5 0.5 0.5 0.5 0.5 0.5 0.5 0.5 0.5 0.5 0.5 0.5 0.5 0.5 0.5 0.5 0.5 0.5 0.5 0.5 0.5 0.5 0.5 0.5 0.5 0.5 0.5 0.5 0.5 0.5 0.5 0.5 0.5 0.5 0.5 0.5 0.5 0.5 0.5 0.5 0.5 0.5 0.5 0.5 0.5 0.5 0.5 0.5 0.5 0.5 0.5 0.5 0.5 0.5 0.5 0.5 0.5 0.5 0.5 0.5 0.5 0.5 0.5 0.5 0.5 0.5 0.5 0.5 0.5 0.5 0.5 0.5 0.5 0.5 0.5 0.5 0.5 0.5 0.5 0.5 0.5 0.5 0.5 0.5 0.5 0.5 0.5 0.5 0.5 0.5 0.5 0.5 0.5 0.5 0.5 0.5 0.5 0.5 0.5 0.5 0.5 0.5 0.5 0.5 0.5 0.5 0.5 0.5 0.5 0.5 0.5 0.5 0.5 0.5 0.5 0.5 0.5 0.5 0.5 0.5 0.5 0.5 0.5 0.5 0.5 0.5 0.5 0.5 0.5 0.5 0.5 0.5 0.5 0.5 0.5 0.5 0.5 0.5 0.5 0.5 0.5 0.5 0.5 0.5 0.5 0.5 0.5 0.5 0.5 0.5 0.5 0.5 0.5 0.5 0.5 0.5 0.5 0.5 0.5 0.5 0.5 0.5 0.5 0.5 0.5 0.5 0.5 0.5 0.5 0.5 0.5 0.5 0.5 0.5 0.5 0.5 0.5 0.5 0.5 0.5 0.5 0.5 0.5 0.5 0.5 0.5 0.5 0.5 0.5 0.5 0.5 0.5 0.5 0.5 0.5 0.5 0.5 0.5 0.5 0.5 0.5 0.5 0.5 0.5 0.5 0.5 0.5 0.5 0.5 0.5 0.5 0.5 0.5 0.5 0.401312 0.401312 0.401312 0.310026 0.5 0.5 0.5 0.5 0.5 0.5 0.5 0.5 0.5 0.5 0.5 0.5 0.5 0.5 0.5 0.5 0.5 0.5 0.5 0.5 0.5 0.5 0.5 0.5 0.5 0.5 0.5 0.5 0.5 0.5 0.5 0.5 0.5 0.5 0.5 0.5 0.5 0.5 0.5 0.5 
0.5 0.5 0.5 0.5 0.5 0.5 0.5 0.5 0.5 0.5 0.5 0.5 0.5 0.5 0.5 0.5 0.5 0.5 0.5 0.5 0.5 0.5 0.5 0.5 0.5 0.5 0.5 0.5 0.5 0.5 0.5 0.5 0.5 0.5 0.5 0.5 0.5 0.5 0.5 0.5 0.5 0.5 0.5 0.5 0.5 0.5 0.5 0.5 0.5 0.5 0.5 0.5 0.5 0.5 0.5 0.5 0.5 0.5 0.5 0.5 0.5 0.5 0.5 0.5 0.5 0.5 0.5 0.5 0.5 0.5 0.5 0.5 0.5 0.5 0.5 0.5 0.5 0.5 0.5 0.5 0.5 0.5 0.5 0.5 0.5 0.5 0.5 0.5 0.5 0.5 0.5 0.5 0.5 0.5 0.5 0.5 0.5 0.5 0.5 0.5 0.5 0.5 0.5 0.5 0.5 0.5 0.5 0.5 0.5 0.5 0.5 0.5 0.5 0.5 0.5 0.5 0.5 0.5 0.5 0.5 0.5 0.5 0.5 0.5 0.5 0.5 0.5 0.5 0.5 0.5 0.5 0.5 0.5 0.5 0.5 0.5 0.5 0.5 0.5 0.5 0.5 0.5 0.5 0.5 0.5 0.5 0.5 0.5 0.5 0.5 0.5 0.5 0.5 0.5 0.5 0.5 0.5 0.5 0.5 0.5 0.5 0.5 0.5 0.5 0.5 0.5 0.5 0.5 0.5 0.5 0.5 0.5 0.5 0.5 0.5 0.5 0.5 0.5 0.5 0.5 0.5 0.5 0.5 0.5 0.5 0.5 0.5 0.5 0.5 0.5 0.5 0.5 0.5 0.5 0.5 0.5 0.5 0.5 0.5 0.5 0.5 0.5 0.5 0.5 0.5 0.5 0.5 0.5 0.5 0.5 0.5 0.5 0.5 0.5 0.5 0.5 0.5 0.5 0.5 0.5 0.5 0.5 0.5 0.5 0.5 0.5 0.5 0.5 0.5 0.5 0.5 0.5 0.5 0.5 0.5 0.5 0.5 0.5 0.5 0.5 0.5 0.5 0.5 0.5 0.5 0.5 0.5 0.5 0.5 0.5 0.5 0.5 0.5 0.5 0.5 0.5 0.5 0.310026 0.401312 0.310026 0.5 0.5 0.5 0.5 0.5 0.5 0.5 0.5 0.5 0.5 0.5 0.5 0.5 0.5 0.5 0.5 0.5 0.5 0.5 0.5 0.5 0.5 0.5 0.5 0.5 0.5 0.5 0.5 0.5 0.5 0.5 0.5 0.5 0.5 0.5 0.5 0.5 0.5 0.5 0.5 
0.5 0.5 0.5 0.5 0.5 0.5 0.5 0.5 0.5 0.5 0.5 0.5 0.5 0.5 0.5 0.5 0.5 0.5 0.5 0.5 0.5 0.5 0.5 0.5 0.5 0.5 0.5 0.5 0.5 0.5 0.5 0.5 0.5 0.5 0.5 0.5 0.5 0.5 0.5 0.5 0.5 0.5 0.5 0.5 0.5 0.5 0.5 0.5 0.5 0.5 0.5 0.5 0.5 0.5 0.5 0.5 0.5 0.5 0.5 0.5 0.5 0.5 0.5 0.5 0.5 0.5 0.5 0.5 0.5 0.5 0.5 0.5 0.5 0.5 0.5 0.5 0.5 0.5 0.5 0.5 0.5 0.5 0.5 0.5 0.5 0.5 0.5 0.5 0.5 0.5 0.5 0.5 0.5 0.5 0.5 0.5 0.5 0.5 0.5 0.5 0.5 0.5 0.5 0.5 0.5 0.5 0.5 0.5 0.5 0.5 0.5 0.5 0.5 0.5 0.5 0.5 0.5 0.5 0.5 0.5 0.5 0.5 0.5 0.5 0.5 0.5 0.5 0.5 0.5 0.5 0.5 0.5 0.5 0.5 0.5 0.5 0.5 0.5 0.5 0.5 0.5 0.5 0.5 0.5 0.5 0.5 0.5 0.5 0.5 0.5 0.5 0.5 0.5 0.5 0.5 0.5 0.5 0.5 0.5 0.5 0.5 0.5 0.5 0.5 0.5 0.5 0.5 0.5 0.5 0.5 0.5 0.5 0.5 0.5 0.5 0.5 0.5 0.5 0.5 0.5 0.5 0.5 0.5 0.5 0.5 0.5 0.5 0.5 0.5 0.5 0.5 0.5 0.5 0.5 0.5 0.5 0.5 0.5 0.5 0.5 0.5 0.5 0.5 0.5 0.5 0.5 0.5 0.5 0.5 0.5 0.5 0.5 0.5 0.5 0.5 0.5 0.5 0.5 0.5 0.5 0.5 0.5 0.5 0.5 0.5 0.5 0.5 0.5 0.5 0.5 0.5 0.5 0.5 0.5 0.5 0.5 0.5 0.5 0.5 0.5 0.5 0.5 0.5 0.5 0.5 0.5 0.5 0.5 0.5 0.5 0.5 0.5 0.5 0.5 0.5 0.5 0.5 0.401312 0.401312 0.401312 0.310026 0.5 0.5 0.5 0.5 0.5 0.5 0.5 0.5 0.5 0.5 0.5 0.5 0.5 0.5 0.5 0.5 0.5 0.5 0.5 0.5 0.5 0.5 0.5 0.5 0.5 0.5 0.5 0.5 0.5 0.5 0.5 0.5 0.5 0.5 0.5 0.5 0.5 0.5 0.5 
0.5 0.5 0.5 0.5 0.5 0.5 0.5 0.5 0.5 0.5 0.5 0.5 0.5 0.5 0.5 0.5 0.5 0.5 0.5 0.5 0.5 0.5 0.5 0.5 0.5 0.5 0.5 0.5 0.5 0.5 0.5 0.5 0.5 0.5 0.5 0.5 0.5 0.5 0.5 0.5 0.5 0.5 0.5 0.5 0.5 0.5 0.5 0.5 0.5 0.5 0.5 0.5 0.5 0.5 0.5 0.5 0.5 0.5 0.5 0.5 0.5 0.5 0.5 0.5 0.5 0.5 0.5 0.5 0.5 0.5 0.5 0.5 0.5 0.5 0.5 0.5 0.5 0.5 0.5 0.5 0.5 0.5 0.5 0.5 0.5 0.5 0.5 0.5 0.5 0.5 0.5 0.5 0.5 0.5 0.5 0.5 0.5 0.5 0.5 0.5 0.5 0.5 0.5 0.5 0.5 0.5 0.5 0.5 0.5 0.5 0.5 0.5 0.5 0.5 0.5 0.5 0.5 0.5 0.5 0.5 0.5 0.5 0.5 0.5 0.5 0.5 0.5 0.5 0.5 0.5 0.5 0.5 0.5 0.5 0.5 0.5 0.5 0.5 0.5 0.5 0.5 0.5 0.5 0.5 0.5 0.5 0.5 0.5 0.5 0.5 0.5 0.5 0.5 0.5 0.5 0.5 0.5 0.5 0.5 0.5 0.5 0.5 0.5 0.5 0.5 0.5 0.5 0.5 0.5 0.5 0.5 0.5 0.5 0.5 0.5 0.5 0.5 0.5 0.5 0.5 0.5 0.5 0.5 0.5 0.5 0.5 0.5 0.5 0.5 0.5 0.5 0.5 0.5 0.5 0.5 0.5 0.5 0.5 0.5 0.5 0.5 0.5 0.5 0.5 0.5 0.5 0.5 0.5 0.5 0.5 0.5 0.5 0.5 0.5 0.5 0.5 0.5 0.5 0.5 0.5 0.5 0.5 0.5 0.5 0.5 0.5 0.5 0.5 0.5 0.5 0.5 0.5 0.5 0.5 0.5 0.5 0.5 0.5 0.5 0.5 0.5 0.5 0.5 0.5 0.5 0.5 0.5 0.5 0.5 0.5 0.5 0.5 0.5 0.5 0.5 0.5 0.5 0.5 0.310026 0.401312 0.310026 0.5 0.5 0.5 0.5 0.5 0.5 0.5 0.5 0.5 0.5 0.5 0.5 0.5 0.5 0.5 0.5 0.5 0.5 0.5 0.5 0.5 0.5 0.5 0.5 0.5 0.5 0.5 0.5 0.5 0.5 0.5 0.5 0.5 0.5 0.5 0.5 0.5 0.5 0.5 
0.5 0.5 0.5 0.5 0.5 0.5 0.5 0.5 0.5 0.5 0.5 0.5 0.5 0.5 0.5 0.5 0.5 0.5 0.5 0.5 0.5 0.5 0.5 0.5 0.5 0.5 0.5 0.5 0.5 0.5 0.5 0.5 0.5 0.5 0.5 0.5 0.5 0.5 0.5 0.5 0.5 0.5 0.5 0.5 0.5 0.5 0.5 0.5 0.5 0.5 0.5 0.5 0.5 0.5 0.5 0.5 0.5 0.5 0.5 0.5 0.5 0.5 0.5 0.5 0.5 0.5 0.5 0.5 0.5 0.5 0.5 0.5 0.5 0.5 0.5 0.5 0.5 0.5 0.5 0.5 0.5 0.5 0.5 0.5 0.5 0.5 0.5 0.5 0.5 0.5 0.5 0.5 0.5 0.5 0.5 0.5 0.5 0.5 0.5 0.5 0.5 0.5 0.5 0.5 0.5 0.5 0.5 0.5 0.5 0.5 0.5 0.5 0.5 0.5 0.5 0.5 0.5 0.5 0.5 0.5 0.5 0.5 0.5 0.5 0.5 0.5 0.5 0.5 0.5 0.5 0.5 0.5 0.5 0.5 0.5 0.5 0.5 0.5 0.5 0.5 0.5 0.5 0.5 0.5 0.5 0.5 0.5 0.5 0.5 0.5 0.5 0.5 0.5 0.5 0.5 0.5 0.5 0.5 0.5 0.5 0.5 0.5 0.5 0.5 0.5 0.5 0.5 0.5 0.5 0.5 0.5 0.5 0.5 0.5 0.5 0.5 0.5 0.5 0.5 0.5 0.5 0.5 0.5 0.5 0.5 0.5 0.5 0.5 0.5 0.5 0.5 0.5 0.5 0.5 0.5 0.5 0.5 0.5 0.5 0.5 0.5 0.5 0.5 0.5 0.5 0.5 0.5 0.5 0.5 0.5 0.5 0.5 0.5 0.5 0.5 0.5 0.5 0.5 0.5 0.5 0.5 0.5 0.5 0.5 0.5 0.5 0.5 0.5 0.5 0.5 0.5 0.5 0.5 0.5 0.5 0.5 0.5 0.5 0.5 0.5 0.5 0.5 0.5 0.5 0.5 0.5 0.5 0.5 0.5 0.5 0.5 0.5 0.5 0.5 0.5 0.5 0.5 0.5 0.5 0.310026 0.401312 0.310026 0.5 0.5 0.5 0.5 0.5 0.5 0.5 0.5 0.5 0.5 0.5 0.5 0.5 0.5 0.5 0.5 0.5 0.5 0.5 0.5 0.5 0.5 0.5 0.5 0.5 0.5 0.5 0.5 0.5 0.5 0.5 0.5 0.5 0.5 0.5 0.5 0.5 0.5 
0.5 0.5 0.5 0.5 0.5 0.5 0.5 0.5 0.5 0.5 0.5 0.5 0.5 0.5 0.5 0.5 0.5 0.5 0.5 0.5 0.5 0.5 0.5 0.5 0.5 0.5 0.5 0.5 0.5 0.5 0.5 0.5 0.5 0.5 0.5 0.5 0.5 0.5 0.5 0.5 0.5 0.5 0.5 0.5 0.5 0.5 0.5 0.5 0.5 0.5 0.5 0.5 0.5 0.5 0.5 0.5 0.5 0.5 0.5 0.5 0.5 0.5 0.5 0.5 0.5 0.5 0.5 0.5 0.5 0.5 0.5 0.5 0.5 0.5 0.5 0.5 0.5 0.5 0.5 0.5 0.5 0.5 0.5 0.5 0.5 0.5 0.5 0.5 0.5 0.5 0.5 0.5 0.5 0.5 0.5 0.5 0.5 0.5 0.5 0.5 0.5 0.5 0.5 0.5 0.5 0.5 0.5 0.5 0.5 0.5 0.5 0.5 0.5 0.5 0.5 0.5 0.5 0.5 0.5 0.5 0.5 0.5 0.5 0.5 0.5 0.5 0.5 0.5 0.5 0.5 0.5 0.5 0.5 0.5 0.5 0.5 0.5 0.5 0.5 0.5 0.5 0.5 0.5 0.5 0.5 0.5 0.5 0.5 0.5 0.5 0.5 0.5 0.5 0.5 0.5 0.5 0.5 0.5 0.5 0.5 0.5 0.5 0.5 0.5 0.5 0.5 0.5 0.5 0.5 0.5 0.5 0.5 0.5 0.5 0.5 0.5 0.5 0.5 0.5 0.5 0.5 0.5 0.5 0.5 0.5 0.5 0.5 0.5 0.5 0.5 0.5 0.5 0.5 0.5 0.5 0.5 0.5 0.5 0.5 0.5 0.5 0.5 0.5 0.5 0.5 0.5 0.5 0.5 0.5 0.5 0.5 0.5 0.5 0.5 0.5 0.5 0.5 0.5 0.5 0.5 0.5 0.5 0.5 0.5 0.5 0.5 0.5 0.5 0.5 0.5 0.5 0.5 0.5 0.5 0.5 0.5 0.5 0.5 0.5 0.5 0.5 0.5 0.5 0.5 0.5 0.5 0.5 0.5 0.5 0.5 0.5 0.5 0.5 0.5 0.5 0.5 0.5 0.5 0.5 0.880797 0.916827 0.880797 0.5 0.5 0.5 0.5 0.5 0.5 0.5 0.5 0.5 0.5 0.5 0.5 0.5 0.5 0.5 0.5 0.5 0.5 0.5 0.5 0.5 0.5 0.5 0.5 0.5 0.5 0.5 0.5 0.5 0.5 0.5 0.5 0.5 0.5 0.5 0.5 0.5 0.5 
0.5 0.5 0.5 0.5 0.5 0.5 0.5 0.5 0.5 0.5 0.5 0.5 0.5 0.5 0.5 0.5 0.5 0.5 0.5 0.5 0.5 0.5 0.5 0.5 0.5 0.5 0.5 0.5 0.5 0.5 0.5 0.5 0.5 0.5 0.5 0.5 0.5 0.5 0.5 0.5 0.5 0.5 0.5 0.5 0.5 0.5 0.5 0.5 0.5 0.5 0.5 0.5 0.5 0.5 0.5 0.5 0.5 0.5 0.5 0.5 0.5 0.5 0.5 0.5 0.5 0.5 0.5 0.5 0.5 0.5 0.5 0.5 0.5 0.5 0.5 0.5 0.5 0.5 0.5 0.5 0.5 0.5 0.5 0.5 0.5 0.5 0.5 0.5 0.5 0.5 0.5 0.5 0.5 0.5 0.5 0.5 0.5 0.5 0.5 0.5 0.5 0.5 0.5 0.5 0.5 0.5 0.5 0.5 0.5 0.5 0.5 0.5 0.5 0.5 0.5 0.5 0.5 0.5 0.5 0.5 0.5 0.5 0.5 0.5 0.5 0.5 0.5 0.5 0.5 0.5 0.5 0.5 0.5 0.5 0.5 0.5 0.5 0.5 0.5 0.5 0.5 0.5 0.5 0.5 0.5 0.5 0.5 0.5 0.5 0.5 0.5 0.5 0.5 0.5 0.5 0.5 0.5 0.5 0.5 0.5 0.5 0.5 0.5 0.5 0.5 0.5 0.5 0.5 0.5 0.5 0.5 0.5 0.5 0.5 0.5 0.5 0.5 0.5 0.5 0.5 0.5 0.5 0.5 0.5 0.5 0.5 0.5 0.5 0.5 0.5 0.5 0.5 0.5 0.5 0.5 0.5 0.5 0.5 0.5 0.5 0.5 0.5 0.5 0.5 0.5 0.5 0.5 0.5 0.5 0.5 0.5 0.5 0.5 0.5 0.5 0.5 0.5 0.5 0.5 0.5 0.5 0.5 0.5 0.5 0.5 0.5 0.5 0.5 0.5 0.5 0.5 0.5 0.5 0.5 0.5 0.5 0.5 0.5 0.5 0.5 0.5 0.5 0.5 0.5 0.5 0.5 0.5 0.5 0.5 0.5 0.5 0.5 0.5 0.5 0.5 0.5 0.5 0.5 0.5 0.5 0.401312 0.5 0.401312 0.5 0.5 0.5 0.5 0.5 0.5 0.5 0.5 0.5 0.5 0.5 0.5 0.5 0.5 0.5 0.5 0.5 0.5 0.5 0.5 0.5 0.5 0.5 0.5 0.5 0.5 0.5 0.5 0.5 0.5 0.5 0.5 0.5 0.5 0.5 0.5 0.5 
0.5 0.5 0.5 0.5 0.5 0.5 0.5 0.5 0.5 0.5 0.5 0.5 0.5 0.5 0.5 0.5 0.5 0.5 0.5 0.5 0.5 0.5 0.5 0.5 0.5 0.5 0.5 0.5 0.5 0.5 0.5 0.5 0.5 0.5 0.5 0.5 0.5 0.5 0.5 0.5 0.5 0.5 0.5 0.5 0.5 0.5 0.5 0.5 0.5 0.5 0.5 0.5 0.5 0.5 0.5 0.5 0.5 0.5 0.5 0.5 0.5 0.5 0.5 0.5 0.5 0.5 0.5 0.5 0.5 0.5 0.5 0.5 0.5 0.5 0.5 0.5 0.5 0.5 0.5 0.5 0.5 0.5 0.5 0.5 0.5 0.5 0.5 0.5 0.5 0.5 0.5 0.5 0.5 0.5 0.5 0.5 0.5 0.5 0.5 0.5 0.5 0.5 0.5 0.5 0.5 0.5 0.5 0.5 0.5 0.5 0.5 0.5 0.5 0.5 0.5 0.5 0.5 0.5 0.5 0.5 0.5 0.5 0.5 0.5 0.5 0.5 0.5 0.5 0.5 0.5 0.5 0.5 0.5 0.5 0.5 0.5 0.5 0.5 0.5 0.5 0.5 0.5 0.5 0.5 0.5 0.5 0.5 0.5 0.5 0.5 0.5 0.5 0.5 0.5 0.5 0.5 0.5 0.5 0.5 0.5 0.5 0.5 0.5 0.5 0.5 0.5 0.5 0.5 0.5 0.5 0.5 0.5 0.5 0.5 0.5 0.5 0.5 0.5 0.5 0.5 0.5 0.5 0.5 0.5 0.5 0.5 0.5 0.5 0.5 0.5 0.5 0.5 0.5 0.5 0.5 0.5 0.5 0.5 0.5 0.5 0.5 0.5 0.5 0.5 0.5 0.5 0.5 0.5 0.5 0.5 0.5 0.5 0.5 0.5 0.5 0.5 0.5 0.5 0.5 0.5 0.5 0.5 0.5 0.5 0.5 0.5 0.5 0.5 0.5 0.5 0.5 0.5 0.5 0.5 0.5 0.5 0.5 0.5 0.5 0.5 0.5 0.5 0.5 0.5 0.5 0.5 0.5 0.5 0.5 0.5 0.5 0.5 0.5 0.5 0.5 0.5 0.5 0.5 0.5 0.5 0.5 0.401312 0.916827 0.5 0.5 0.5 0.5 0.5 0.5 0.5 0.5 0.5 0.5 0.5 0.5 0.5 0.5 0.5 0.5 0.5 0.5 0.5 0.5 0.5 0.5 0.5 0.5 0.5 0.5 0.5 0.5 0.5 0.5 0.5 0.5 0.5 0.5 0.5 0.5 0.5 
0.5 0.5 0.5 0.5 0.5 0.5 0.5 0.5 0.5 0.5 0.5 0.5 0.5 0.5 0.5 0.5 0.5 0.5 0.5 0.5 0.5 0.5 0.5 0.5 0.5 0.5 0.5 0.5 0.5 0.5 0.5 0.5 0.5 0.5 0.5 0.5 0.5 0.5 0.5 0.5 0.5 0.5 0.5 0.5 0.5 0.5 0.5 0.5 0.5 0.5 0.5 0.5 0.5 0.5 0.5 0.5 0.5 0.5 0.5 0.5 0.5 0.5 0.5 0.5 0.5 0.5 0.5 0.5 0.5 0.5 0.5 0.5 0.5 0.5 0.5 0.5 0.5 0.5 0.5 0.5 0.5 0.5 0.5 0.5 0.5 0.5 0.5 0.5 0.5 0.5 0.5 0.5 0.5 0.5 0.5 0.5 0.5 0.5 0.5 0.5 0.5 0.5 0.5 0.5 0.5 0.5 0.5 0.5 0.5 0.5 0.5 0.5 0.5 0.5 0.5 0.5 0.5 0.5 0.5 0.5 0.5 0.5 0.5 0.5 0.5 0.5 0.5 0.5 0.5 0.5 0.5 0.5 0.5 0.5 0.5 0.5 0.5 0.5 0.5 0.5 0.5 0.5 0.5 0.5 0.5 0.5 0.5 0.5 0.5 0.5 0.5 0.5 0.5 0.5 0.5 0.5 0.5 0.5 0.5 0.5 0.5 0.5 0.5 0.5 0.5 0.5 0.5 0.5 0.5 0.5 0.5 0.5 0.5 0.5 0.5 0.5 0.5 0.5 0.5 0.5 0.5 0.5 0.5 0.5 0.5 0.5 0.5 0.5 0.5 0.5 0.5 0.5 0.5 0.5 0.5 0.5 0.5 0.5 0.5 0.5 0.5 0.5 0.5 0.5 0.5 0.5 0.5 0.5 0.5 0.5 0.5 0.5 0.5 0.5 0.5 0.5 0.5 0.5 0.5 0.5 0.5 0.5 0.5 0.5 0.5 0.5 0.5 0.5 0.5 0.5 0.5 0.5 0.5 0.5 0.5 0.5 0.5 0.5 0.5 0.5 0.5 0.5 0.5 0.5 0.5 0.5 0.5 0.5 0.5 0.5 0.5 0.5 0.5 0.5 0.5 0.5 0.5 0.5 0.5 0.5 0.5 0.401312 0.5 0.5 0.5 0.5 0.5 0.5 0.5 0.5 0.5 0.5 0.5 0.5 0.5 0.5 0.5 0.5 0.5 0.5 0.5 0.5 0.5 0.5 0.5 0.5 0.5 0.5 0.5 0.5 0.5 0.5 0.5 0.5 0.5 0.5 0.5 0.5 0.5 0.5 
0.5 0.5 0.5 0.5 0.5 0.5 0.5 0.5 0.5 0.5 0.5 0.5 0.5 0.5 0.5 0.5 0.5 0.5 0.5 0.5 0.5 0.5 0.5 0.5 0.5 0.5 0.5 0.5 0.5 0.5 0.5 0.5 0.5 0.5 0.5 0.5 0.5 0.5 0.5 0.5 0.5 0.5 0.5 0.5 0.5 0.5 0.5 0.5 0.5 0.5 0.5 0.5 0.5 0.5 0.5 0.5 0.5 0.5 0.5 0.5 0.5 0.5 0.5 0.5 0.5 0.5 0.5 0.5 0.5 0.5 0.5 0.5 0.5 0.5 0.5 0.5 0.5 0.5 0.5 0.5 0.5 0.5 0.5 0.5 0.5 0.5 0.5 0.5 0.5 0.5 0.5 0.5 0.5 0.5 0.5 0.5 0.5 0.5 0.5 0.5 0.5 0.5 0.5 0.5 0.5 0.5 0.5 0.5 0.5 0.5 0.5 0.5 0.5 0.5 0.5 0.5 0.5 0.5 0.5 0.5 0.5 0.5 0.5 0.5 0.5 0.5 0.5 0.5 0.5 0.5 0.5 0.5 0.5 0.5 0.5 0.5 0.5 0.5 0.5 0.5 0.5 0.5 0.5 0.5 0.5 0.5 0.5 0.5 0.5 0.5 0.5 0.5 0.5 0.5 0.5 0.5 0.5 0.5 0.5 0.5 0.5 0.5 0.5 0.5 0.5 0.5 0.5 0.5 0.5 0.5 0.5 0.5 0.5 0.5 0.5 0.5 0.5 0.5 0.5 0.5 0.5 0.5 0.5 0.5 0.5 0.5 0.5 0.5 0.5 0.5 0.5 0.5 0.5 0.5 0.5 0.5 0.5 0.5 0.5 0.5 0.5 0.5 0.5 0.5 0.5 0.5 0.5 0.5 0.5 0.5 0.5 0.5 0.5 0.5 0.5 0.5 0.5 0.5 0.5 0.5 0.5 0.5 0.5 0.5 0.5 0.5 0.5 0.5 0.5 0.5 0.5 0.5 0.5 0.5 0.5 0.5 0.5 0.5 0.5 0.5 0.5 0.5 0.5 0.5 0.5 0.5 0.5 0.5 0.5 0.5 0.5 0.5 0.5 0.5 0.5 0.5 0.5 0.5 0.5 0.5 0.5 0.5 0.401312 0.5 0.5 0.5 0.5 0.5 0.5 0.5 0.5 0.5 0.5 0.5 0.5 0.5 0.5 0.5 0.5 0.5 0.5 0.5 0.5 0.5 0.5 0.5 0.5 0.5 0.5 0.5 0.5 0.5 0.5 0.5 0.5 0.5 0.5 0.5 0.5 0.5 
0.5 0.5 0.5 0.5 0.5 0.5 0.5 0.5 0.5 0.5 0.5 0.5 0.5 0.5 0.5 0.5 0.5 0.5 0.5 0.5 0.5 0.5 0.5 0.5 0.5 0.5 0.5 0.5 0.5 0.5 0.5 0.5 0.5 0.5 0.5 0.5 0.5 0.5 0.5 0.5 0.5 0.5 0.5 0.5 0.5 0.5 0.5 0.5 0.5 0.5 0.5 0.5 0.5 0.5 0.5 0.5 0.5 0.5 0.5 0.5 0.5 0.5 0.5 0.5 0.5 0.5 0.5 0.5 0.5 0.5 0.5 0.5 0.5 0.5 0.5 0.5 0.5 0.5 0.5 0.5 0.5 0.5 0.5 0.5 0.5 0.5 0.5 0.5 0.5 0.5 0.5 0.5 0.5 0.5 0.5 0.5 0.5 0.5 0.5 0.5 0.5 0.5 0.5 0.5 0.5 0.5 0.5 0.5 0.5 0.5 0.5 0.5 0.5 0.5 0.5 0.5 0.5 0.5 0.5 0.5 0.5 0.5 0.5 0.5 0.5 0.5 0.5 0.5 0.5 0.5 0.5 0.5 0.5 0.5 0.5 0.5 0.5 0.5 0.5 0.5 0.5 0.5 0.5 0.5 0.5 0.5 0.5 0.5 0.5 0.5 0.5 0.5 0.5 0.5 0.5 0.5 0.5 0.5 0.5 0.5 0.5 0.5 0.5 0.5 0.5 0.5 0.5 0.5 0.5 0.5 0.5 0.5 0.5 0.5 0.5 0.5 0.5 0.5 0.5 0.5 0.5 0.5 0.5 0.5 0.5 0.5 0.5 0.5 0.5 0.5 0.5 0.5 0.5 0.5 0.5 0.5 0.5 0.5 0.5 0.5 0.5 0.5 0.5 0.5 0.5 0.5 0.5 0.5 0.5 0.5 0.5 0.5 0.5 0.5 0.5 0.5 0.5 0.5 0.5 0.5 0.5 0.5 0.5 0.5 0.5 0.5 0.5 0.5 0.5 0.5 0.5 0.5 0.5 0.5 0.5 0.5 0.5 0.5 0.5 0.5 0.5 0.5 0.5 0.5 0.5 0.5 0.5 0.5 0.5 0.5 0.5 0.5 0.5 0.5 0.5 0.5 0.5 0.5 0.5 0.5 0.5 0.5 0.5 0.401312 0.5 0.5 0.5 0.5 0.5 0.5 0.5 0.5 0.5 0.5 0.5 0.5 0.5 0.5 0.5 0.5 0.5 0.5 0.5 0.5 0.5 0.5 0.5 0.5 0.5 0.5 0.5 0.5 0.5 0.5 0.5 0.5 0.5 0.5 0.5 0.5 
0.5 0.5 0.5 0.5 0.5 0.5 0.5 0.5 0.5 0.5 0.5 0.5 0.5 0.5 0.5 0.5 0.5 0.5 0.5 0.5 0.5 0.5 0.5 0.5 0.5 0.5 0.5 0.5 0.5 0.5 0.5 0.5 0.5 0.5 0.5 0.5 0.5 0.5 0.5 0.5 0.5 0.5 0.5 0.5 0.5 0.5 0.5 0.5 0.5 0.5 0.5 0.5 0.5 0.5 0.5 0.5 0.5 0.5 0.5 0.5 0.5 0.5 0.5 0.5 0.5 0.5 0.5 0.5 0.5 0.5 0.5 0.5 0.5 0.5 0.5 0.5 0.5 0.5 0.5 0.5 0.5 0.5 0.5 0.5 0.5 0.5 0.5 0.5 0.5 0.5 0.5 0.5 0.5 0.5 0.5 0.5 0.5 0.5 0.5 0.5 0.5 0.5 0.5 0.5 0.5 0.5 0.5 0.5 0.5 0.5 0.5 0.5 0.5 0.5 0.5 0.5 0.5 0.5 0.5 0.5 0.5 0.5 0.5 0.5 0.5 0.5 0.5 0.5 0.5 0.5 0.5 0.5 0.5 0.5 0.5 0.5 0.5 0.5 0.5 0.5 0.5 0.5 0.5 0.5 0.5 0.5 0.5 0.5 0.5 0.5 0.5 0.5 0.5 0.5 0.5 0.5 0.5 0.5 0.5 0.5 0.5 0.5 0.5 0.5 0.5 0.5 0.5 0.5 0.5 0.5 0.5 0.5 0.5 0.5 0.5 0.5 0.5 0.5 0.5 0.5 0.5 0.5 0.5 0.5 0.5 0.5 0.5 0.5 0.5 0.5 0.5 0.5 0.5 0.5 0.5 0.5 0.5 0.5 0.5 0.5 0.5 0.5 0.5 0.5 0.5 0.5 0.5 0.5 0.5 0.5 0.5 0.5 0.5 0.5 0.5 0.5 0.5 0.5 0.5 0.5 0.5 0.5 0.5 0.5 0.5 0.5 0.5 0.5 0.5 0.5 0.5 0.5 0.5 0.5 0.5 0.5 0.5 0.5 0.5 0.5 0.5 0.5 0.5 0.5 0.5 0.5 0.5 0.5 0.5 0.5 0.5 0.5 0.5 0.5 0.5 0.5 0.5 0.5 0.5 0.5 0.5 0.5 0.5 0.401312 0.5 0.5 0.5 0.5 0.5 0.5 0.5 0.5 0.5 0.5 0.5 0.5 0.5 0.5 0.5 0.5 0.5 0.5 0.5 0.5 0.5 0.5 0.5 0.5 0.5 0.5 0.5 0.5 0.5 0.5 0.5 0.5 0.5 0.5 0.5 0.5 
0.5 0.5 0.5 0.5 0.5 0.5 0.5 0.5 0.5 0.5 0.5 0.5 0.5 0.5 0.5 0.5 0.5 0.5 0.5 0.5 0.5 0.5 0.5 0.5 0.5 0.5 0.5 0.5 0.5 0.5 0.5 0.5 0.5 0.5 0.5 0.5 0.5 0.5 0.5 0.5 0.5 0.5 0.5 0.5 0.5 0.5 0.5 0.5 0.5 0.5 0.5 0.5 0.5 0.5 0.5 0.5 0.5 0.5 0.5 0.5 0.5 0.5 0.5 0.5 0.5 0.5 0.5 0.5 0.5 0.5 0.5 0.5 0.5 0.5 0.5 0.5 0.5 0.5 0.5 0.5 0.5 0.5 0.5 0.5 0.5 0.5 0.5 0.5 0.5 0.5 0.5 0.5 0.5 0.5 0.5 0.5 0.5 0.5 0.5 0.5 0.5 0.5 0.5 0.5 0.5 0.5 0.5 0.5 0.5 0.5 0.5 0.5 0.5 0.5 0.5 0.5 0.5 0.5 0.5 0.5 0.5 0.5 0.5 0.5 0.5 0.5 0.5 0.5 0.5 0.5 0.5 0.5 0.5 0.5 0.5 0.5 0.5 0.5 0.5 0.5 0.5 0.5 0.5 0.5 0.5 0.5 0.5 0.5 0.5 0.5 0.5 0.5 0.5 0.5 0.5 0.5 0.5 0.5 0.5 0.5 0.5 0.5 0.5 0.5 0.5 0.5 0.5 0.5 0.5 0.5 0.5 0.5 0.5 0.5 0.5 0.5 0.5 0.5 0.5 0.5 0.5 0.5 0.5 0.5 0.5 0.5 0.5 0.5 0.5 0.5 0.5 0.5 0.5 0.5 0.5 0.5 0.5 0.5 0.5 0.5 0.5 0.5 0.5 0.5 0.5 0.5 0.5 0.5 0.5 0.5 0.5 0.5 0.5 0.5 0.5 0.5 0.5 0.5 0.5 0.5 0.5 0.5 0.5 0.5 0.5 0.5 0.5 0.5 0.5 0.5 0.5 0.5 0.5 0.5 0.5 0.5 0.5 0.5 0.5 0.5 0.5 0.5 0.5 0.5 0.5 0.5 0.5 0.5 0.5 0.5 0.5 0.5 0.5 0.5 0.5 0.5 0.5 0.5 0.5 0.5 0.5 0.5 0.5 0.5 0.916827 0.5 0.5 0.5 0.5 0.5 0.5 0.5 0.5 0.5 0.5 0.5 0.5 0.5 0.5 0.5 0.5 0.5 0.5 0.5 0.5 0.5 0.5 0.5 0.5 0.5 0.5 0.5 0.5 0.5 0.5 0.5 0.5 0.5 0.5 0.5 
0.5 0.5 0.5 0.5 0.5 0.5 0.5 0.5 0.5 0.5 0.5 0.5 0.5 0.5 0.5 0.5 0.5 0.5 0.5 0.5 0.5 0.5 0.5 0.5 0.5 0.5 0.5 0.5 0.5 0.5 0.5 0.5 0.5 0.5 0.5 0.5 0.5 0.5 0.5 0.5 0.5 0.5 0.5 0.5 0.5 0.5 0.5 0.5 0.5 0.5 0.5 0.5 0.5 0.5 0.5 0.5 0.5 0.5 0.5 0.5 0.5 0.5 0.5 0.5 0.5 0.5 0.5 0.5 0.5 0.5 0.5 0.5 0.5 0.5 0.5 0.5 0.5 0.5 0.5 0.5 0.5 0.5 0.5 0.5 0.5 0.5 0.5 0.5 0.5 0.5 0.5 0.5 0.5 0.5 0.5 0.5 0.5 0.5 0.5 0.5 0.5 0.5 0.5 0.5 0.5 0.5 0.5 0.5 0.5 0.5 0.5 0.5 0.5 0.5 0.5 0.5 0.5 0.5 0.5 0.5 0.5 0.5 0.5 0.5 0.5 0.5 0.5 0.5 0.5 0.5 0.5 0.5 0.5 0.5 0.5 0.5 0.5 0.5 0.5 0.5 0.5 0.5 0.5 0.5 0.5 0.5 0.5 0.5 0.5 0.5 0.5 0.5 0.5 0.5 0.5 0.5 0.5 0.5 0.5 0.5 0.5 0.5 0.5 0.5 0.5 0.5 0.5 0.5 0.5 0.5 0.5 0.5 0.5 0.5 0.5 0.5 0.5 0.5 0.5 0.5 0.5 0.5 0.5 0.5 0.5 0.5 0.5 0.5 0.5 0.5 0.5 0.5 0.5 0.5 0.5 0.5 0.5 0.5 0.5 0.5 0.5 0.5 0.5 0.5 0.5 0.5 0.5 0.5 0.5 0.5 0.5 0.5 0.5 0.5 0.5 0.5 0.5 0.5 0.5 0.5 0.5 0.5 0.5 0.5 0.5 0.5 0.5 0.5 0.5 0.5 0.5 0.5 0.5 0.5 0.5 0.5 0.5 0.5 0.5 0.5 0.5 0.5 0.5 0.5 0.5 0.5 0.5 0.5 0.5 0.5 0.5 0.5 0.5 0.5 0.5 0.5 0.5 0.5 0.5 0.5 0.5 0.5 0.5 0.5 0.5 0.5 0.5 0.5 0.5 0.5 0.5 0.5 0.5 0.5 0.5 0.5 0.5 0.5 0.5 0.5 0.5 0.5 0.5 0.5 0.5 0.5 0.5 0.5 0.5 0.5 0.5 0.5 0.5 0.5 0.5 0.5 0.5 0.5 0.5 0.5 
0.5 0.5 0.5 0.5 0.5 0.5 0.5 0.5 0.5 0.5 0.5 0.5 0.5 0.5 0.5 0.5 0.5 0.5 0.5 0.5 0.5 0.5 0.5 0.5 0.5 0.5 0.5 0.5 0.5 0.5 0.5 0.5 0.5 0.5 0.5 0.5 0.5 0.5 0.5 0.5 0.5 0.5 0.5 0.5 0.5 0.5 0.5 0.5 0.5 0.5 0.5 0.5 0.5 0.5 0.5 0.5 0.5 0.5 0.5 0.5 0.5 0.5 0.5 0.5 0.5 0.5 0.5 0.5 0.5 0.5 0.5 0.5 0.5 0.5 0.5 0.5 0.5 0.5 0.5 0.5 0.5 0.5 0.5 0.5 0.5 0.5 0.5 0.5 0.5 0.5 0.5 0.5 0.5 0.5 0.5 0.5 0.5 0.5 0.5 0.5 0.5 0.5 0.5 0.5 0.5 0.5 0.5 0.5 0.5 0.5 0.5 0.5 0.5 0.5 0.5 0.5 0.5 0.5 0.5 0.5 0.5 0.5 0.5 0.5 0.5 0.5 0.5 0.5 0.5 0.5 0.5 0.5 0.5 0.5 0.5 0.5 0.5 0.5 0.5 0.5 0.5 0.5 0.5 0.5 0.5 0.5 0.5 0.5 0.5 0.5 0.5 0.5 0.5 0.5 0.5 0.5 0.5 0.5 0.5 0.5 0.5 0.5 0.5 0.5 0.5 0.5 0.5 0.5 0.5 0.5 0.5 0.5 0.5 0.5 0.5 0.5 0.5 0.5 0.5 0.5 0.5 0.5 0.5 0.5 0.5 0.5 0.5 0.5 0.5 0.5 0.5 0.5 0.5 0.5 0.5 0.5 0.5 0.5 0.5 0.5 0.5 0.5 0.5 0.5 0.5 0.5 0.5 0.5 0.5 0.5 0.5 0.5 0.5 0.5 0.5 0.5 0.5 0.5 0.5 0.5 0.5 0.5 0.5 0.5 0.5 0.5 0.5 0.5 0.5 0.5 0.5 0.5 0.5 0.5 0.5 0.5 0.5 0.5 0.5 0.5 0.5 0.5 0.5 0.5 0.5 0.5 0.5 0.5 0.5 0.5 0.5 0.5 0.5 0.5 0.5 0.5 0.5 0.5 0.5 0.5 0.5 0.5 0.5 0.5 0.5 0.5 0.5 0.5 0.5 0.5 0.5 0.5 0.5 0.5 0.5 0.5 0.5 0.5 0.5 0.5 0.5 0.5 0.5 0.5 0.5 0.5 0.5 0.5 0.5 0.5 0.5 0.5 0.5 0.5 0.5 0.5 0.5 0.5 0.5 0.5 
0.5 0.5 0.5 0.5 0.5 0.5 0.5 0.5 0.5 0.5 0.5 0.5 0.5 0.5 0.5 0.5 0.5 0.5 0.5 0.5 0.5 0.5 0.5 0.5 0.5 0.5 0.5 0.5 0.5 0.5 0.5 0.5 0.5 0.5 0.5 0.5 0.5 0.5 0.5 0.5 0.5 0.5 0.5 0.5 0.5 0.5 0.5 0.5 0.5 0.5 0.5 0.5 0.5 0.5 0.5 0.5 0.5 0.5 0.5 0.5 0.5 0.5 0.5 0.5 0.5 0.5 0.5 0.5 0.5 0.5 0.5 0.5 0.5 0.5 0.5 0.5 0.5 0.5 0.5 0.5 0.5 0.5 0.5 0.5 0.5 0.5 0.5 0.5 0.5 0.5 0.5 0.5 0.5 0.5 0.5 0.5 0.5 0.5 0.5 0.5 0.5 0.5 0.5 0.5 0.5 0.5 0.5 0.5 0.5 0.5 0.5 0.5 0.5 0.5 0.5 0.5 0.5 0.5 0.5 0.5 0.5 0.5 0.5 0.5 0.5 0.5 0.5 0.5 0.5 0.5 0.5 0.5 0.5 0.5 0.5 0.5 0.5 0.5 0.5 0.5 0.5 0.5 0.5 0.5 0.5 0.5 0.5 0.5 0.5 0.5 0.5 0.5 0.5 0.5 0.5 0.5 0.5 0.5 0.5 0.5 0.5 0.5 0.5 0.5 0.5 0.5 0.5 0.5 0.5 0.5 0.5 0.5 0.5 0.5 0.5 0.5 0.5 0.5 0.5 0.5 0.5 0.5 0.5 0.5 0.5 0.5 0.5 0.5 0.5 0.5 0.5 0.5 0.5 0.5 0.5 0.5 0.5 0.5 0.5 0.5 0.5 0.5 0.5 0.5 0.5 0.5 0.5 0.5 0.5 0.5 0.5 0.5 0.5 0.5 0.5 0.5 0.5 0.5 0.5 0.5 0.5 0.5 0.5 0.5 0.5 0.5 0.5 0.5 0.5 0.5 0.5 0.5 0.5 0.5 0.5 0.5 0.5 0.5 0.5 0.5 0.5 0.5 0.5 0.5 0.5 0.5 0.5 0.5 0.5 0.5 0.5 0.5 0.5 0.5 0.5 0.5 0.5 0.5 0.5 0.5 0.5 0.5 0.5 0.5 0.5 0.5 0.5 0.5 0.5 0.5 0.5 0.5 0.5 0.5 0.5 0.5 0.5 0.5 0.5 0.5 0.5 0.5 0.5 0.5 0.5 0.5 0.5 0.5 0.5 0.5 0.5 0.5 0.5 0.5 0.5 0.5 0.5 0.5 0.5 0.5 
0.5 0.5 0.5 0.5 0.5 0.5 0.5 0.5 0.5 0.5 0.5 0.5 0.5 0.5 0.5 0.5 0.5 0.5 0.5 0.5 0.5 0.5 0.5 0.5 0.5 0.5 0.5 0.5 0.5 0.5 0.5 0.5 0.5 0.5 0.5 0.5 0.5 0.5 0.5 0.5 0.5 0.5 0.5 0.5 0.5 0.5 0.5 0.5 0.5 0.5 0.5 0.5 0.5 0.5 0.5 0.5 0.5 0.5 0.5 0.5 0.5 0.5 0.5 0.5 0.5 0.5 0.5 0.5 0.5 0.5 0.5 0.5 0.5 0.5 0.5 0.5 0.5 0.5 0.5 0.5 0.5 0.5 0.5 0.5 0.5 0.5 0.5 0.5 0.5 0.5 0.5 0.5 0.5 0.5 0.5 0.5 0.5 0.5 0.5 0.5 0.5 0.5 0.5 0.5 0.5 0.5 0.5 0.5 0.5 0.5 0.5 0.5 0.5 0.5 0.5 0.5 0.5 0.5 0.5 0.5 0.5 0.5 0.5 0.5 0.5 0.5 0.5 0.5 0.5 0.5 0.5 0.5 0.5 0.5 0.5 0.5 0.5 0.5 0.5 0.5 0.5 0.5 0.5 0.5 0.5 0.5 0.5 0.5 0.5 0.5 0.5 0.5 0.5 0.5 0.5 0.5 0.5 0.5 0.5 0.5 0.5 0.5 0.5 0.5 0.5 0.5 0.5 0.5 0.5 0.5 0.5 0.5 0.5 0.5 0.5 0.5 0.5 0.5 0.5 0.5 0.5 0.5 0.5 0.5 0.5 0.5 0.5 0.5 0.5 0.5 0.5 0.5 0.5 0.5 0.5 0.5 0.5 0.5 0.5 0.5 0.5 0.5 0.5 0.5 0.5 0.5 0.5 0.5 0.5 0.5 0.5 0.5 0.5 0.5 0.5 0.5 0.5 0.5 0.5 0.5 0.5 0.5 0.5 0.5 0.5 0.5 0.5 0.5 0.5 0.5 0.5 0.5 0.5 0.5 0.5 0.5 0.5 0.5 0.5 0.5 0.5 0.5 0.5 0.5 0.5 0.5 0.5 0.5 0.5 0.5 0.5 0.5 0.5 0.5 0.5 0.5 0.5 0.5 0.5 0.5 0.5 0.5 0.5 0.5 0.5 0.5 0.5 0.5 0.5 0.5 0.5 0.5 0.5 0.5 0.5 0.5 0.5 0.5 0.5 0.5 0.5 0.5 0.5 0.5 0.5 0.5 0.5 0.5 0.5 0.5 0.5 0.5 0.5 0.5 0.5 0.5 0.5 0.5 0.5 0.5 
0.5 0.5 0.5 0.5 0.5 0.5 0.5 0.5 0.5 0.5 0.5 0.5 0.5 0.5 0.5 0.5 0.5 0.5 0.5 0.5 0.5 0.5 0.5 0.5 0.5 0.5 0.5 0.5 0.5 0.5 0.5 0.5 0.5 0.5 0.5 0.5 0.5 0.5 0.5 0.5 0.5 0.5 0.5 0.5 0.5 0.5 0.5 0.5 0.5 0.5 0.5 0.5 0.5 0.5 0.5 0.5 0.5 0.5 0.5 0.5 0.5 0.5 0.5 0.5 0.5 0.5 0.5 0.5 0.5 0.5 0.5 0.5 0.5 0.5 0.5 0.5 0.5 0.5 0.5 0.5 0.5 0.5 0.5 0.5 0.5 0.5 0.5 0.5 0.5 0.5 0.5 0.5 0.5 0.5 0.5 0.5 0.5 0.5 0.5 0.5 0.5 0.5 0.5 0.5 0.5 0.5 0.5 0.5 0.5 0.5 0.5 0.5 0.5 0.5 0.5 0.5 0.5 0.5 0.5 0.5 0.5 0.5 0.5 0.5 0.5 0.5 0.5 0.5 0.5 0.5 0.5 0.5 0.5 0.5 0.5 0.5 0.5 0.5 0.5 0.5 0.5 0.5 0.5 0.5 0.5 0.5 0.5 0.5 0.5 0.5 0.5 0.5 0.5 0.5 0.5 0.5 0.5 0.5 0.5 0.5 0.5 0.5 0.5 0.5 0.5 0.5 0.5 0.5 0.5 0.5 0.5 0.5 0.5 0.5 0.5 0.5 0.5 0.5 0.5 0.5 0.5 0.5 0.5 0.5 0.5 0.5 0.5 0.5 0.5 0.5 0.5 0.5 0.5 0.5 0.5 0.5 0.5 0.5 0.5 0.5 0.5 0.5 0.5 0.5 0.5 0.5 0.5 0.5 0.5 0.5 0.5 0.5 0.5 0.5 0.5 0.5 0.5 0.5 0.5 0.5 0.5 0.5 0.5 0.5 0.5 0.5 0.5 0.5 0.5 0.5 0.5 0.5 0.5 0.5 0.5 0.5 0.5 0.5 0.5 0.5 0.5 0.5 0.5 0.5 0.5 0.5 0.5 0.5 0.5 0.5 0.5 0.5 0.5 0.5 0.5 0.5 0.5 0.5 0.5 0.5 0.5 0.5 0.5 0.5 0.5 0.5 0.5 0.5 0.5 0.5 0.5 0.5 0.5 0.5 0.5 0.5 0.5 0.5 0.5 0.5 0.5 0.5 0.5 0.5 0.5 0.5 0.5 0.5 0.5 0.5 0.5 0.5 0.5 0.5 0.5 0.5 0.5 0.5 0.5 0.5 
0.5 0.5 0.5 0.5 0.5 0.5 0.5 0.5 0.5 0.5 0.5 0.5 0.5 0.5 0.5 0.5 0.5 0.5 0.5 0.5 0.5 0.5 0.5 0.5 0.5 0.5 0.5 0.5 0.5 0.5 0.5 0.5 0.5 0.5 0.5 0.5 0.5 0.5 0.5 0.5 0.5 0.5 0.5 0.5 0.5 0.5 0.5 0.5 0.5 0.5 0.5 0.5 0.5 0.5 0.5 0.5 0.5 0.5 0.5 0.5 0.5 0.5 0.5 0.5 0.5 0.5 0.5 0.5 0.5 0.5 0.5 0.5 0.5 0.5 0.5 0.5 0.5 0.5 0.5 0.5 0.5 0.5 0.5 0.5 0.5 0.5 0.5 0.5 0.5 0.5 0.5 0.5 0.5 0.5 0.5 0.5 0.5 0.5 0.5 0.5 0.5 0.5 0.5 0.5 0.5 0.5 0.5 0.5 0.5 0.5 0.5 0.5 0.5 0.5 0.5 0.5 0.5 0.5 0.5 0.5 0.5 0.5 0.5 0.5 0.5 0.5 0.5 0.5 0.5 0.5 0.5 0.5 0.5 0.5 0.5 0.5 0.5 0.5 0.5 0.5 0.5 0.5 0.5 0.5 0.5 0.5 0.5 0.5 0.5 0.5 0.5 0.5 0.5 0.5 0.5 0.5 0.5 0.5 0.5 0.5 0.5 0.5 0.5 0.5 0.5 0.5 0.5 0.5 0.5 0.5 0.5 0.5 0.5 0.5 0.5 0.5 0.5 0.5 0.5 0.5 0.5 0.5 0.5 0.5 0.5 0.5 0.5 0.5 0.5 0.5 0.5 0.5 0.5 0.5 0.5 0.5 0.5 0.5 0.5 0.5 0.5 0.5 0.5 0.5 0.5 0.5 0.5 0.5 0.5 0.5 0.5 0.5 0.5 0.5 0.5 0.5 0.5 0.5 0.5 0.5 0.5 0.5 0.5 0.5 0.5 0.5 0.5 0.5 0.5 0.5 0.5 0.5 0.5 0.5 0.5 0.5 0.5 0.5 0.5 0.5 0.5 0.5 0.5 0.5 0.5 0.5 0.5 0.5 0.5 0.5 0.5 0.5 0.5 0.5 0.5 0.5 0.5 0.5 0.5 0.5 0.5 0.5 0.5 0.5 0.5 0.5 0.5 0.5 0.5 0.5 0.5 0.5 0.5 0.5 0.5 0.5 0.5 0.5 0.5 0.5 0.5 0.5 0.5 0.5 0.5 0.5 0.5 0.5 0.5 0.5 0.5 0.5 0.5 0.5 0.5 0.5 0.5 0.5 0.5 0.5 
0.5 0.5 0.5 0.5 0.5 0.5 0.5 0.5 0.5 0.5 0.5 0.5 0.5 0.5 0.5 0.5 0.5 0.5 0.5 0.5 0.5 0.5 0.5 0.5 0.5 0.5 0.5 0.5 0.5 0.5 0.5 0.5 0.5 0.5 0.5 0.5 0.5 0.5 0.5 0.5 0.5 0.5 0.5 0.5 0.5 0.5 0.5 0.5 0.5 0.5 0.5 0.5 0.5 0.5 0.5 0.5 0.5 0.5 0.5 0.5 0.5 0.5 0.5 0.5 0.5 0.5 0.5 0.5 0.5 0.5 0.5 0.5 0.5 0.5 0.5 0.5 0.5 0.5 0.5 0.5 0.5 0.5 0.5 0.5 0.5 0.5 0.5 0.5 0.5 0.5 0.5 0.5 0.5 0.5 0.5 0.5 0.5 0.5 0.5 0.5 0.5 0.5 0.5 0.5 0.5 0.5 0.5 0.5 0.5 0.5 0.5 0.5 0.5 0.5 0.5 0.5 0.5 0.5 0.5 0.5 0.5 0.5 0.5 0.5 0.5 0.5 0.5 0.5 0.5 0.5 0.5 0.5 0.5 0.5 0.5 0.5 0.5 0.5 0.5 0.5 0.5 0.5 0.5 0.5 0.5 0.5 0.5 0.5 0.5 0.5 0.5 0.5 0.5 0.5 0.5 0.5 0.5 0.5 0.5 0.5 0.5 0.5 0.5 0.5 0.5 0.5 0.5 0.5 0.5 0.5 0.5 0.5 0.5 0.5 0.5 0.5 0.5 0.5 0.5 0.5 0.5 0.5 0.5 0.5 0.5 0.5 0.5 0.5 0.5 0.5 0.5 0.5 0.5 0.5 0.5 0.5 0.5 0.5 0.5 0.5 0.5 0.5 0.5 0.5 0.5 0.5 0.5 0.5 0.5 0.5 0.5 0.5 0.5 0.5 0.5 0.5 0.5 0.5 0.5 0.5 0.5 0.5 0.5 0.5 0.5 0.5 0.5 0.5 0.5 0.5 0.5 0.5 0.5 0.5 0.5 0.5 0.5 0.5 0.5 0.5 0.5 0.5 0.5 0.5 0.5 0.5 0.5 0.5 0.5 0.5 0.5 0.5 0.5 0.5 0.5 0.5 0.5 0.5 0.5 0.5 0.5 0.5 0.5 0.5 0.5 0.5 0.5 0.5 0.5 0.5 0.5 0.5 0.5 0.5 0.5 0.5 0.5 0.5 0.5 0.5 0.5 0.5 0.5 0.5 0.5 0.5 0.5 0.5 0.5 0.5 0.5 0.5 0.5 0.5 0.5 0.5 0.5 0.5 0.5 0.5 
0.5 0.5 0.5 0.5 0.5 0.5 0.5 0.5 0.5 0.5 0.5 0.5 0.5 0.5 0.5 0.5 0.5 0.5 0.5 0.5 0.5 0.5 0.5 0.5 0.5 0.5 0.5 0.5 0.5 0.5 0.5 0.5 0.5 0.5 0.5 0.5 0.5 0.5 0.5 0.5 0.5 0.5 0.5 0.5 0.5 0.5 0.5 0.5 0.5 0.5 0.5 0.5 0.5 0.5 0.5 0.5 0.5 0.5 0.5 0.5 0.5 0.5 0.5 0.5 0.5 0.5 0.5 0.5 0.5 0.5 0.5 0.5 0.5 0.5 0.5 0.5 0.5 0.5 0.5 0.5 0.5 0.5 0.5 0.5 0.5 0.5 0.5 0.5 0.5 0.5 0.5 0.5 0.5 0.5 0.5 0.5 0.5 0.5 0.5 0.5 0.5 0.5 0.5 0.5 0.5 0.5 0.5 0.5 0.5 0.5 0.5 0.5 0.5 0.5 0.5 0.5 0.5 0.5 0.5 0.5 0.5 0.5 0.5 0.5 0.5 0.5 0.5 0.5 0.5 0.5 0.5 0.5 0.5 0.5 0.5 0.5 0.5 0.5 0.5 0.5 0.5 0.5 0.5 0.5 0.5 0.5 0.5 0.5 0.5 0.5 0.5 0.5 0.5 0.5 0.5 0.5 0.5 0.5 0.5 0.5 0.5 0.5 0.5 0.5 0.5 0.5 0.5 0.5 0.5 0.5 0.5 0.5 0.5 0.5 0.5 0.5 0.5 0.5 0.5 0.5 0.5 0.5 0.5 0.5 0.5 0.5 0.5 0.5 0.5 0.5 0.5 0.5 0.5 0.5 0.5 0.5 0.5 0.5 0.5 0.5 0.5 0.5 0.5 0.5 0.5 0.5 0.5 0.5 0.5 0.5 0.5 0.5 0.5 0.5 0.5 0.5 0.5 0.5 0.5 0.5 0.5 0.5 0.5 0.5 0.5 0.5 0.5 0.5 0.5 0.5 0.5 0.5 0.5 0.5 0.5 0.5 0.5 0.5 0.5 0.5 0.5 0.5 0.5 0.5 0.5 0.5 0.5 0.5 0.5 0.5 0.5 0.5 0.5 0.5 0.5 0.5 0.5 0.5 0.5 0.5 0.5 0.5 0.5 0.5 0.5 0.5 0.5 0.5 0.5 0.5 0.5 0.5 0.5 0.5 0.5 0.5 0.5 0.5 0.5 0.5 0.5 0.5 0.5 0.5 0.5 0.5 0.5 0.5 0.5 0.5 0.5 0.5 0.5 0.5 0.5 0.5 0.5 0.5 0.5 0.5 
0.5 0.5 0.5 0.5 0.5 0.5 0.5 0.5 0.5 0.5 0.5 0.5 0.5 0.5 0.5 0.5 0.5 0.5 0.5 0.5 0.5 0.5 0.5 0.5 0.5 0.5 0.5 0.5 0.5 0.5 0.5 0.5 0.5 0.5 0.5 0.5 0.5 0.5 0.5 0.5 0.5 0.5 0.5 0.5 0.5 0.5 0.5 0.5 0.5 0.5 0.5 0.5 0.5 0.5 0.5 0.5 0.5 0.5 0.5 0.5 0.5 0.5 0.5 0.5 0.5 0.5 0.5 0.5 0.5 0.5 0.5 0.5 0.5 0.5 0.5 0.5 0.5 0.5 0.5 0.5 0.5 0.5 0.5 0.5 0.5 0.5 0.5 0.5 0.5 0.5 0.5 0.5 0.5 0.5 0.5 0.5 0.5 0.5 0.5 0.5 0.5 0.5 0.5 0.5 0.5 0.5 0.5 0.5 0.5 0.5 0.5 0.5 0.5 0.5 0.5 0.5 0.5 0.5 0.5 0.5 0.5 0.5 0.5 0.5 0.5 0.5 0.5 0.5 0.5 0.5 0.5 0.5 0.5 0.5 0.5 0.5 0.5 0.5 0.5 0.5 0.5 0.5 0.5 0.5 0.5 0.5 0.5 0.5 0.5 0.5 0.5 0.5 0.5 0.5 0.5 0.5 0.5 0.5 0.5 0.5 0.5 0.5 0.5 0.5 0.5 0.5 0.5 0.5 0.5 0.5 0.5 0.5 0.5 0.5 0.5 0.5 0.5 0.5 0.5 0.5 0.5 0.5 0.5 0.5 0.5 0.5 0.5 0.5 0.5 0.5 0.5 0.5 0.5 0.5 0.5 0.5 0.5 0.5 0.5 0.5 0.5 0.5 0.5 0.5 0.5 0.5 0.5 0.5 0.5 0.5 0.5 0.5 0.5 0.5 0.5 0.5 0.5 0.5 0.5 0.5 0.5 0.5 0.5 0.5 0.5 0.5 0.5 0.5 0.5 0.5 0.5 0.5 0.5 0.5 0.5 0.5 0.5 0.5 0.5 0.5 0.5 0.5 0.5 0.5 0.5 0.5 0.5 0.5 0.5 0.5 0.5 0.5 0.5 0.5 0.5 0.5 0.5 0.5 0.5 0.5 0.5 0.5 0.5 0.5 0.5 0.5 0.5 0.5 0.5 0.5 0.5 0.5 0.5 0.5 0.5 0.5 0.5 0.5 0.5 0.5 0.5 0.5 0.5 0.5 0.5 0.5 0.5 0.5 0.5 0.5 0.5 0.5 0.5 0.5 0.5 0.5 0.5 0.5 0.5 0.5 
